{
  "trainer": "ippo",
  "scenario": "minimal_specialization",
  "seeds": [
    42,
    43,
    44,
    45
  ],
  "num_iterations": 50,
  "n_seeds_completed": 4,
  "n_seeds_failed": 0,
  "failed_seeds": [],
  "gap_closed_mean": 0.22801607065744012,
  "gap_closed_std": 0.21311223351757477,
  "gap_closed_per_seed": [
    0.47410315554432075,
    0.35280797101449274,
    0.17814909314964614,
    -0.09299593707869913
  ],
  "trailing5_team_mean": -74.1895263671875,
  "iter0_gap_closed_mean": 0.28748492532440173,
  "min_iter_gap_closed_mean": -0.06588126948517022,
  "mean_traj_gap_closed": [
    0.28748492532440173,
    0.18435875687247216,
    0.13108722312626386,
    0.28984651478766427,
    0.13225978932317994,
    0.19282386196073473,
    0.1802403752475143,
    0.2413043313690175,
    0.09642863490583921,
    0.2077010527258173,
    0.21611678660578865,
    0.15186221614846643,
    0.20549991968950115,
    0.14532670245091842,
    0.15177581653395683,
    0.24207781363224634,
    0.15877212817555608,
    0.11798328159230702,
    0.16405484746271484,
    0.27591560551482974,
    0.13204379028690594,
    0.21939791482347487,
    0.23454253296680144,
    0.17301572176756821,
    0.21651792767315467,
    0.1788970669552578,
    0.26793186970740646,
    0.19312214634416075,
    0.17101413069809568,
    0.28052769922269966,
    0.24849195644274516,
    0.24388809126959046,
    0.24076536234517185,
    0.35247594963873435,
    0.33201569806938824,
    0.2749466955521149,
    0.2595778498377991,
    0.1816783116889956,
    0.2623467517694641,
    0.15533465779828107,
    0.1743220016536063,
    0.3032302265019379,
    0.2290047291034715,
    0.09301379299903098,
    0.17068087504213006,
    0.2890894895938658,
    0.2563831212346225,
    0.2310289486434108,
    0.2583723695020222,
    0.10520642431327938
  ],
  "verdict_tier": "partial_lower",
  "verdict_reason": "0.2 <= gap_closed_mean < 0.49",
  "command_invoked": "/home/sphere/GitHub/bucket-brigade/.venv/bin/python3 -m experiments.p3_specialization.train --scenario minimal_specialization --algorithm ppo --lambda-red 0.0 --seed 42 --output-dir experiments/p3_specialization/phase_diagram_ppo_v2/cell_b0.90_k0.90_c0.50/seed_42 --num-iterations 50 --rollout-steps 2048 --prob-fire-spreads-to-neighbor 0.9 --prob-solo-agent-extinguishes-fire 0.9 --cost-to-work-one-night 0.5 && /home/sphere/GitHub/bucket-brigade/.venv/bin/python3 -m experiments.p3_specialization.train --scenario minimal_specialization --algorithm ppo --lambda-red 0.0 --seed 43 --output-dir experiments/p3_specialization/phase_diagram_ppo_v2/cell_b0.90_k0.90_c0.50/seed_43 --num-iterations 50 --rollout-steps 2048 --prob-fire-spreads-to-neighbor 0.9 --prob-solo-agent-extinguishes-fire 0.9 --cost-to-work-one-night 0.5 && /home/sphere/GitHub/bucket-brigade/.venv/bin/python3 -m experiments.p3_specialization.train --scenario minimal_specialization --algorithm ppo --lambda-red 0.0 --seed 44 --output-dir experiments/p3_specialization/phase_diagram_ppo_v2/cell_b0.90_k0.90_c0.50/seed_44 --num-iterations 50 --rollout-steps 2048 --prob-fire-spreads-to-neighbor 0.9 --prob-solo-agent-extinguishes-fire 0.9 --cost-to-work-one-night 0.5 && /home/sphere/GitHub/bucket-brigade/.venv/bin/python3 -m experiments.p3_specialization.train --scenario minimal_specialization --algorithm ppo --lambda-red 0.0 --seed 45 --output-dir experiments/p3_specialization/phase_diagram_ppo_v2/cell_b0.90_k0.90_c0.50/seed_45 --num-iterations 50 --rollout-steps 2048 --prob-fire-spreads-to-neighbor 0.9 --prob-solo-agent-extinguishes-fire 0.9 --cost-to-work-one-night 0.5",
  "git_sha": "0a9448d7",
  "wall_clock_seconds": 473.2787432380137,
  "cell": {
    "beta": 0.9,
    "kappa": 0.9,
    "c": 0.5,
    "tag": "b0.90_k0.90_c0.50",
    "ne_verdict": "asymmetric_only",
    "ne_verdict_detail": "All 14 converged restarts produced asymmetric profiles; best asymmetric team payoff = 72.01."
  },
  "rollout_steps": 2048,
  "sweep": "phase_diagram_ppo",
  "gap_closed_homogeneous_mean": 0.0310105276950149,
  "gap_closed_homogeneous_per_seed": [
    0.1642944702056202,
    0.09859943217012866,
    0.004001928822864982,
    -0.14285372041855426
  ],
  "gap_closed_ne_mean": 0.05093518159979342,
  "gap_closed_ne_per_seed": [
    0.26985573280361735,
    0.16195080691997896,
    0.006573218403337379,
    -0.23463903172776002
  ],
  "baseline_source": "per_cell"
}