{
  "schema_version": 3,
  "trainer": "ippo",
  "scenario": "rest_trap",
  "seeds": [
    42,
    43,
    44,
    45,
    46,
    47,
    48,
    49,
    50,
    51,
    52,
    53,
    54,
    55,
    56,
    57,
    58,
    59,
    60,
    61
  ],
  "num_iterations": 200,
  "n_seeds_completed": 20,
  "n_seeds_failed": 0,
  "failed_seeds": [],
  "gap_closed_mean": null,
  "gap_closed_std": null,
  "gap_closed_per_seed": null,
  "gap_source": "degenerate_reference",
  "scenario_random_baseline": 302.87,
  "scenario_reference": {
    "value": null,
    "kind": null,
    "reason": "social_trap_ne_below_random",
    "provenance": "Frozen NE (rest_trap-v1.json, 3xfree_rider + 1xfirefighter) has team_payoff = 2984.04 PER EPISODE (<= 248.7/step at >= 12 nights), below the 302.87/step random baseline: rest_trap's equilibrium is team-suboptimal by construction (social trap). The gap fraction ladder is not applicable; degenerate rows are classified by the four-way trap-escape verdict (#436) against ne_per_step_bound / random (via its measured 95% upper bound random_ci95_hi) / scripted_best, with uplift_over_random as the quantitative headline."
  },
  "uplift_over_random_mean": 3.257937622070307,
  "uplift_over_random_std": 10.243782381050547,
  "uplift_over_random_per_seed": [
    1.387495117187484,
    4.226850585937484,
    0.7159130859374727,
    4.372681884765598,
    14.820423583984393,
    -16.569804687499982,
    -6.8854418945312545,
    -5.466704101562527,
    -0.5756884765625045,
    16.931525878906257,
    -0.3490405273437318,
    13.936604003906268,
    1.5796826171874727,
    -5.897941894531243,
    15.816895751953098,
    0.1961865234375182,
    11.051728515624973,
    -10.849699707031277,
    0.4269482421875068,
    26.290137939453132
  ],
  "trap_verdict": "at_random",
  "trap_verdict_reason": "trailing-5 mean 306.13/step, seed-bootstrap 95% CI [301.77, 310.68]: CI lower bound does not clear the random anchor's measured 95% upper bound 304.31 (point 302.87) but clears the NE per-step bound 248.67",
  "trap_anchors": {
    "ne_per_step_bound": 248.6703078397115,
    "random": 302.87,
    "random_ci95_hi": 304.3071270072002,
    "scripted_best_anchor": 387.0264070404707,
    "scripted_best_value": 386.60293309775534,
    "scripted_best_kind": "scripted_battery:specialist"
  },
  "trailing5_team_ci95": [
    301.7749334716797,
    310.678450012207
  ],
  "gap_closed_minspec_legacy_mean": 6.637140842973885,
  "trailing5_team_mean": 306.1279376220703,
  "iter0_gap_closed_mean": null,
  "min_iter_gap_closed_mean": null,
  "mean_traj_gap_closed": null,
  "verdict_tier": "not_scored_degenerate_reference",
  "verdict_reason": "reference pair degenerate (social_trap_ne_below_random): fraction ladder not applicable; uplift_over_random = +3.258/step vs random = 302.87/step; trap_verdict = at_random (trailing-5 mean 306.13/step, seed-bootstrap 95% CI [301.77, 310.68]: CI lower bound does not clear the random anchor's measured 95% upper bound 304.31 (point 302.87) but clears the NE per-step bound 248.67)",
  "command_invoked": "/home/sphere/GitHub/bucket-brigade/.venv/bin/python3 -m experiments.p3_specialization.train --scenario rest_trap --lambda-red 0.0 --seed 42 --output-dir experiments/p3_specialization/tier1_runs_trap_escape/4x/ippo_rest_trap/seed_42 --num-iterations 200 --rollout-steps 2048 --algorithm ppo && /home/sphere/GitHub/bucket-brigade/.venv/bin/python3 -m experiments.p3_specialization.train --scenario rest_trap --lambda-red 0.0 --seed 43 --output-dir experiments/p3_specialization/tier1_runs_trap_escape/4x/ippo_rest_trap/seed_43 --num-iterations 200 --rollout-steps 2048 --algorithm ppo && /home/sphere/GitHub/bucket-brigade/.venv/bin/python3 -m experiments.p3_specialization.train --scenario rest_trap --lambda-red 0.0 --seed 44 --output-dir experiments/p3_specialization/tier1_runs_trap_escape/4x/ippo_rest_trap/seed_44 --num-iterations 200 --rollout-steps 2048 --algorithm ppo && /home/sphere/GitHub/bucket-brigade/.venv/bin/python3 -m experiments.p3_specialization.train --scenario rest_trap --lambda-red 0.0 --seed 45 --output-dir experiments/p3_specialization/tier1_runs_trap_escape/4x/ippo_rest_trap/seed_45 --num-iterations 200 --rollout-steps 2048 --algorithm ppo && /home/sphere/GitHub/bucket-brigade/.venv/bin/python3 -m experiments.p3_specialization.train --scenario rest_trap --lambda-red 0.0 --seed 46 --output-dir experiments/p3_specialization/tier1_runs_trap_escape/4x/ippo_rest_trap/seed_46 --num-iterations 200 --rollout-steps 2048 --algorithm ppo && /home/sphere/GitHub/bucket-brigade/.venv/bin/python3 -m experiments.p3_specialization.train --scenario rest_trap --lambda-red 0.0 --seed 47 --output-dir experiments/p3_specialization/tier1_runs_trap_escape/4x/ippo_rest_trap/seed_47 --num-iterations 200 --rollout-steps 2048 --algorithm ppo && /home/sphere/GitHub/bucket-brigade/.venv/bin/python3 -m experiments.p3_specialization.train --scenario rest_trap --lambda-red 0.0 --seed 48 --output-dir experiments/p3_specialization/tier1_runs_trap_escape/4x/ippo_rest_trap/seed_48 --num-iterations 200 --rollout-steps 2048 --algorithm ppo && /home/sphere/GitHub/bucket-brigade/.venv/bin/python3 -m experiments.p3_specialization.train --scenario rest_trap --lambda-red 0.0 --seed 49 --output-dir experiments/p3_specialization/tier1_runs_trap_escape/4x/ippo_rest_trap/seed_49 --num-iterations 200 --rollout-steps 2048 --algorithm ppo && /home/sphere/GitHub/bucket-brigade/.venv/bin/python3 -m experiments.p3_specialization.train --scenario rest_trap --lambda-red 0.0 --seed 50 --output-dir experiments/p3_specialization/tier1_runs_trap_escape/4x/ippo_rest_trap/seed_50 --num-iterations 200 --rollout-steps 2048 --algorithm ppo && /home/sphere/GitHub/bucket-brigade/.venv/bin/python3 -m experiments.p3_specialization.train --scenario rest_trap --lambda-red 0.0 --seed 51 --output-dir experiments/p3_specialization/tier1_runs_trap_escape/4x/ippo_rest_trap/seed_51 --num-iterations 200 --rollout-steps 2048 --algorithm ppo && /home/sphere/GitHub/bucket-brigade/.venv/bin/python3 -m experiments.p3_specialization.train --scenario rest_trap --lambda-red 0.0 --seed 52 --output-dir experiments/p3_specialization/tier1_runs_trap_escape/4x/ippo_rest_trap/seed_52 --num-iterations 200 --rollout-steps 2048 --algorithm ppo && /home/sphere/GitHub/bucket-brigade/.venv/bin/python3 -m experiments.p3_specialization.train --scenario rest_trap --lambda-red 0.0 --seed 53 --output-dir experiments/p3_specialization/tier1_runs_trap_escape/4x/ippo_rest_trap/seed_53 --num-iterations 200 --rollout-steps 2048 --algorithm ppo && /home/sphere/GitHub/bucket-brigade/.venv/bin/python3 -m experiments.p3_specialization.train --scenario rest_trap --lambda-red 0.0 --seed 54 --output-dir experiments/p3_specialization/tier1_runs_trap_escape/4x/ippo_rest_trap/seed_54 --num-iterations 200 --rollout-steps 2048 --algorithm ppo && /home/sphere/GitHub/bucket-brigade/.venv/bin/python3 -m experiments.p3_specialization.train --scenario rest_trap --lambda-red 0.0 --seed 55 --output-dir experiments/p3_specialization/tier1_runs_trap_escape/4x/ippo_rest_trap/seed_55 --num-iterations 200 --rollout-steps 2048 --algorithm ppo && /home/sphere/GitHub/bucket-brigade/.venv/bin/python3 -m experiments.p3_specialization.train --scenario rest_trap --lambda-red 0.0 --seed 56 --output-dir experiments/p3_specialization/tier1_runs_trap_escape/4x/ippo_rest_trap/seed_56 --num-iterations 200 --rollout-steps 2048 --algorithm ppo && /home/sphere/GitHub/bucket-brigade/.venv/bin/python3 -m experiments.p3_specialization.train --scenario rest_trap --lambda-red 0.0 --seed 57 --output-dir experiments/p3_specialization/tier1_runs_trap_escape/4x/ippo_rest_trap/seed_57 --num-iterations 200 --rollout-steps 2048 --algorithm ppo && /home/sphere/GitHub/bucket-brigade/.venv/bin/python3 -m experiments.p3_specialization.train --scenario rest_trap --lambda-red 0.0 --seed 58 --output-dir experiments/p3_specialization/tier1_runs_trap_escape/4x/ippo_rest_trap/seed_58 