{
  "trainer": "ippo",
  "scenario": "minimal_specialization",
  "seeds": [
    42,
    43,
    44,
    45
  ],
  "num_iterations": 50,
  "n_seeds_completed": 4,
  "n_seeds_failed": 0,
  "failed_seeds": [],
  "gap_closed_mean": -0.043149530907693,
  "gap_closed_std": 0.08701794389975141,
  "gap_closed_per_seed": [
    0.016295461008594424,
    0.032733604809150635,
    -0.03387309229651169,
    -0.1877540971520054
  ],
  "trailing5_team_mean": -90.2804931640625,
  "iter0_gap_closed_mean": -0.009537406589673933,
  "min_iter_gap_closed_mean": -0.31128908883131107,
  "mean_traj_gap_closed": [
    -0.009537406589673931,
    -0.02678544391957366,
    -0.10622371806011967,
    0.0642406642336535,
    -0.055313773777173926,
    -0.10881262079488963,
    -0.053549781647602816,
    0.03587279080299964,
    -0.12725585279217225,
    -0.016705488893453,
    -0.1404842509136965,
    -0.15161334411600524,
    0.012134496716485487,
    -0.0915296121924503,
    -0.08661614840063618,
    -0.005622681198917275,
    -0.0487597458765167,
    -0.09352194616036823,
    -0.1510928892952688,
    -0.04077292436857518,
    -0.08006006336630014,
    -0.06634721026341846,
    -0.006371477858000524,
    -0.08475444242132206,
    -0.051616075989530684,
    -0.09111201405565388,
    -0.013908815657124218,
    -0.0808510312657988,
    -0.13933328462040784,
    -0.08752540148666584,
    -0.002062811367753642,
    0.015911394150762533,
    0.005308927170226641,
    -0.07646316512891811,
    0.028706765632899374,
    0.018242126608843088,
    -0.16881509593813196,
    0.05408048099405963,
    -0.14880638521128245,
    -0.07570511136828026,
    -0.24098140252411948,
    -0.055755028951276556,
    -0.09593907823295839,
    -0.10041848681854568,
    -0.10687788656997811,
    -0.004679485407187414,
    -0.06327488111413045,
    -0.040548696797585965,
    -0.10918599055759186,
    0.00194139933803082
  ],
  "verdict_tier": "insufficient",
  "verdict_reason": "gap_closed_mean = -0.043 < 0.2",
  "command_invoked": "/home/sphere/GitHub/bucket-brigade/.venv/bin/python3 -m experiments.p3_specialization.train --scenario minimal_specialization --algorithm ppo --lambda-red 0.0 --seed 42 --output-dir experiments/p3_specialization/phase_diagram_ppo_v2/cell_b0.50_k0.50_c2.00/seed_42 --num-iterations 50 --rollout-steps 2048 --prob-fire-spreads-to-neighbor 0.5 --prob-solo-agent-extinguishes-fire 0.5 --cost-to-work-one-night 2.0 && /home/sphere/GitHub/bucket-brigade/.venv/bin/python3 -m experiments.p3_specialization.train --scenario minimal_specialization --algorithm ppo --lambda-red 0.0 --seed 43 --output-dir experiments/p3_specialization/phase_diagram_ppo_v2/cell_b0.50_k0.50_c2.00/seed_43 --num-iterations 50 --rollout-steps 2048 --prob-fire-spreads-to-neighbor 0.5 --prob-solo-agent-extinguishes-fire 0.5 --cost-to-work-one-night 2.0 && /home/sphere/GitHub/bucket-brigade/.venv/bin/python3 -m experiments.p3_specialization.train --scenario minimal_specialization --algorithm ppo --lambda-red 0.0 --seed 44 --output-dir experiments/p3_specialization/phase_diagram_ppo_v2/cell_b0.50_k0.50_c2.00/seed_44 --num-iterations 50 --rollout-steps 2048 --prob-fire-spreads-to-neighbor 0.5 --prob-solo-agent-extinguishes-fire 0.5 --cost-to-work-one-night 2.0 && /home/sphere/GitHub/bucket-brigade/.venv/bin/python3 -m experiments.p3_specialization.train --scenario minimal_specialization --algorithm ppo --lambda-red 0.0 --seed 45 --output-dir experiments/p3_specialization/phase_diagram_ppo_v2/cell_b0.50_k0.50_c2.00/seed_45 --num-iterations 50 --rollout-steps 2048 --prob-fire-spreads-to-neighbor 0.5 --prob-solo-agent-extinguishes-fire 0.5 --cost-to-work-one-night 2.0",
  "git_sha": "0a9448d7",
  "wall_clock_seconds": 473.90065835701535,
  "cell": {
    "beta": 0.5,
    "kappa": 0.5,
    "c": 2.0,
    "tag": "b0.50_k0.50_c2.00",
    "ne_verdict": "mixed",
    "ne_verdict_detail": "Symmetric NE (-858.35) and asymmetric NE (-848.53) both converge within epsilon=50.0 (|gap|=9.83)."
  },
  "rollout_steps": 2048,
  "sweep": "phase_diagram_ppo",
  "gap_closed_homogeneous_mean": 0.010403536290781914,
  "gap_closed_homogeneous_per_seed": [
    0.06706133246120258,
    0.08272874145309103,
    0.019245030772939053,
    -0.127420959524105
  ],
  "gap_closed_ne_mean": 0.026068453473110237,
  "gap_closed_ne_per_seed": [
    0.16803759570278254,
    0.20729589316372565,
    0.04822285185254354,
    -0.3192825268266108
  ],
  "baseline_source": "per_cell"
}