{
  "scenario": "mixed_motivation",
  "fitness": 70.0,
  "generation": 2500,
  "genome": [
    0.9448526501655579,
    0.02609303407371044,
    0.8504987359046936,
    0.4473256766796112,
    0.2978435158729553,
    0.5881942510604858,
    0.20141546428203583,
    0.5219130516052246,
    1.0,
    0.21381261944770813
  ],
  "parameters": {
    "honesty": 0.9448526501655579,
    "work_tendency": 0.02609303407371044,
    "neighbor_help": 0.8504987359046936,
    "own_priority": 0.4473256766796112,
    "risk_aversion": 0.2978435158729553,
    "coordination": 0.5881942510604858,
    "exploration": 0.20141546428203583,
    "fatigue_memory": 0.5219130516052246,
    "rest_bias": 1.0,
    "altruism": 0.21381261944770813
  }
}
