{
  "schema_version": 2,
  "trainer": "ippo",
  "scenario": "minimal_specialization",
  "seeds": [
    42,
    43,
    44
  ],
  "num_iterations": 50,
  "n_seeds_completed": 3,
  "n_seeds_failed": 0,
  "failed_seeds": [],
  "gap_closed_mean": 0.12479746833220985,
  "gap_closed_std": 0.08193034117463785,
  "gap_closed_per_seed": [
    0.2166158472362655,
    0.14009212009184363,
    0.01768443766852042
  ],
  "gap_source": "scenario",
  "scenario_random_baseline": -87.72,
  "scenario_reference": {
    "value": -28.38,
    "kind": "specialist_homogeneous",
    "reason": null,
    "provenance": "MINSPEC_RANDOM (issue #237 / PR #244, n=1000x5 seeds) and MINSPEC_SPECIALIST (issue #416 re-derivation, n=10000 at the canonical cell b=0.25 k=0.50 c=0.50)."
  },
  "uplift_over_random_mean": 7.405481770833333,
  "uplift_over_random_std": 4.861746445303011,
  "uplift_over_random_per_seed": [
    12.853984374999996,
    8.313066406250002,
    1.0493945312500017
  ],
  "gap_closed_minspec_legacy_mean": 0.12479746833220985,
  "trailing5_team_mean": -80.31451822916667,
  "iter0_gap_closed_mean": -0.004468972060723539,
  "min_iter_gap_closed_mean": -0.1934317861054938,
  "mean_traj_gap_closed": [
    -0.004468972060723453,
    0.051718205819570734,
    -0.032369190435063575,
    0.10193969603134477,
    0.05466950693742282,
    0.07931396840944843,
    0.07834300131305477,
    0.15709007853752394,
    0.10522562422761493,
    0.17282577975789226,
    -0.026932871833220923,
    0.035192565266543144,
    0.044191839400067386,
    0.013622832933097385,
    0.017449101575665635,
    -0.007104846014492772,
    0.21128595101673958,
    -0.003651604279013693,
    -0.03303295890208967,
    0.1815589979356252,
    0.002410082961184197,
    0.1231638299067521,
    0.12490827926637461,
    0.11820202347348618,
    0.1031876904631501,
    0.021365884100101092,
    0.16049943475452186,
    0.06396226547578913,
    0.04930998799292212,
    0.07968973816144251,
    -0.013150076185260021,
    0.1315706495407819,
    0.0911082015012357,
    0.15931178291062806,
    0.16690946329766307,
    0.1397799843416469,
    0.018710810231996465,
    0.16603175292804176,
    0.10738424316790238,
    0.08747118915711707,
    -0.034996835854117454,
    0.0267692885630827,
    0.160214178884395,
    0.0947314996208291,
    0.010975987599707958,
    0.05867954618863039,
    0.11216502183743389,
    0.08672239249803382,
    0.19870177859229304,
    0.16771860254465787
  ],
  "verdict_tier": "insufficient",
  "verdict_reason": "gap_closed_mean = 0.125 < 0.2",
  "command_invoked": "/Users/rwalters/GitHub/bucket-brigade/.venv/bin/python3 -m experiments.p3_specialization.train --scenario minimal_specialization --lambda-red 0.0 --seed 42 --output-dir /Users/rwalters/GitHub/bucket-brigade/experiments/p3_specialization/tier1_runs/ippo_minimal_specialization/seed_42 --num-iterations 50 --rollout-steps 2048 --algorithm ppo && /Users/rwalters/GitHub/bucket-brigade/.venv/bin/python3 -m experiments.p3_specialization.train --scenario minimal_specialization --lambda-red 0.0 --seed 43 --output-dir /Users/rwalters/GitHub/bucket-brigade/experiments/p3_specialization/tier1_runs/ippo_minimal_specialization/seed_43 --num-iterations 50 --rollout-steps 2048 --algorithm ppo && /Users/rwalters/GitHub/bucket-brigade/.venv/bin/python3 -m experiments.p3_specialization.train --scenario minimal_specialization --lambda-red 0.0 --seed 44 --output-dir /Users/rwalters/GitHub/bucket-brigade/experiments/p3_specialization/tier1_runs/ippo_minimal_specialization/seed_44 --num-iterations 50 --rollout-steps 2048 --algorithm ppo",
  "git_sha": "734bec7e",
  "wall_clock_seconds": 3198.760265500052
}