{
  "trainer": "ippo",
  "scenario": "minimal_specialization",
  "seeds": [
    42,
    43,
    44
  ],
  "num_iterations": 50,
  "n_seeds_completed": 3,
  "n_seeds_failed": 0,
  "failed_seeds": [],
  "gap_closed_mean": 0.11280246414064482,
  "gap_closed_std": 0.0740555437212949,
  "gap_closed_per_seed": [
    0.19579564927646603,
    0.12662705873952781,
    0.015984684405940617
  ],
  "trailing5_team_mean": -80.31451822916667,
  "iter0_gap_closed_mean": -0.004039433390454451,
  "min_iter_gap_closed_mean": -0.174839941926885,
  "mean_traj_gap_closed": [
    -0.004039433390454375,
    0.04674727088093415,
    -0.029258000920284424,
    0.09214168412033509,
    0.04941490543285103,
    0.07169064562706276,
    0.07081300377633921,
    0.14199124539857835,
    0.09511178281289671,
    0.15621449765168816,
    -0.02434419824193952,
    0.03181000491876116,
    0.03994430693069305,
    0.012313463918507217,
    0.01577196782178216,
    -0.006421958301599407,
    0.19097804011170338,
    -0.0033006275387154993,
    -0.029857970773038856,
    0.16410831587966485,
    0.00217843599263778,
    0.11132584412287387,
    0.11290262439705513,
    0.10684094551282056,
    0.09326972661208419,
    0.01931228579588726,
    0.1450729087331809,
    0.05781448337141397,
    0.044570520753998456,
    0.07203029798172123,
    -0.011886146547346987,
    0.11892463585300835,
    0.08235126697765921,
    0.14399940895531865,
    0.15086683247651678,
    0.12634492415587703,
    0.016912406384869308,
    0.15007348391089106,
    0.09706292444148251,
    0.07906382885884733,
    -0.0316330881886265,
    0.02419633790302098,
    0.1448150704493526,
    0.08562630902513325,
    0.009921022150292006,
    0.05303951669205373,
    0.1013841949098755,
    0.07838700336379782,
    0.1796034050520437,
    0.15159820068545313
  ],
  "verdict_tier": "insufficient",
  "verdict_reason": "gap_closed_mean = 0.113 < 0.2",
  "command_invoked": "/Users/rwalters/GitHub/bucket-brigade/.venv/bin/python3 -m experiments.p3_specialization.train --scenario minimal_specialization --lambda-red 0.0 --seed 42 --output-dir /Users/rwalters/GitHub/bucket-brigade/experiments/p3_specialization/tier1_runs/ippo_minimal_specialization/seed_42 --num-iterations 50 --rollout-steps 2048 --algorithm ppo && /Users/rwalters/GitHub/bucket-brigade/.venv/bin/python3 -m experiments.p3_specialization.train --scenario minimal_specialization --lambda-red 0.0 --seed 43 --output-dir /Users/rwalters/GitHub/bucket-brigade/experiments/p3_specialization/tier1_runs/ippo_minimal_specialization/seed_43 --num-iterations 50 --rollout-steps 2048 --algorithm ppo && /Users/rwalters/GitHub/bucket-brigade/.venv/bin/python3 -m experiments.p3_specialization.train --scenario minimal_specialization --lambda-red 0.0 --seed 44 --output-dir /Users/rwalters/GitHub/bucket-brigade/experiments/p3_specialization/tier1_runs/ippo_minimal_specialization/seed_44 --num-iterations 50 --rollout-steps 2048 --algorithm ppo",
  "git_sha": "734bec7e",
  "wall_clock_seconds": 3198.760265500052
}