{
  "scenario": "overcrowding",
  "fitness": -2.5,
  "generation": 10,
  "genome": [
    0.2653708170410256,
    0.9746888875961304,
    0.9091617465019226,
    0.8536915671011206,
    0.4932602047920227,
    0.28286679000141596,
    0.5947496294975281,
    0.11971188576945987,
    0.16100794076919556,
    0.4805516498501972
  ],
  "parameters": {
    "honesty": 0.2653708170410256,
    "work_tendency": 0.9746888875961304,
    "neighbor_help": 0.9091617465019226,
    "own_priority": 0.8536915671011206,
    "risk_aversion": 0.4932602047920227,
    "coordination": 0.28286679000141596,
    "exploration": 0.5947496294975281,
    "fatigue_memory": 0.11971188576945987,
    "rest_bias": 0.16100794076919556,
    "altruism": 0.4805516498501972
  }
}
