{
  "scenario": "overcrowding",
  "fitness": 0.25,
  "generation": 200,
  "genome": [
    1.0,
    0.4661472437385219,
    0.14246770532312178,
    0.0022223597220892336,
    1.0,
    0.09442215910785604,
    0.21011524035447943,
    0.12925383306700464,
    0.04000144239927878,
    0.05345825282440017
  ],
  "parameters": {
    "honesty": 1.0,
    "work_tendency": 0.4661472437385219,
    "neighbor_help": 0.14246770532312178,
    "own_priority": 0.0022223597220892336,
    "risk_aversion": 1.0,
    "coordination": 0.09442215910785604,
    "exploration": 0.21011524035447943,
    "fatigue_memory": 0.12925383306700464,
    "rest_bias": 0.04000144239927878,
    "altruism": 0.05345825282440017
  }
}