{
  "scenario": "overcrowding",
  "fitness": -0.34,
  "generation": 1000,
  "genome": [
    1.0,
    0.4049462013707894,
    0.006526902428849624,
    0.0,
    1.0,
    0.0,
    0.0,
    0.0007817060348052352,
    0.0,
    0.004804412615386139
  ],
  "parameters": {
    "honesty": 1.0,
    "work_tendency": 0.4049462013707894,
    "neighbor_help": 0.006526902428849624,
    "own_priority": 0.0,
    "risk_aversion": 1.0,
    "coordination": 0.0,
    "exploration": 0.0,
    "fatigue_memory": 0.0007817060348052352,
    "rest_bias": 0.0,
    "altruism": 0.004804412615386139
  }
}
