{
  "trainer": "ippo",
  "scenario": "minimal_specialization",
  "seeds": [
    42,
    43,
    44,
    45
  ],
  "num_iterations": 50,
  "n_seeds_completed": 4,
  "n_seeds_failed": 0,
  "failed_seeds": [],
  "gap_closed_mean": 0.23345533781755556,
  "gap_closed_std": 0.16996347056292824,
  "gap_closed_per_seed": [
    0.47753445452055937,
    0.2653114928273507,
    0.1873864462209303,
    0.0035889577013818955
  ],
  "trailing5_team_mean": -73.86676025390625,
  "iter0_gap_closed_mean": 0.2534239344376685,
  "min_iter_gap_closed_mean": -0.12128399372261545,
  "mean_traj_gap_closed": [
    0.2534239344376685,
    0.13817507721656974,
    0.11107851239941437,
    0.18292287756466968,
    0.07312336745871248,
    0.1938226003617922,
    0.1526387841122135,
    0.2627880069435667,
    0.03551793524340662,
    0.18781782715337458,
    0.14252385781355323,
    0.10419842881066732,
    0.11259461992069006,
    0.11476798165234241,
    0.1452505885048028,
    0.2397985095161358,
    0.1572817348252654,
    0.12057835572811339,
    0.15823213058487107,
    0.24799927292667254,
    0.12056292722552239,
    0.21735826678094453,
    0.15297615403553672,
    0.17570748118627819,
    0.20266518948011455,
    0.20111719638681747,
    0.23115649093149643,
    0.1928619189337925,
    0.11655460225238032,
    0.26382685945136075,
    0.20242244770601614,
    0.19379071478977078,
    0.20636700153511542,
    0.25612289382425424,
    0.24260341128717977,
    0.27301710416140035,
    0.18708651613056115,
    0.24687299223752945,
    0.22670279651689415,
    0.16596695321715957,
    0.1559353408324907,
    0.19296477561773254,
    0.2660835350970045,
    0.21902351649393323,
    0.18345876088799712,
    0.26291554923165233,
    0.28693464206532265,
    0.21754958021307294,
    0.21050492593002187,
    0.1893719916477081
  ],
  "verdict_tier": "partial_lower",
  "verdict_reason": "0.2 <= gap_closed_mean < 0.49",
  "command_invoked": "/home/sphere/GitHub/bucket-brigade/.venv/bin/python3 -m experiments.p3_specialization.train --scenario minimal_specialization --algorithm ppo --lambda-red 0.0 --seed 42 --output-dir experiments/p3_specialization/phase_diagram_ppo_v2/cell_b0.50_k0.90_c1.00/seed_42 --num-iterations 50 --rollout-steps 2048 --prob-fire-spreads-to-neighbor 0.5 --prob-solo-agent-extinguishes-fire 0.9 --cost-to-work-one-night 1.0 && /home/sphere/GitHub/bucket-brigade/.venv/bin/python3 -m experiments.p3_specialization.train --scenario minimal_specialization --algorithm ppo --lambda-red 0.0 --seed 43 --output-dir experiments/p3_specialization/phase_diagram_ppo_v2/cell_b0.50_k0.90_c1.00/seed_43 --num-iterations 50 --rollout-steps 2048 --prob-fire-spreads-to-neighbor 0.5 --prob-solo-agent-extinguishes-fire 0.9 --cost-to-work-one-night 1.0 && /home/sphere/GitHub/bucket-brigade/.venv/bin/python3 -m experiments.p3_specialization.train --scenario minimal_specialization --algorithm ppo --lambda-red 0.0 --seed 44 --output-dir experiments/p3_specialization/phase_diagram_ppo_v2/cell_b0.50_k0.90_c1.00/seed_44 --num-iterations 50 --rollout-steps 2048 --prob-fire-spreads-to-neighbor 0.5 --prob-solo-agent-extinguishes-fire 0.9 --cost-to-work-one-night 1.0 && /home/sphere/GitHub/bucket-brigade/.venv/bin/python3 -m experiments.p3_specialization.train --scenario minimal_specialization --algorithm ppo --lambda-red 0.0 --seed 45 --output-dir experiments/p3_specialization/phase_diagram_ppo_v2/cell_b0.50_k0.90_c1.00/seed_45 --num-iterations 50 --rollout-steps 2048 --prob-fire-spreads-to-neighbor 0.5 --prob-solo-agent-extinguishes-fire 0.9 --cost-to-work-one-night 1.0",
  "git_sha": "0a9448d7",
  "wall_clock_seconds": 471.5533194130403,
  "cell": {
    "beta": 0.5,
    "kappa": 0.9,
    "c": 1.0,
    "tag": "b0.50_k0.90_c1.00",
    "ne_verdict": "mixed",
    "ne_verdict_detail": "Symmetric NE (67.37) and asymmetric NE (66.27) both converge within epsilon=50.0 (|gap|=1.10)."
  },
  "rollout_steps": 2048,
  "sweep": "phase_diagram_ppo",
  "gap_closed_homogeneous_mean": 0.04272975129246992,
  "gap_closed_homogeneous_per_seed": [
    0.1738525911484581,
    0.059843339575647685,
    0.017980874875822197,
    -0.08075780043004832
  ],
  "gap_closed_ne_mean": 0.08634059955190525,
  "gap_closed_ne_per_seed": [
    0.35129006135955143,
    0.12092066211160518,
    0.03633251938725572,
    -0.16318084465079136
  ],
  "baseline_source": "per_cell"
}