{
  "scenario": "overcrowding",
  "fitness": 70.0,
  "generation": 2500,
  "genome": [
    0.6538259983062744,
    0.15780088305473328,
    0.9435954689979553,
    0.11664929240942001,
    0.972500741481781,
    0.8176997900009155,
    0.6604679822921753,
    0.6309890747070312,
    1.0,
    0.6382598876953125
  ],
  "parameters": {
    "honesty": 0.6538259983062744,
    "work_tendency": 0.15780088305473328,
    "neighbor_help": 0.9435954689979553,
    "own_priority": 0.11664929240942001,
    "risk_aversion": 0.972500741481781,
    "coordination": 0.8176997900009155,
    "exploration": 0.6604679822921753,
    "fatigue_memory": 0.6309890747070312,
    "rest_bias": 1.0,
    "altruism": 0.6382598876953125
  }
}
