{
  "trainer": "ippo",
  "scenario": "minimal_specialization",
  "seeds": [
    42,
    43,
    44,
    45
  ],
  "num_iterations": 50,
  "n_seeds_completed": 4,
  "n_seeds_failed": 0,
  "failed_seeds": [],
  "gap_closed_mean": -0.18484357149657274,
  "gap_closed_std": 0.06176600527326335,
  "gap_closed_per_seed": [
    -0.23227341964965728,
    -0.07944324781035789,
    -0.22434191736481346,
    -0.20331570116146233
  ],
  "trailing5_team_mean": -99.85498046875,
  "iter0_gap_closed_mean": -0.12953354079398324,
  "min_iter_gap_closed_mean": -0.4953000791365194,
  "mean_traj_gap_closed": [
    -0.12953354079398324,
    -0.14910011959729627,
    -0.2445418114527799,
    -0.06657017564737244,
    -0.13449630795411271,
    -0.17811250476009138,
    -0.15552996180026657,
    -0.1070681407083016,
    -0.24975745846820258,
    -0.1339403441546078,
    -0.2173813993478675,
    -0.20158942426694593,
    -0.2194862522610434,
    -0.25222489646801216,
    -0.20525246334729627,
    -0.198627383020754,
    -0.15677390755902515,
    -0.1929673368478675,
    -0.36134813225913937,
    -0.1528412539270754,
    -0.193744570520754,
    -0.1793155434834349,
    -0.12683367645658797,
    -0.09935530512185835,
    -0.23663559715346535,
    -0.1752229805312262,
    -0.22107976723153083,
    -0.1957638905416984,
    -0.273619275990099,
    -0.22406784022753237,
    -0.14417454065118052,
    -0.1405691433025514,
    -0.1872384924790556,
    -0.25510512364337395,
    -0.10631136055312262,
    -0.1016739902656131,
    -0.23435038140232292,
    -0.1757064273134044,
    -0.20671581956873572,
    -0.16383966822162985,
    -0.29540970999143185,
    -0.15808851092440976,
    -0.20710443640517898,
    -0.22377963156892614,
    -0.16699508818069309,
    -0.3068488046220487,
    -0.09173172124904799,
    -0.17343794625856818,
    -0.23416629974295505,
    -0.11803308561024373
  ],
  "verdict_tier": "insufficient",
  "verdict_reason": "gap_closed_mean = -0.185 < 0.2",
  "command_invoked": "/home/sphere/GitHub/bucket-brigade/.venv/bin/python3 -m experiments.p3_specialization.train --scenario minimal_specialization --algorithm ppo --lambda-red 0.0 --seed 42 --output-dir experiments/p3_specialization/phase_diagram_ppo/cell_b0.50_k0.10_c0.50/seed_42 --num-iterations 50 --rollout-steps 2048 --prob-fire-spreads-to-neighbor 0.5 --prob-solo-agent-extinguishes-fire 0.1 --cost-to-work-one-night 0.5 && /home/sphere/GitHub/bucket-brigade/.venv/bin/python3 -m experiments.p3_specialization.train --scenario minimal_specialization --algorithm ppo --lambda-red 0.0 --seed 43 --output-dir experiments/p3_specialization/phase_diagram_ppo/cell_b0.50_k0.10_c0.50/seed_43 --num-iterations 50 --rollout-steps 2048 --prob-fire-spreads-to-neighbor 0.5 --prob-solo-agent-extinguishes-fire 0.1 --cost-to-work-one-night 0.5 && /home/sphere/GitHub/bucket-brigade/.venv/bin/python3 -m experiments.p3_specialization.train --scenario minimal_specialization --algorithm ppo --lambda-red 0.0 --seed 44 --output-dir experiments/p3_specialization/phase_diagram_ppo/cell_b0.50_k0.10_c0.50/seed_44 --num-iterations 50 --rollout-steps 2048 --prob-fire-spreads-to-neighbor 0.5 --prob-solo-agent-extinguishes-fire 0.1 --cost-to-work-one-night 0.5 && /home/sphere/GitHub/bucket-brigade/.venv/bin/python3 -m experiments.p3_specialization.train --scenario minimal_specialization --algorithm ppo --lambda-red 0.0 --seed 45 --output-dir experiments/p3_specialization/phase_diagram_ppo/cell_b0.50_k0.10_c0.50/seed_45 --num-iterations 50 --rollout-steps 2048 --prob-fire-spreads-to-neighbor 0.5 --prob-solo-agent-extinguishes-fire 0.1 --cost-to-work-one-night 0.5",
  "git_sha": "d65c90c9",
  "wall_clock_seconds": 473.7207180119876,
  "cell": {
    "beta": 0.5,
    "kappa": 0.1,
    "c": 0.5,
    "tag": "b0.50_k0.10_c0.50",
    "ne_verdict": "no_convergence",
    "ne_verdict_detail": "No restart converged within max_iterations (20 attempted). Likely needs more iterations or a tighter epsilon. Compute budget?"
  },
  "rollout_steps": 2048,
  "sweep": "phase_diagram_ppo"
}