{
  "trainer": "ippo",
  "scenario": "minimal_specialization",
  "seeds": [
    42,
    43,
    44,
    45
  ],
  "num_iterations": 200,
  "n_seeds_completed": 4,
  "n_seeds_failed": 0,
  "failed_seeds": [],
  "gap_closed_mean": -0.2121905824091043,
  "gap_closed_std": 0.055058993922010996,
  "gap_closed_per_seed": [
    -0.12745128049165824,
    -0.28136355377906985,
    -0.2155484417130097,
    -0.22439905365267943
  ],
  "trailing5_team_mean": -100.31138916015625,
  "iter0_gap_closed_mean": -0.1587443980135659,
  "min_iter_gap_closed_mean": -0.44820882079172986,
  "mean_traj_gap_closed": [
    -0.1587443980135659,
    -0.17169508308845216,
    -0.2109832506530165,
    -0.14733142036358277,
    -0.25092558672743936,
    -0.23987466460492501,
    -0.2291929979777553,
    -0.2557886507441229,
    -0.18419114162032357,
    -0.24190916981325836,
    -0.20169426352639452,
    -0.17280696384184363,
    -0.22509313055590666,
    -0.215445173602334,
    -0.29391042351280755,
    -0.14412949179253035,
    -0.2056820171627486,
    -0.14319041026815807,
    -0.20036226946937144,
    -0.20399208184561426,
    -0.3021924437036569,
    -0.20223220398340075,
    -0.27532936355904536,
    -0.13969739728155545,
    -0.20248831712641135,
    -0.19741851117500844,
    -0.1312631491984749,
    -0.23284441025762556,
    -0.20184134858442873,
    -0.22328182435172314,
    -0.20811560630476914,
    -0.21257238641988963,
    -0.20360122644664225,
    -0.2653162653774857,
    -0.1742037576097489,
    -0.20851160453793816,
    -0.1983524498651837,
    -0.25570430826329205,
    -0.14745176268379256,
    -0.24194002681844035,
    -0.22854191516841507,
    -0.17890945090000424,
    -0.19293395975522415,
    -0.22617004003675853,
    -0.22265542714652847,
    -0.23566268339758173,
    -0.230565106141515,
    -0.1616706706716591,
    -0.13527558843897455,
    -0.19910536079162455,
    -0.2877328510753707,
    -0.1828540047291035,
    -0.18481136742448181,
    -0.24635977852734245,
    -0.25605813525604565,
    -0.18196738011354063,
    -0.16574482392252277,
    -0.2752748495165571,
    -0.31802311592886334,
    -0.26809442441070525,
    -0.2246179326761038,
    -0.2518379255139872,
    -0.21584425753602124,
    -0.25209506722383723,
    -0.050357110178105007,
    -0.175828893216001,
    -0.20411653843318167,
    -0.21137616318566735,
    -0.1997533579004466,
    -0.2978858343470888,
    -0.18656507388565893,
    -0.18562496379444726,
    -0.17186068234959556,
    -0.2536039747772371,
    -0.25580716494723205,
    -0.09399920117384986,
    -0.17756099977355072,
    -0.17434467126674671,
    -0.22925162628760112,
    -0.14157350319662118,
    -0.19213579188784968,
    -0.21020462555559066,
    -0.22551278582638187,
    -0.19961655851080637,
    -0.251603412274604,
    -0.18640256032503372,
    -0.14756181933560836,
    -0.1036492152611013,
    -0.08606792227523594,
    -0.29295591348584427,
    -0.21793944818787916,
    -0.20264465928600017,
    -0.29061592392620916,
    -0.2380407299302747,
    -0.23878849802251853,
    -0.15965982250063196,
    -0.22073097859001095,
    -0.13532290251358697,
    -0.22554672853208207,
    -0.19014551505361055,
    -0.1833713738493217,
    -0.19428035374799882,
    -0.2377568454826003,
    -0.18966003150541372,
    -0.20523047632025196,
    -0.25635744820631107,
    -0.26640346052673153,
    -0.2247197607932044,
    -0.22077623553094455,
    -0.19820125053979187,
    -0.2579301269037538,
    -0.24197396952414055,
    -0.20951548577319262,
    -0.25461711311404617,
    -0.17458227020664813,
    -0.20372568303420965,
    -0.1753125526626222,
    -0.12121302261069684,
    -0.08833282645559488,
    -0.14731187759363415,
    -0.20371436879897625,
    -0.2551725392073222,
    -0.28620645788570104,
    -0.23307892349700876,
    -0.2013898077419321,
    -0.16717247469561006,
    -0.20386145385701046,
    -0.19041602813237277,
    -0.22924442631972533,
    -0.15626452336377233,
    -0.21155924808308055,
    -0.17645631898803507,
    -0.21889601534852124,
    -0.2013743792393411,
    -0.19937895957090496,
    -0.23426691819651585,
    -0.22645701018495112,
    -0.24829039848489637,
    -0.26479992482410686,
    -0.22988008062647455,
    -0.1955074339874031,
    -0.2107075947400573,
    -0.21574757225311764,
    -0.18471982497577522,
    -0.1813594971114552,
    -0.18185012349384902,
    -0.2015039786611055,
    -0.2614725110986476,
    -0.29410585121229355,
    -0.3002834236497304,
    -0.18978345952614173,
    -0.2546479701192282,
    -0.21296838465305865,
    -0.15161437268284464,
    -0.20276294447253118,
    -0.15214614173881447,
    -0.2321593847425851,
    -0.2076383512912875,
    -0.2318076148835103,
    -0.22784557541814124,
    -0.19433589635732643,
    -0.28783467919247135,
    -0.20307357165803,
    -0.18958494612613752,
    -0.2501778186351955,
    -0.24196574098942536,
    -0.23934083841527637,
    -0.20702532545500507,
    -0.22642821031344793,
    -0.19292367408683014,
    -0.12848807586577352,
    -0.2151870033256446,
    -0.16403328870176104,
    -0.20541253265082576,
    -0.20991148400636164,
    -0.24015134908472363,
    -0.10879719229229863,
    -0.15936153811720594,
    -0.26375490091527637,
    -0.1279048784678337,
    -0.21234507314838222,
    -0.196651200312816,
    -0.19470206615215285,
    -0.23219024174776712,
    -0.2844825798628665,
    -0.16560699596604314,
    -0.1829599471135617,
    -0.2472782887149267,
    -0.2533766615057297,
    -0.26313158941059994,
    -0.23901375416034715,
    -0.1801529882088389,
    -0.300344109093255,
    -0.22821791661400406,
    -0.2688751066418099,
    -0.25106855751811596,
    -0.26182016669036484,
    -0.20012158482895182,
    -0.1768183745155039,
    -0.1711242284925851
  ],
  "verdict_tier": "insufficient",
  "verdict_reason": "gap_closed_mean = -0.212 < 0.2",
  "command_invoked": "/home/sphere/GitHub/bucket-brigade/.venv/bin/python3 -m experiments.p3_specialization.train --scenario minimal_specialization --algorithm ppo --lambda-red 0.0 --seed 42 --output-dir experiments/p3_specialization/phase_diagram_ppo_longbudget/cell_b0.10_k0.10_c0.50/seed_42 --num-iterations 200 --rollout-steps 4096 --prob-fire-spreads-to-neighbor 0.1 --prob-solo-agent-extinguishes-fire 0.1 --cost-to-work-one-night 0.5 && /home/sphere/GitHub/bucket-brigade/.venv/bin/python3 -m experiments.p3_specialization.train --scenario minimal_specialization --algorithm ppo --lambda-red 0.0 --seed 43 --output-dir experiments/p3_specialization/phase_diagram_ppo_longbudget/cell_b0.10_k0.10_c0.50/seed_43 --num-iterations 200 --rollout-steps 4096 --prob-fire-spreads-to-neighbor 0.1 --prob-solo-agent-extinguishes-fire 0.1 --cost-to-work-one-night 0.5 && /home/sphere/GitHub/bucket-brigade/.venv/bin/python3 -m experiments.p3_specialization.train --scenario minimal_specialization --algorithm ppo --lambda-red 0.0 --seed 44 --output-dir experiments/p3_specialization/phase_diagram_ppo_longbudget/cell_b0.10_k0.10_c0.50/seed_44 --num-iterations 200 --rollout-steps 4096 --prob-fire-spreads-to-neighbor 0.1 --prob-solo-agent-extinguishes-fire 0.1 --cost-to-work-one-night 0.5 && /home/sphere/GitHub/bucket-brigade/.venv/bin/python3 -m experiments.p3_specialization.train --scenario minimal_specialization --algorithm ppo --lambda-red 0.0 --seed 45 --output-dir experiments/p3_specialization/phase_diagram_ppo_longbudget/cell_b0.10_k0.10_c0.50/seed_45 --num-iterations 200 --rollout-steps 4096 --prob-fire-spreads-to-neighbor 0.1 --prob-solo-agent-extinguishes-fire 0.1 --cost-to-work-one-night 0.5",
  "git_sha": "0a9448d7",
  "wall_clock_seconds": 3743.788021226879,
  "cell": {
    "beta": 0.1,
    "kappa": 0.1,
    "c": 0.5,
    "tag": "b0.10_k0.10_c0.50",
    "ne_verdict": "no_convergence",
    "ne_verdict_detail": "No restart converged within max_iterations (20 attempted). Likely needs more iterations or a tighter epsilon. Compute budget?"
  },
  "rollout_steps": 4096,
  "sweep": "phase_diagram_ppo",