{
  "scenario": "deceptive_calm",
  "parameters": {
    "beta": 0.25,
    "kappa": 0.6,
    "c": 0.4,
    "A": 100.0,
    "L": 100.0,
    "num_agents": 4
  },
  "algorithm": {
    "method": "double_oracle",
    "num_simulations": 200,
    "max_iterations": 50,
    "epsilon": 0.01,
    "seed": 42
  },
  "equilibrium": {
    "type": "pure",
    "support_size": 1,
    "expected_payoff": 3674.0387117004393,
    "distribution": {
      "4": 1.0
    },
    "strategy_pool": [
      {
        "index": 4,
        "probability": 1.0,
        "classification": "Firefighter/Hero",
        "closest_archetype": "Hero",
        "archetype_distance": 5.636153914628141e-07,
        "parameters": {
          "honesty": 0.9999997595003641,
          "work_tendency": 0.9999997853787065,
          "neighbor_help": 0.9999997818819455,
          "own_priority": 0.4999999176046281,
          "risk_aversion": 0.10000025134140661,
          "coordination": 0.5000001149091781,
          "exploration": 2.0859277164946874e-07,
          "fatigue_memory": 0.9000000222127273,
          "rest_bias": 1.9752083555372335e-07,
          "altruism": 1.0
        },
        "genome": [
          0.9999997595003641,
          0.9999997853787065,
          0.9999997818819455,
          0.4999999176046281,
          0.10000025134140661,
          0.5000001149091781,
          2.0859277164946874e-07,
          0.9000000222127273,
          1.9752083555372335e-07,
          1.0
        ]
      }
    ]
  },
  "convergence": {
    "converged": true,
    "iterations": 6,
    "elapsed_time": 5365.852322101593
  },
  "interpretation": {
    "equilibrium_type": "pure",
    "cooperation_rate": 1.0,
    "free_riding_rate": 0.0
  }
}