{
  "trainer": "ippo",
  "scenario": "minimal_specialization",
  "seeds": [
    42,
    43,
    44,
    45
  ],
  "num_iterations": 50,
  "n_seeds_completed": 4,
  "n_seeds_failed": 0,
  "failed_seeds": [],
  "gap_closed_mean": -0.25375825980314715,
  "gap_closed_std": 0.06467027032976609,
  "gap_closed_per_seed": [
    -0.3132474800935288,
    -0.16099901652553084,
    -0.3152947395306706,
    -0.2254918030628582
  ],
  "trailing5_team_mean": -102.77801513671875,
  "iter0_gap_closed_mean": -0.1996690154196158,
  "min_iter_gap_closed_mean": -0.6025432179100312,
  "mean_traj_gap_closed": [
    -0.1996690154196158,
    -0.2381127296090327,
    -0.3771101665850396,
    -0.12460317891335947,
    -0.22690649389376896,
    -0.22326228158177452,
    -0.20733389550682507,
    -0.20551333220108697,
    -0.34853555121966634,
    -0.23109790376432424,
    -0.32288617994554686,
    -0.2826383595198222,
    -0.31246679786242415,
    -0.30753070560014323,
    -0.2834097846493723,
    -0.24959359267041625,
    -0.2511847855709681,
    -0.29136883485264997,
    -0.46058659413707026,
    -0.2473842310993849,
    -0.2601693169131277,
    -0.2899113556412201,
    -0.22103337724079458,
    -0.16630127858263818,
    -0.3628933157308519,
    -0.2321696704109791,
    -0.2635399304458418,
    -0.3418251811594203,
    -0.32949163618817406,
    -0.33693640297175176,
    -0.23294006697368977,
    -0.2058877305306286,
    -0.25734178667161695,
    -0.3344349284183308,
    -0.20670441260111225,
    -0.15361287805179896,
    -0.2853558331095172,
    -0.20399722467981127,
    -0.2703120145164518,
    -0.27417634013207787,
    -0.364904163901879,
    -0.25681001761564715,
    -0.24767531551493513,
    -0.29241900159567746,
    -0.27110606811646865,
    -0.38881937148476997,
    -0.20311574289844542,
    -0.1833302311757457,
    -0.31545787023139954,
    -0.17806808322537496
  ],
  "verdict_tier": "insufficient",
  "verdict_reason": "gap_closed_mean = -0.254 < 0.2",
  "command_invoked": "/home/sphere/GitHub/bucket-brigade/.venv/bin/python3 -m experiments.p3_specialization.train --scenario minimal_specialization --algorithm ppo --lambda-red 0.0 --seed 42 --output-dir experiments/p3_specialization/phase_diagram_ppo_v2/cell_b0.10_k0.10_c2.00/seed_42 --num-iterations 50 --rollout-steps 2048 --prob-fire-spreads-to-neighbor 0.1 --prob-solo-agent-extinguishes-fire 0.1 --cost-to-work-one-night 2.0 && /home/sphere/GitHub/bucket-brigade/.venv/bin/python3 -m experiments.p3_specialization.train --scenario minimal_specialization --algorithm ppo --lambda-red 0.0 --seed 43 --output-dir experiments/p3_specialization/phase_diagram_ppo_v2/cell_b0.10_k0.10_c2.00/seed_43 --num-iterations 50 --rollout-steps 2048 --prob-fire-spreads-to-neighbor 0.1 --prob-solo-agent-extinguishes-fire 0.1 --cost-to-work-one-night 2.0 && /home/sphere/GitHub/bucket-brigade/.venv/bin/python3 -m experiments.p3_specialization.train --scenario minimal_specialization --algorithm ppo --lambda-red 0.0 --seed 44 --output-dir experiments/p3_specialization/phase_diagram_ppo_v2/cell_b0.10_k0.10_c2.00/seed_44 --num-iterations 50 --rollout-steps 2048 --prob-fire-spreads-to-neighbor 0.1 --prob-solo-agent-extinguishes-fire 0.1 --cost-to-work-one-night 2.0 && /home/sphere/GitHub/bucket-brigade/.venv/bin/python3 -m experiments.p3_specialization.train --scenario minimal_specialization --algorithm ppo --lambda-red 0.0 --seed 45 --output-dir experiments/p3_specialization/phase_diagram_ppo_v2/cell_b0.10_k0.10_c2.00/seed_45 --num-iterations 50 --rollout-steps 2048 --prob-fire-spreads-to-neighbor 0.1 --prob-solo-agent-extinguishes-fire 0.1 --cost-to-work-one-night 2.0",
  "git_sha": "0a9448d7",
  "wall_clock_seconds": 476.71028917399235,
  "cell": {
    "beta": 0.1,
    "kappa": 0.1,
    "c": 2.0,
    "tag": "b0.10_k0.10_c2.00",
    "ne_verdict": "no_convergence",
    "ne_verdict_detail": "No restart converged within max_iterations (20 attempted). Likely needs more iterations or a tighter epsilon. Compute budget?"
  },
  "rollout_steps": 2048,
  "sweep": "phase_diagram_ppo",
  "gap_closed_homogeneous_mean": -0.059479006338942195,
  "gap_closed_homogeneous_per_seed": [
    -0.29080165217504184,
    0.3012134598926565,
    -0.2987623796379488,
    0.05043454656456537
  ],
  "gap_closed_ne_mean": null,
  "gap_closed_ne_per_seed": [],
  "baseline_source": "per_cell"
}