{
  "scenario": "trivial_cooperation",
  "fitness": 0.35,
  "generation": 200,
  "genome": [
    1.0,
    0.6701716631000003,
    0.44802446819550384,
    0.0,
    1.0,
    0.2189792064877313,
    0.0,
    0.0,
    0.2828206435607182,
    0.17322789259214644
  ],
  "parameters": {
    "honesty": 1.0,
    "work_tendency": 0.6701716631000003,
    "neighbor_help": 0.44802446819550384,
    "own_priority": 0.0,
    "risk_aversion": 1.0,
    "coordination": 0.2189792064877313,
    "exploration": 0.0,
    "fatigue_memory": 0.0,
    "rest_bias": 0.2828206435607182,
    "altruism": 0.17322789259214644
  }
}