{
  "scenario": "trivial_cooperation",
  "fitness": -0.16,
  "generation": 1000,
  "genome": [
    1.0,
    0.49355767666632977,
    0.42423917747856044,
    0.07300943075327009,
    0.9467876939416052,
    0.0,
    0.0,
    0.03561004693985575,
    0.03296084855811968,
    0.0
  ],
  "parameters": {
    "honesty": 1.0,
    "work_tendency": 0.49355767666632977,
    "neighbor_help": 0.42423917747856044,
    "own_priority": 0.07300943075327009,
    "risk_aversion": 0.9467876939416052,
    "coordination": 0.0,
    "exploration": 0.0,
    "fatigue_memory": 0.03561004693985575,
    "rest_bias": 0.03296084855811968,
    "altruism": 0.0
  }
}