{
  "scenario": "trivial_cooperation",
  "fitness": -0.1,
  "generation": 10,
  "genome": [
    0.5201295155757455,
    0.7551446557044983,
    0.35647669434547424,
    0.6924539804458618,
    0.9491265468814459,
    0.7148098349571228,
    0.2960223853588104,
    0.22940528392791748,
    0.8880606889724731,
    0.8515665028030001
  ],
  "parameters": {
    "honesty": 0.5201295155757455,
    "work_tendency": 0.7551446557044983,
    "neighbor_help": 0.35647669434547424,
    "own_priority": 0.6924539804458618,
    "risk_aversion": 0.9491265468814459,
    "coordination": 0.7148098349571228,
    "exploration": 0.2960223853588104,
    "fatigue_memory": 0.22940528392791748,
    "rest_bias": 0.8880606889724731,
    "altruism": 0.8515665028030001
  }
}