{
  "trainer": "ippo",
  "scenario": "minimal_specialization",
  "seeds": [
    42,
    43,
    44,
    45
  ],
  "num_iterations": 50,
  "n_seeds_completed": 4,
  "n_seeds_failed": 0,
  "failed_seeds": [],
  "gap_closed_mean": -0.2577986760616784,
  "gap_closed_std": 0.07459912222721278,
  "gap_closed_per_seed": [
    -0.3182405549587124,
    -0.14219928326171208,
    -0.32851964052494104,
    -0.24223522550134816
  ],
  "trailing5_team_mean": -103.0177734375,
  "iter0_gap_closed_mean": -0.1998243290123652,
  "min_iter_gap_closed_mean": -0.6295688116152679,
  "mean_traj_gap_closed": [
    -0.1998243290123652,
    -0.2618366237597953,
    -0.3348309266514998,
    -0.12447666519211326,
    -0.22219360063563787,
    -0.21974458299102628,
    -0.22846580122229948,
    -0.19315304449201637,
    -0.33354213240173153,
    -0.1986867340879887,
    -0.32925506581511205,
    -0.29776857772739723,
    -0.2873214243396107,
    -0.3307866018389788,
    -0.2827926445457322,
    -0.2748253658077393,
    -0.21471694828003876,
    -0.2546952841938406,
    -0.41425994369049124,
    -0.22392982146054516,
    -0.2621102225390757,
    -0.2899607268495113,
    -0.24470172878222954,
    -0.1955372624257457,
    -0.3507418270901795,
    -0.21607774220856504,
    -0.2548166550808898,
    -0.32947106485138605,
    -0.36003184278364087,
    -0.33182442577993343,
    -0.18521456562552663,
    -0.22814283123472784,
    -0.2594884056654449,
    -0.2840865816296975,
    -0.2426425379697506,
    -0.18519605142241743,
    -0.2991879999657693,
    -0.23599182478618977,
    -0.27526662098184196,
    -0.270027101501938,
    -0.44478060751600945,
    -0.28585777372714444,
    -0.2707254983858906,
    -0.28611594400383383,
    -0.2621709079826003,
    -0.41586553652679475,
    -0.17041348880655965,
    -0.24355899102365605,
    -0.282691844995471,
    -0.17646351895591086
  ],
  "verdict_tier": "insufficient",
  "verdict_reason": "gap_closed_mean = -0.258 < 0.2",
  "command_invoked": "/home/sphere/GitHub/bucket-brigade/.venv/bin/python3 -m experiments.p3_specialization.train --scenario minimal_specialization --algorithm ppo --lambda-red 0.0 --seed 42 --output-dir experiments/p3_specialization/phase_diagram_ppo_v2/cell_b0.90_k0.10_c2.00/seed_42 --num-iterations 50 --rollout-steps 2048 --prob-fire-spreads-to-neighbor 0.9 --prob-solo-agent-extinguishes-fire 0.1 --cost-to-work-one-night 2.0 && /home/sphere/GitHub/bucket-brigade/.venv/bin/python3 -m experiments.p3_specialization.train --scenario minimal_specialization --algorithm ppo --lambda-red 0.0 --seed 43 --output-dir experiments/p3_specialization/phase_diagram_ppo_v2/cell_b0.90_k0.10_c2.00/seed_43 --num-iterations 50 --rollout-steps 2048 --prob-fire-spreads-to-neighbor 0.9 --prob-solo-agent-extinguishes-fire 0.1 --cost-to-work-one-night 2.0 && /home/sphere/GitHub/bucket-brigade/.venv/bin/python3 -m experiments.p3_specialization.train --scenario minimal_specialization --algorithm ppo --lambda-red 0.0 --seed 44 --output-dir experiments/p3_specialization/phase_diagram_ppo_v2/cell_b0.90_k0.10_c2.00/seed_44 --num-iterations 50 --rollout-steps 2048 --prob-fire-spreads-to-neighbor 0.9 --prob-solo-agent-extinguishes-fire 0.1 --cost-to-work-one-night 2.0 && /home/sphere/GitHub/bucket-brigade/.venv/bin/python3 -m experiments.p3_specialization.train --scenario minimal_specialization --algorithm ppo --lambda-red 0.0 --seed 45 --output-dir experiments/p3_specialization/phase_diagram_ppo_v2/cell_b0.90_k0.10_c2.00/seed_45 --num-iterations 50 --rollout-steps 2048 --prob-fire-spreads-to-neighbor 0.9 --prob-solo-agent-extinguishes-fire 0.1 --cost-to-work-one-night 2.0",
  "git_sha": "0a9448d7",
  "wall_clock_seconds": 470.3104438399896,
  "cell": {
    "beta": 0.9,
    "kappa": 0.1,
    "c": 2.0,
    "tag": "b0.90_k0.10_c2.00",
    "ne_verdict": "no_convergence",
    "ne_verdict_detail": "No restart converged within max_iterations (20 attempted). Likely needs more iterations or a tighter epsilon. Compute budget?"
  },
  "rollout_steps": 2048,
  "sweep": "phase_diagram_ppo",
  "gap_closed_homogeneous_mean": -0.0751900843231626,
  "gap_closed_homogeneous_per_seed": [
    -0.3102171241384345,
    0.3743158474911474,
    -0.35018714321666583,
    -0.014671917428697473
  ],
  "gap_closed_ne_mean": null,
  "gap_closed_ne_per_seed": [],
  "baseline_source": "per_cell"
}