{
  "trainer": "ippo",
  "scenario": "minimal_specialization",
  "seeds": [
    42,
    43,
    44,
    45
  ],
  "num_iterations": 50,
  "n_seeds_completed": 4,
  "n_seeds_failed": 0,
  "failed_seeds": [],
  "gap_closed_mean": -0.04069763327593114,
  "gap_closed_std": 0.0686414032118179,
  "gap_closed_per_seed": [
    0.0010570375695145942,
    0.0408913741258004,
    -0.06468977765840928,
    -0.1400491671406303
  ],
  "trailing5_team_mean": -90.13499755859375,
  "iter0_gap_closed_mean": -0.012238423109938506,
  "min_iter_gap_closed_mean": -0.35464420967886334,
  "mean_traj_gap_closed": [
    -0.012238423109938508,
    -0.048980887746987715,
    -0.11505705007688743,
    0.0062150945557381,
    -0.05438086365383807,
    -0.03548197654670123,
    -0.06939896807591846,
    -0.00966186317724134,
    -0.12879767448443294,
    -0.04827426232831987,
    -0.10107779816260112,
    -0.1372998079789139,
    -0.04281051527742671,
    -0.17195119623146277,
    -0.0961396487666414,
    -0.007642786471499008,
    -0.02081667055053507,
    -0.11417865399603978,
    -0.13047938126685205,
    -0.026238246361012824,
    -0.14231509988782862,
    -0.11072266941565556,
    -0.005513653113940868,
    -0.08412393094876981,
    -0.1037201863730199,
    -0.15544166989225228,
    -0.057407935862192463,
    -0.13364839569904366,
    -0.16664687704067663,
    -0.0609143202177073,
    -0.007801185764766618,
    -0.05745524993680487,
    -0.05251195770664815,
    -0.133052855499031,
    -0.052996412688005576,
    0.00194139933803082,
    -0.11015798622082491,
    -0.0005384753117627424,
    -0.041668806085692636,
    0.0035336208054221243,
    -0.17268765008847323,
    0.0011545457058897684,
    -0.1205310827961746,
    -0.0870152323343234,
    -0.06509441585302916,
    -0.035891346148782456,
    -0.012005967004234093,
    -0.061057291008383904,
    -0.08457547179126644,
    -0.009958090426988558
  ],
  "verdict_tier": "insufficient",
  "verdict_reason": "gap_closed_mean = -0.041 < 0.2",
  "command_invoked": "/home/sphere/GitHub/bucket-brigade/.venv/bin/python3 -m experiments.p3_specialization.train --scenario minimal_specialization --algorithm ppo --lambda-red 0.0 --seed 42 --output-dir experiments/p3_specialization/phase_diagram_ppo_v2/cell_b0.10_k0.50_c2.00/seed_42 --num-iterations 50 --rollout-steps 2048 --prob-fire-spreads-to-neighbor 0.1 --prob-solo-agent-extinguishes-fire 0.5 --cost-to-work-one-night 2.0 && /home/sphere/GitHub/bucket-brigade/.venv/bin/python3 -m experiments.p3_specialization.train --scenario minimal_specialization --algorithm ppo --lambda-red 0.0 --seed 43 --output-dir experiments/p3_specialization/phase_diagram_ppo_v2/cell_b0.10_k0.50_c2.00/seed_43 --num-iterations 50 --rollout-steps 2048 --prob-fire-spreads-to-neighbor 0.1 --prob-solo-agent-extinguishes-fire 0.5 --cost-to-work-one-night 2.0 && /home/sphere/GitHub/bucket-brigade/.venv/bin/python3 -m experiments.p3_specialization.train --scenario minimal_specialization --algorithm ppo --lambda-red 0.0 --seed 44 --output-dir experiments/p3_specialization/phase_diagram_ppo_v2/cell_b0.10_k0.50_c2.00/seed_44 --num-iterations 50 --rollout-steps 2048 --prob-fire-spreads-to-neighbor 0.1 --prob-solo-agent-extinguishes-fire 0.5 --cost-to-work-one-night 2.0 && /home/sphere/GitHub/bucket-brigade/.venv/bin/python3 -m experiments.p3_specialization.train --scenario minimal_specialization --algorithm ppo --lambda-red 0.0 --seed 45 --output-dir experiments/p3_specialization/phase_diagram_ppo_v2/cell_b0.10_k0.50_c2.00/seed_45 --num-iterations 50 --rollout-steps 2048 --prob-fire-spreads-to-neighbor 0.1 --prob-solo-agent-extinguishes-fire 0.5 --cost-to-work-one-night 2.0",
  "git_sha": "0a9448d7",
  "wall_clock_seconds": 476.54371508798795,
  "cell": {
    "beta": 0.1,
    "kappa": 0.5,
    "c": 2.0,
    "tag": "b0.10_k0.50_c2.00",
    "ne_verdict": "mixed",
    "ne_verdict_detail": "Symmetric NE (-858.35) and asymmetric NE (-848.53) both converge within epsilon=50.0 (|gap|=9.83)."
  },
  "rollout_steps": 2048,
  "sweep": "phase_diagram_ppo",
  "gap_closed_homogeneous_mean": 0.012740471863869916,
  "gap_closed_homogeneous_per_seed": [
    0.052537392574293656,
    0.0905040176580057,
    -0.01012675348672015,
    -0.08195276929009954
  ],
  "gap_closed_ne_mean": 0.03192418315520684,
  "gap_closed_ne_per_seed": [
    0.13164452313537006,
    0.22677863636980192,
    -0.02537491048463293,
    -0.20535151639971166
  ],
  "baseline_source": "per_cell"
}