{
  "trainer": "ippo",
  "scenario": "minimal_specialization",
  "seeds": [
    42,
    43,
    44,
    45
  ],
  "num_iterations": 50,
  "n_seeds_completed": 4,
  "n_seeds_failed": 0,
  "failed_seeds": [],
  "gap_closed_mean": -0.22466483532398043,
  "gap_closed_std": 0.05852928532966171,
  "gap_closed_per_seed": [
    -0.2731152705805526,
    -0.12987293825834167,
    -0.27329136122345815,
    -0.22237977123356928
  ],
  "trailing5_team_mean": -101.051611328125,
  "iter0_gap_closed_mean": -0.1620831259742585,
  "min_iter_gap_closed_mean": -0.5555942845256151,
  "mean_traj_gap_closed": [
    -0.16208312597425853,
    -0.18391342857368556,
    -0.2898928414381109,
    -0.09379348780596986,
    -0.18057675774667173,
    -0.20088066715642905,
    -0.18794643915097323,
    -0.14460263253865438,
    -0.28287904416024184,
    -0.15654737924460735,
    -0.24245431023814037,
    -0.25897412224574484,
    -0.1558479537938153,
    -0.24058437572411107,
    -0.2258943841237993,
    -0.25266077898550726,
    -0.23168521542962167,
    -0.2291755123414855,
    -0.3760908568471941,
    -0.19037077119143916,
    -0.2630853039028269,
    -0.24368961901225986,
    -0.2076085228529449,
    -0.15799868705500086,
    -0.3129903383836788,
    -0.18841340849606084,
    -0.2292094550471857,
    -0.22823437368343444,
    -0.35290593172027723,
    -0.2749755365662917,
    -0.12308398569156556,
    -0.1420836723489636,
    -0.18447091180064037,
    -0.3205605903216633,
    -0.18602199059445568,
    -0.14737667730451637,
    -0.28930655833965285,
    -0.16245546717012135,
    -0.2888025605883468,
    -0.24097728825676187,
    -0.3743669788243596,
    -0.2717571509258089,
    -0.20374214010364006,
    -0.27652147252591003,
    -0.21753624998683435,
    -0.34297203318535135,
    -0.14697965050450792,
    -0.2138694092043731,
    -0.2259077554927115,
    -0.19359532823295839
  ],
  "verdict_tier": "insufficient",
  "verdict_reason": "gap_closed_mean = -0.225 < 0.2",
  "command_invoked": "/home/sphere/GitHub/bucket-brigade/.venv/bin/python3 -m experiments.p3_specialization.train --scenario minimal_specialization --algorithm ppo --lambda-red 0.0 --seed 42 --output-dir experiments/p3_specialization/phase_diagram_ppo_v2/cell_b0.10_k0.10_c1.00/seed_42 --num-iterations 50 --rollout-steps 2048 --prob-fire-spreads-to-neighbor 0.1 --prob-solo-agent-extinguishes-fire 0.1 --cost-to-work-one-night 1.0 && /home/sphere/GitHub/bucket-brigade/.venv/bin/python3 -m experiments.p3_specialization.train --scenario minimal_specialization --algorithm ppo --lambda-red 0.0 --seed 43 --output-dir experiments/p3_specialization/phase_diagram_ppo_v2/cell_b0.10_k0.10_c1.00/seed_43 --num-iterations 50 --rollout-steps 2048 --prob-fire-spreads-to-neighbor 0.1 --prob-solo-agent-extinguishes-fire 0.1 --cost-to-work-one-night 1.0 && /home/sphere/GitHub/bucket-brigade/.venv/bin/python3 -m experiments.p3_specialization.train --scenario minimal_specialization --algorithm ppo --lambda-red 0.0 --seed 44 --output-dir experiments/p3_specialization/phase_diagram_ppo_v2/cell_b0.10_k0.10_c1.00/seed_44 --num-iterations 50 --rollout-steps 2048 --prob-fire-spreads-to-neighbor 0.1 --prob-solo-agent-extinguishes-fire 0.1 --cost-to-work-one-night 1.0 && /home/sphere/GitHub/bucket-brigade/.venv/bin/python3 -m experiments.p3_specialization.train --scenario minimal_specialization --algorithm ppo --lambda-red 0.0 --seed 45 --output-dir experiments/p3_specialization/phase_diagram_ppo_v2/cell_b0.10_k0.10_c1.00/seed_45 --num-iterations 50 --rollout-steps 2048 --prob-fire-spreads-to-neighbor 0.1 --prob-solo-agent-extinguishes-fire 0.1 --cost-to-work-one-night 1.0",
  "git_sha": "0a9448d7",
  "wall_clock_seconds": 473.5822807360091,
  "cell": {
    "beta": 0.1,
    "kappa": 0.1,
    "c": 1.0,
    "tag": "b0.10_k0.10_c1.00",
    "ne_verdict": "asymmetric_only",
    "ne_verdict_detail": "All 1 converged restarts produced asymmetric profiles; best asymmetric team payoff = -9975.64."
  },
  "rollout_steps": 2048,
  "sweep": "phase_diagram_ppo",
  "gap_closed_homogeneous_mean": -0.08781356664279115,
  "gap_closed_homogeneous_per_seed": [
    -0.30162247290456284,
    0.33049747074532887,
    -0.3023995505007326,
    -0.07772971391119803
  ],
  "gap_closed_ne_mean": -0.3169214279138435,
  "gap_closed_ne_per_seed": [
    -1.0885632876371265,
    1.192773899921327,
    -1.0913677807330482,
    -0.2805285432065264
  ],
  "baseline_source": "per_cell"
}