{
  "trainer": "ippo",
  "scenario": "minimal_specialization",
  "seeds": [
    42,
    43,
    44,
    45
  ],
  "num_iterations": 50,
  "n_seeds_completed": 4,
  "n_seeds_failed": 0,
  "failed_seeds": [],
  "gap_closed_mean": 0.16458435367163798,
  "gap_closed_std": 0.1384043892618277,
  "gap_closed_per_seed": [
    0.22119667251221775,
    0.3228593960650488,
    0.1695659085882204,
    -0.05528456247893506
  ],
  "trailing5_team_mean": -77.953564453125,
  "iter0_gap_closed_mean": 0.10188106772149896,
  "min_iter_gap_closed_mean": -0.1310574358305949,
  "mean_traj_gap_closed": [
    0.10188106772149896,
    0.05858046091643493,
    0.07859534304432084,
    0.12152875148771905,
    0.04298738763112991,
    0.04966587211935455,
    0.08802935809529826,
    0.054103109464526435,
    0.0077672019163928015,
    0.16689472050629842,
    0.032670862231947234,
    0.0337117718734201,
    0.1607294908709344,
    0.0856471972952477,
    0.06478374752485673,
    0.14214945948401161,
    0.09691823272139363,
    0.07239822783693543,
    0.09544841070789094,
    0.18675634617511372,
    0.11216776468233904,
    0.13633394257404363,
    0.13719073875126386,
    0.03394114227860631,
    0.11035542991131612,
    0.1270192412764366,
    0.2517545704573222,
    0.14711435161779574,
    -0.01135282706121505,
    0.1758010807686636,
    0.15827533039212585,
    0.18893793644148127,
    0.08052390586819597,
    0.11788556774256401,
    0.21942465756129925,
    0.09544635357421215,
    0.1877427417740984,
    0.2106448110201803,
    0.17951214992521905,
    0.1131603316823601,
    0.029710646868153837,
    0.18517955321031343,
    0.1909858130187268,
    0.078032716983169,
    0.008058286331943021,
    0.16034583543983819,
    0.2531153643858485,
    0.09192762641662451,
    0.16259531111760614,
    0.15493763099827262
  ],
  "verdict_tier": "insufficient",
  "verdict_reason": "gap_closed_mean = 0.165 < 0.2",
  "command_invoked": "/home/sphere/GitHub/bucket-brigade/.venv/bin/python3 -m experiments.p3_specialization.train --scenario minimal_specialization --algorithm ppo --lambda-red 0.0 --seed 42 --output-dir experiments/p3_specialization/phase_diagram_ppo_v2/cell_b0.90_k0.70_c1.00/seed_42 --num-iterations 50 --rollout-steps 2048 --prob-fire-spreads-to-neighbor 0.9 --prob-solo-agent-extinguishes-fire 0.7 --cost-to-work-one-night 1.0 && /home/sphere/GitHub/bucket-brigade/.venv/bin/python3 -m experiments.p3_specialization.train --scenario minimal_specialization --algorithm ppo --lambda-red 0.0 --seed 43 --output-dir experiments/p3_specialization/phase_diagram_ppo_v2/cell_b0.90_k0.70_c1.00/seed_43 --num-iterations 50 --rollout-steps 2048 --prob-fire-spreads-to-neighbor 0.9 --prob-solo-agent-extinguishes-fire 0.7 --cost-to-work-one-night 1.0 && /home/sphere/GitHub/bucket-brigade/.venv/bin/python3 -m experiments.p3_specialization.train --scenario minimal_specialization --algorithm ppo --lambda-red 0.0 --seed 44 --output-dir experiments/p3_specialization/phase_diagram_ppo_v2/cell_b0.90_k0.70_c1.00/seed_44 --num-iterations 50 --rollout-steps 2048 --prob-fire-spreads-to-neighbor 0.9 --prob-solo-agent-extinguishes-fire 0.7 --cost-to-work-one-night 1.0 && /home/sphere/GitHub/bucket-brigade/.venv/bin/python3 -m experiments.p3_specialization.train --scenario minimal_specialization --algorithm ppo --lambda-red 0.0 --seed 45 --output-dir experiments/p3_specialization/phase_diagram_ppo_v2/cell_b0.90_k0.70_c1.00/seed_45 --num-iterations 50 --rollout-steps 2048 --prob-fire-spreads-to-neighbor 0.9 --prob-solo-agent-extinguishes-fire 0.7 --cost-to-work-one-night 1.0",
  "git_sha": "0a9448d7",
  "wall_clock_seconds": 469.49698344396893,
  "cell": {
    "beta": 0.9,
    "kappa": 0.7,
    "c": 1.0,
    "tag": "b0.90_k0.70_c1.00",
    "ne_verdict": "asymmetric_only",
    "ne_verdict_detail": "All 4 converged restarts produced asymmetric profiles; best asymmetric team payoff = -101.26."
  },
  "rollout_steps": 2048,
  "sweep": "phase_diagram_ppo",
  "gap_closed_homogeneous_mean": 0.06674446706010778,
  "gap_closed_homogeneous_per_seed": [
    0.10644896544622183,
    0.17774912636346019,
    0.07023823207797893,
    -0.08745845564722982
  ],
  "gap_closed_ne_mean": 0.15819374433032046,
  "gap_closed_ne_per_seed": [
    0.2522989719711389,
    0.42129034943909605,
    0.16647445723929596,
    -0.20728880132824906
  ],
  "baseline_source": "per_cell"
}