{
  "agent_scenario": "chain_reaction",
  "test_scenario": "greedy_neighbor",
  "evolved_version": "v4",
  "payoff": 64.1275,
  "num_simulations": 200,
  "seed": 42,
  "elapsed_time": 1.0954160690307617,
  "agent_metadata": {
    "scenario": "chain_reaction",
    "fitness": 68.8,
    "generation": 15000,
    "version": "v4",
    "parameters": {
      "honesty": 0.3060885233641002,
      "work_tendency": 0.06352264031873198,
      "neighbor_help": 0.014818693619284187,
      "own_priority": 0.9073119055652519,
      "risk_aversion": 0.9477873275024511,
      "coordination": 0.5571028379732136,
      "exploration": 0.5980114834945792,
      "fatigue_memory": 0.7947088089477861,
      "rest_bias": 1.0,
      "altruism": 0.8501413166770448
    }
  },
  "test_scenario_params": {
    "beta": 0.15,
    "kappa": 0.4,
    "c": 1.0,
    "A": 100.0,
    "L": 100.0,
    "num_agents": 4
  },
  "on_scenario_fitness": 68.8
}