{
  "trainer": "ippo",
  "scenario": "minimal_specialization",
  "seeds": [
    42,
    43,
    44,
    45
  ],
  "num_iterations": 50,
  "n_seeds_completed": 4,
  "n_seeds_failed": 0,
  "failed_seeds": [],
  "gap_closed_mean": -0.2530818742495576,
  "gap_closed_std": 0.044527446816642835,
  "gap_closed_per_seed": [
    -0.3017579770706944,
    -0.1899618130160936,
    -0.28744197237318836,
    -0.23316573453825404
  ],
  "trailing5_team_mean": -102.73787841796874,
  "iter0_gap_closed_mean": -0.1998860430227292,
  "min_iter_gap_closed_mean": -0.5771427598110466,
  "mean_traj_gap_closed": [
    -0.1998860430227292,
    -0.254958597304727,
    -0.3762739417446073,
    -0.12155039253402007,
    -0.2230719967164855,
    -0.20025632708491323,
    -0.23553308397581732,
    -0.1892249477323475,
    -0.3980384160663128,
    -0.19857564886933352,
    -0.3524677622466928,
    -0.3006259364072506,
    -0.2973118940507036,
    -0.3325413368669953,
    -0.3422396935956985,
    -0.26201456582301147,
    -0.2578159559845804,
    -0.2752871923186299,
    -0.4139770878096562,
    -0.2109379937120829,
    -0.2622933074364889,
    -0.27838523563890294,
    -0.24232162511585778,
    -0.18722027096235677,
    -0.3599176718644675,
    -0.22839483011038086,
    -0.25416557227154957,
    -0.33369436029396277,
    -0.33204556765040444,
    -0.3252899406492248,
    -0.2442018452982811,
    -0.2226955412532651,
    -0.24862571127454078,
    -0.3311157432275868,
    -0.24747063071389452,
    -0.1465311953625295,
    -0.3314150561778522,
    -0.22345256644706354,
    -0.26665545940238455,
    -0.297410636467286,
    -0.3784267321394717,
    -0.2603750302810078,
    -0.2849145779354146,
    -0.3112242891204289,
    -0.2841945811478345,
    -0.3730894988098247,
    -0.17138857017031092,
    -0.20205940475438153,
    -0.30434729123220006,
    -0.21452460628107095
  ],
  "verdict_tier": "insufficient",
  "verdict_reason": "gap_closed_mean = -0.253 < 0.2",
  "command_invoked": "/home/sphere/GitHub/bucket-brigade/.venv/bin/python3 -m experiments.p3_specialization.train --scenario minimal_specialization --algorithm ppo --lambda-red 0.0 --seed 42 --output-dir experiments/p3_specialization/phase_diagram_ppo_v2/cell_b0.50_k0.10_c2.00/seed_42 --num-iterations 50 --rollout-steps 2048 --prob-fire-spreads-to-neighbor 0.5 --prob-solo-agent-extinguishes-fire 0.1 --cost-to-work-one-night 2.0 && /home/sphere/GitHub/bucket-brigade/.venv/bin/python3 -m experiments.p3_specialization.train --scenario minimal_specialization --algorithm ppo --lambda-red 0.0 --seed 43 --output-dir experiments/p3_specialization/phase_diagram_ppo_v2/cell_b0.50_k0.10_c2.00/seed_43 --num-iterations 50 --rollout-steps 2048 --prob-fire-spreads-to-neighbor 0.5 --prob-solo-agent-extinguishes-fire 0.1 --cost-to-work-one-night 2.0 && /home/sphere/GitHub/bucket-brigade/.venv/bin/python3 -m experiments.p3_specialization.train --scenario minimal_specialization --algorithm ppo --lambda-red 0.0 --seed 44 --output-dir experiments/p3_specialization/phase_diagram_ppo_v2/cell_b0.50_k0.10_c2.00/seed_44 --num-iterations 50 --rollout-steps 2048 --prob-fire-spreads-to-neighbor 0.5 --prob-solo-agent-extinguishes-fire 0.1 --cost-to-work-one-night 2.0 && /home/sphere/GitHub/bucket-brigade/.venv/bin/python3 -m experiments.p3_specialization.train --scenario minimal_specialization --algorithm ppo --lambda-red 0.0 --seed 45 --output-dir experiments/p3_specialization/phase_diagram_ppo_v2/cell_b0.50_k0.10_c2.00/seed_45 --num-iterations 50 --rollout-steps 2048 --prob-fire-spreads-to-neighbor 0.5 --prob-solo-agent-extinguishes-fire 0.1 --cost-to-work-one-night 2.0",
  "git_sha": "0a9448d7",
  "wall_clock_seconds": 475.7124855060247,
  "cell": {
    "beta": 0.5,
    "kappa": 0.1,
    "c": 2.0,
    "tag": "b0.50_k0.10_c2.00",
    "ne_verdict": "no_convergence",
    "ne_verdict_detail": "No restart converged within max_iterations (20 attempted). Likely needs more iterations or a tighter epsilon. Compute budget?"
  },
  "rollout_steps": 2048,
  "sweep": "phase_diagram_ppo",
  "gap_closed_homogeneous_mean": -0.0568488946128529,
  "gap_closed_homogeneous_per_seed": [
    -0.24612494897384632,
    0.18859220376749083,
    -0.19045745042092688,
    0.020594617175870775
  ],
  "gap_closed_ne_mean": null,
  "gap_closed_ne_per_seed": [],
  "baseline_source": "per_cell"
}