{
  "scenario": "chain_reaction",
  "fitness": 70.0,
  "generation": 2500,
  "genome": [
    0.03877902776002884,
    0.0,
    0.6734379529953003,
    0.6538131833076477,
    0.2735898792743683,
    0.9018696546554565,
    0.6868285536766052,
    0.7517117857933044,
    0.1826997846364975,
    0.3525717258453369
  ],
  "parameters": {
    "honesty": 0.03877902776002884,
    "work_tendency": 0.0,
    "neighbor_help": 0.6734379529953003,
    "own_priority": 0.6538131833076477,
    "risk_aversion": 0.2735898792743683,
    "coordination": 0.9018696546554565,
    "exploration": 0.6868285536766052,
    "fatigue_memory": 0.7517117857933044,
    "rest_bias": 0.1826997846364975,
    "altruism": 0.3525717258453369
  }
}
