{
  "trainer": "het_ppo",
  "scenario": "rest_trap",
  "seeds": [
    42,
    43,
    44,
    45,
    46,
    47,
    48,
    49,
    50,
    51,
    52,
    53,
    54,
    55,
    56,
    57,
    58,
    59,
    60,
    61
  ],
  "num_iterations": 50,
  "n_seeds_completed": 20,
  "n_seeds_failed": 0,
  "failed_seeds": [],
  "gap_closed_mean": 6.6394274704858915,
  "gap_closed_std": 0.12368925897531559,
  "gap_closed_per_seed": [
    6.7068494610968035,
    6.7899591017139045,
    6.652135465215021,
    6.649288289346877,
    6.748193733773329,
    6.622083519298218,
    6.732935561850932,
    6.319210493488265,
    6.586252879164297,
    6.631388140640798,
    6.805166668147802,
    6.715171903964443,
    6.455381223076234,
    6.641984539076981,
    6.622277507004129,
    6.78699569779291,
    6.570818308028943,
    6.573315976885059,
    6.433038488477418,
    6.746102451675461
  ],
  "trailing5_team_mean": 306.2636260986328,
  "iter0_gap_closed_mean": 6.57348885325659,
  "min_iter_gap_closed_mean": 6.370674372442571,
  "mean_traj_gap_closed": [
    6.57348885325659,
    6.589323408321616,
    6.565196290255638,
    6.606483786042628,
    6.5962423203085505,
    6.574202910070673,
    6.5832393840382215,
    6.576632693515388,
    6.579654725746229,
    6.588824270548626,
    6.557933296946752,
    6.5651241620060246,
    6.601198495338371,
    6.591060220572455,
    6.588668982670048,
    6.6162786480550375,
    6.5916319237359655,
    6.579807905062787,
    6.566862568535465,
    6.591912876768147,
    6.6067762333092395,
    6.580086723818777,
    6.5780045702516095,
    6.604438532310822,
    6.608377146166423,
    6.595979264339374,
    6.611263099004413,
    6.602692745814309,
    6.573640926863796,
    6.607997270718463,
    6.63994851673256,
    6.614417739215024,
    6.649174195570218,
    6.629100607989972,
    6.6264288541962895,
    6.586202685102533,
    6.635508785112804,
    6.638861141584118,
    6.602884959242422,
    6.630386162254196,
    6.609016374742941,
    6.5788013238395795,
    6.6272981217464375,
    6.6235500756120045,
    6.644755806712378,
    6.6663950015930435,
    6.635431282601454,
    6.638444623442502,
    6.6220654936643575,
    6.634800951128099
  ],
  "verdict_tier": "closed",
  "verdict_reason": "gap_closed_mean = 6.639 >= 0.88",
  "command_invoked": "/home/sphere/GitHub/bucket-brigade/.venv/bin/python3 -m experiments.p3_specialization.train --scenario rest_trap --lambda-red 0.0 --seed 42 --output-dir experiments/p3_specialization/tier1_runs/het_ppo_rest_trap/seed_42 --num-iterations 50 --rollout-steps 2048 --algorithm ppo --per-agent-init-seed-offset 1000 && /home/sphere/GitHub/bucket-brigade/.venv/bin/python3 -m experiments.p3_specialization.train --scenario rest_trap --lambda-red 0.0 --seed 43 --output-dir experiments/p3_specialization/tier1_runs/het_ppo_rest_trap/seed_43 --num-iterations 50 --rollout-steps 2048 --algorithm ppo --per-agent-init-seed-offset 1000 && /home/sphere/GitHub/bucket-brigade/.venv/bin/python3 -m experiments.p3_specialization.train --scenario rest_trap --lambda-red 0.0 --seed 44 --output-dir experiments/p3_specialization/tier1_runs/het_ppo_rest_trap/seed_44 --num-iterations 50 --rollout-steps 2048 --algorithm ppo --per-agent-init-seed-offset 1000 && /home/sphere/GitHub/bucket-brigade/.venv/bin/python3 -m experiments.p3_specialization.train --scenario rest_trap --lambda-red 0.0 --seed 45 --output-dir experiments/p3_specialization/tier1_runs/het_ppo_rest_trap/seed_45 --num-iterations 50 --rollout-steps 2048 --algorithm ppo --per-agent-init-seed-offset 1000 && /home/sphere/GitHub/bucket-brigade/.venv/bin/python3 -m experiments.p3_specialization.train --scenario rest_trap --lambda-red 0.0 --seed 46 --output-dir experiments/p3_specialization/tier1_runs/het_ppo_rest_trap/seed_46 --num-iterations 50 --rollout-steps 2048 --algorithm ppo --per-agent-init-seed-offset 1000 && /home/sphere/GitHub/bucket-brigade/.venv/bin/python3 -m experiments.p3_specialization.train --scenario rest_trap --lambda-red 0.0 --seed 47 --output-dir experiments/p3_specialization/tier1_runs/het_ppo_rest_trap/seed_47 --num-iterations 50 --rollout-steps 2048 --algorithm ppo --per-agent-init-seed-offset 1000 && /home/sphere/GitHub/bucket-brigade/.venv/bin/python3 -m experiments.p3_specialization.train --scenario rest_trap --lambda-red 0.0 --seed 48 --output-dir experiments/p3_specialization/tier1_runs/het_ppo_rest_trap/seed_48 --num-iterations 50 --rollout-steps 2048 --algorithm ppo --per-agent-init-seed-offset 1000 && /home/sphere/GitHub/bucket-brigade/.venv/bin/python3 -m experiments.p3_specialization.train --scenario rest_trap --lambda-red 0.0 --seed 49 --output-dir experiments/p3_specialization/tier1_runs/het_ppo_rest_trap/seed_49 --num-iterations 50 --rollout-steps 2048 --algorithm ppo --per-agent-init-seed-offset 1000 && /home/sphere/GitHub/bucket-brigade/.venv/bin/python3 -m experiments.p3_specialization.train --scenario rest_trap --lambda-red 0.0 --seed 50 --output-dir experiments/p3_specialization/tier1_runs/het_ppo_rest_trap/seed_50 --num-iterations 50 --rollout-steps 2048 --algorithm ppo --per-agent-init-seed-offset 1000 && /home/sphere/GitHub/bucket-brigade/.venv/bin/python3 -m experiments.p3_specialization.train --scenario rest_trap --lambda-red 0.0 --seed 51 --output-dir experiments/p3_specialization/tier1_runs/het_ppo_rest_trap/seed_51 --num-iterations 50 --rollout-steps 2048 --algorithm ppo --per-agent-init-seed-offset 1000 && /home/sphere/GitHub/bucket-brigade/.venv/bin/python3 -m experiments.p3_specialization.train --scenario rest_trap --lambda-red 0.0 --seed 52 --output-dir experiments/p3_specialization/tier1_runs/het_ppo_rest_trap/seed_52 --num-iterations 50 --rollout-steps 2048 --algorithm ppo --per-agent-init-seed-offset 1000 && /home/sphere/GitHub/bucket-brigade/.venv/bin/python3 -m experiments.p3_specialization.train --scenario rest_trap --lambda-red 0.0 --seed 53 --output-dir experiments/p3_specialization/tier1_runs/het_ppo_rest_trap/seed_53 --num-iterations 50 --rollout-steps 2048 --algorithm ppo --per-agent-init-seed-offset 1000 && /home/sphere/GitHub/bucket-brigade/.venv/bin/python3 -m experiments.p3_specialization.train --scenario rest_trap --lambda-red 0.0 --seed 54 --output-dir experiments/p3_specialization/tier1_runs/het_ppo_rest_trap/seed_54 --num-iterations 50 --rollout-steps 2048 --algorithm ppo --per-agent-init-seed-offset 1000 && /home/sphere/GitHub/bucket-brigade/.venv/bin/python3 -m experiments.p3_specialization.train --scenario rest_trap --lambda-red 0.0 --seed 55 --output-dir experiments/p3_specialization/tier1_runs/het_ppo_rest_trap/seed_55 --num-iterations 50 --rollout-steps 2048 --algorithm ppo --per-agent-init-seed-offset 1000 && /home/sphere/GitHub/bucket-brigade/.venv/bin/python3 -m experiments.p3_specialization.train --scenario rest_trap --lambda-red 0.0 --seed 56 --output-dir experiments/p3_specialization/tier1_runs/het_ppo_rest_trap/seed_56 --num-iterations 50 --rollout-steps 2048 --algorithm ppo --per-agent-init-seed-offset 1000 && /home/sphere/GitHub/bucket-brigade/.venv/bin/python3 -m experiments.p3_specialization.train --scenario rest_trap --lambda-red 0.0 --seed 57 --output-dir experiments/p3_specialization/tier1_runs/het_ppo_rest_trap/seed_57 --num-iterations 50 --rollout-steps 2048 --algorithm ppo --per-agent-init-seed-offset 1000 && /home/sphere/GitHub/bucket-brigade/.venv/bin/python3 -m experiments.p3_specialization.train --scenario rest_trap --lambda-red 0.0 --seed 58 --output-dir experiments/p3_specialization/tier1_runs/het_ppo_rest_trap/seed_58 --num-iterations 50 --rollout-steps 2048 --algorithm ppo --per-agent-init-seed-offset 1000 && /home/sphere/GitHub/bucket-brigade/.venv/bin/python3 -m experiments.p3_specialization.train --scenario rest_trap --lambda-red 0.0 --seed 59 --output-dir experiments/p3_specialization/tier1_runs/het_ppo_rest_trap/seed_59 --num-iterations 50 --rollout-steps 2048 --algorithm ppo --per-agent-init-seed-offset 1000 && 