{
  "trainer": "ippo",
  "scenario": "minimal_specialization",
  "seeds": [
    42,
    43,
    44,
    45
  ],
  "num_iterations": 50,
  "n_seeds_completed": 4,
  "n_seeds_failed": 0,
  "failed_seeds": [],
  "gap_closed_mean": 0.31867852425266563,
  "gap_closed_std": 0.1819521918141419,
  "gap_closed_per_seed": [
    0.42032172267707535,
    0.4844981673648134,
    0.3564561714584919,
    0.013438035510281866
  ],
  "trailing5_team_mean": -66.7987548828125,
  "iter0_gap_closed_mean": 0.2616920488623381,
  "min_iter_gap_closed_mean": -0.01408830862052553,
  "mean_traj_gap_closed": [
    0.2616920488623381,
    0.1512337561881188,
    0.15958622905559783,
    0.2096694562785605,
    0.11198159629664887,
    0.1701476818354912,
    0.17990958801408985,
    0.29228493312071585,
    0.13909738254474482,
    0.14693479864813402,
    0.1482010573353008,
    0.04563596308549122,
    0.19931253867574253,
    0.15050672660415076,
    0.13168949031321397,
    0.23022152275323682,
    0.14846323424409746,
    0.15393733934691542,
    0.16855602627570446,
    0.1815886358768088,
    0.1565479519706778,
    0.22667562654702966,
    0.1428571109815308,
    0.1522917608768088,
    0.25152850997239146,
    0.1637699031321401,
    0.2984935054503046,
    0.16666872441450872,
    0.15509203339204108,
    0.264683840679741,
    0.33762480364623,
    0.19566809370239904,
    0.2674153149990479,
    0.21413947960300833,
    0.299785795887281,
    0.29578992229150797,
    0.23931775990099005,
    0.2566344517564737,
    0.2645741354484006,
    0.1343335723295887,
    0.17657008639565877,
    0.2360544941212871,
    0.31877967619478287,
    0.17315620834920029,
    0.2728801230483625,
    0.3025693337062071,
    0.3900155595487433,
    0.295955409843869,
    0.35194226604150797,
    0.2529100521230007
  ],
  "verdict_tier": "partial_lower",
  "verdict_reason": "0.2 <= gap_closed_mean < 0.49",
  "command_invoked": "/home/sphere/GitHub/bucket-brigade/.venv/bin/python3 -m experiments.p3_specialization.train --scenario minimal_specialization --algorithm ppo --lambda-red 0.0 --seed 42 --output-dir experiments/p3_specialization/phase_diagram_ppo/cell_b0.50_k0.90_c0.50/seed_42 --num-iterations 50 --rollout-steps 2048 --prob-fire-spreads-to-neighbor 0.5 --prob-solo-agent-extinguishes-fire 0.9 --cost-to-work-one-night 0.5 && /home/sphere/GitHub/bucket-brigade/.venv/bin/python3 -m experiments.p3_specialization.train --scenario minimal_specialization --algorithm ppo --lambda-red 0.0 --seed 43 --output-dir experiments/p3_specialization/phase_diagram_ppo/cell_b0.50_k0.90_c0.50/seed_43 --num-iterations 50 --rollout-steps 2048 --prob-fire-spreads-to-neighbor 0.5 --prob-solo-agent-extinguishes-fire 0.9 --cost-to-work-one-night 0.5 && /home/sphere/GitHub/bucket-brigade/.venv/bin/python3 -m experiments.p3_specialization.train --scenario minimal_specialization --algorithm ppo --lambda-red 0.0 --seed 44 --output-dir experiments/p3_specialization/phase_diagram_ppo/cell_b0.50_k0.90_c0.50/seed_44 --num-iterations 50 --rollout-steps 2048 --prob-fire-spreads-to-neighbor 0.5 --prob-solo-agent-extinguishes-fire 0.9 --cost-to-work-one-night 0.5 && /home/sphere/GitHub/bucket-brigade/.venv/bin/python3 -m experiments.p3_specialization.train --scenario minimal_specialization --algorithm ppo --lambda-red 0.0 --seed 45 --output-dir experiments/p3_specialization/phase_diagram_ppo/cell_b0.50_k0.90_c0.50/seed_45 --num-iterations 50 --rollout-steps 2048 --prob-fire-spreads-to-neighbor 0.5 --prob-solo-agent-extinguishes-fire 0.9 --cost-to-work-one-night 0.5",
  "git_sha": "d65c90c9",
  "wall_clock_seconds": 468.611628166982,
  "cell": {
    "beta": 0.5,
    "kappa": 0.9,
    "c": 0.5,
    "tag": "b0.50_k0.90_c0.50",
    "ne_verdict": "asymmetric_only",
    "ne_verdict_detail": "All 14 converged restarts produced asymmetric profiles; best asymmetric team payoff = 72.01."
  },
  "rollout_steps": 2048,
  "sweep": "phase_diagram_ppo"
}