{
  "trainer": "ippo",
  "scenario": "minimal_specialization",
  "seeds": [
    42,
    43,
    44,
    45
  ],
  "num_iterations": 50,
  "n_seeds_completed": 4,
  "n_seeds_failed": 0,
  "failed_seeds": [],
  "gap_closed_mean": 0.027495525322821873,
  "gap_closed_std": 0.08640376903093899,
  "gap_closed_per_seed": [
    0.06880338673323219,
    0.11108818092770463,
    0.046801930611729096,
    -0.11671139698137842
  ],
  "trailing5_team_mean": -86.08841552734376,
  "iter0_gap_closed_mean": 0.03424148379571114,
  "min_iter_gap_closed_mean": -0.33724291588989297,
  "mean_traj_gap_closed": [
    0.03424148379571113,
    -0.011091571084007433,
    -0.06491235952245536,
    0.10188826768937477,
    -0.04140035014060922,
    0.011953468952751076,
    -0.015718064727628937,
    0.02881065088367878,
    -0.059467126674671404,
    -0.027802696523740327,
    -0.028206923291624553,
    -0.04791117823401164,
    -0.0020679542019506427,
    -0.04377222527226577,
    -0.04622741431791373,
    -0.013257732847783974,
    -0.019325248633404974,
    -0.004775142123251619,
    -0.0794336661611055,
    0.06328512563985084,
    -0.0731974654138229,
    -0.031107481778732744,
    0.02396610107010446,
    0.013913917348647603,
    -0.04893460223921471,
    -0.013907787090284817,
    -0.005788280460060686,
    -0.006994789362676965,
    -0.14717404963715455,
    -0.011437169542045857,
    0.0870892480040866,
    -0.019824103550514005,
    0.018032298973605473,
    0.001897170963936617,
    0.08410023276879,
    0.059655313263608,
    -0.11399248339810837,
    0.10680173148118889,
    -0.0685987430748652,
    -0.020687071128770662,
    -0.09947837672733402,
    -0.00033276194388272897,
    -0.03425695344097575,
    0.014095973679221416,
    -0.05897855742595637,
    0.03109509783398633,
    0.008878054102944875,
    0.013931402984917405,
    0.005046642626179623,
    0.07852642906608104
  ],
  "verdict_tier": "insufficient",
  "verdict_reason": "gap_closed_mean = 0.027 < 0.2",
  "command_invoked": "/home/sphere/GitHub/bucket-brigade/.venv/bin/python3 -m experiments.p3_specialization.train --scenario minimal_specialization --algorithm ppo --lambda-red 0.0 --seed 42 --output-dir experiments/p3_specialization/phase_diagram_ppo_v2/cell_b0.90_k0.50_c1.00/seed_42 --num-iterations 50 --rollout-steps 2048 --prob-fire-spreads-to-neighbor 0.9 --prob-solo-agent-extinguishes-fire 0.5 --cost-to-work-one-night 1.0 && /home/sphere/GitHub/bucket-brigade/.venv/bin/python3 -m experiments.p3_specialization.train --scenario minimal_specialization --algorithm ppo --lambda-red 0.0 --seed 43 --output-dir experiments/p3_specialization/phase_diagram_ppo_v2/cell_b0.90_k0.50_c1.00/seed_43 --num-iterations 50 --rollout-steps 2048 --prob-fire-spreads-to-neighbor 0.9 --prob-solo-agent-extinguishes-fire 0.5 --cost-to-work-one-night 1.0 && /home/sphere/GitHub/bucket-brigade/.venv/bin/python3 -m experiments.p3_specialization.train --scenario minimal_specialization --algorithm ppo --lambda-red 0.0 --seed 44 --output-dir experiments/p3_specialization/phase_diagram_ppo_v2/cell_b0.90_k0.50_c1.00/seed_44 --num-iterations 50 --rollout-steps 2048 --prob-fire-spreads-to-neighbor 0.9 --prob-solo-agent-extinguishes-fire 0.5 --cost-to-work-one-night 1.0 && /home/sphere/GitHub/bucket-brigade/.venv/bin/python3 -m experiments.p3_specialization.train --scenario minimal_specialization --algorithm ppo --lambda-red 0.0 --seed 45 --output-dir experiments/p3_specialization/phase_diagram_ppo_v2/cell_b0.90_k0.50_c1.00/seed_45 --num-iterations 50 --rollout-steps 2048 --prob-fire-spreads-to-neighbor 0.9 --prob-solo-agent-extinguishes-fire 0.5 --cost-to-work-one-night 1.0",
  "git_sha": "0a9448d7",
  "wall_clock_seconds": 472.5718019970227,
  "cell": {
    "beta": 0.9,
    "kappa": 0.5,
    "c": 1.0,
    "tag": "b0.90_k0.50_c1.00",
    "ne_verdict": "symmetric_only",
    "ne_verdict_detail": "Symmetric NE (-758.30) dominates best asymmetric NE (-815.00) by gap=56.71 > epsilon=50.0."
  },
  "rollout_steps": 2048,
  "sweep": "phase_diagram_ppo",
  "gap_closed_homogeneous_mean": 0.04698522986251891,
  "gap_closed_homogeneous_per_seed": [
    0.08753107857268173,
    0.12903583843220262,
    0.06593548681733287,
    -0.09456148437214158
  ],
  "gap_closed_ne_mean": 0.15851318899573574,
  "gap_closed_ne_per_seed": [
    0.29530195853868396,
    0.43532578864626226,
    0.22244531555945884,
    -0.31902030676146204
  ],
  "baseline_source": "per_cell"
}