{
  "scenario": "trivial_cooperation",
  "fitness": 68.29,
  "generation": 12000,
  "genome": [
    0.4759170126895064,
    0.0,
    0.6406774874352585,
    0.2087471083556242,
    0.49636136529834957,
    0.08188496238033055,
    0.22139044327314694,
    0.48994763966532384,
    0.9287979924587335,
    0.5181790254602929
  ],
  "parameters": {
    "honesty": 0.4759170126895064,
    "work_tendency": 0.0,
    "neighbor_help": 0.6406774874352585,
    "own_priority": 0.2087471083556242,
    "risk_aversion": 0.49636136529834957,
    "coordination": 0.08188496238033055,
    "exploration": 0.22139044327314694,
    "fatigue_memory": 0.48994763966532384,
    "rest_bias": 0.9287979924587335,
    "altruism": 0.5181790254602929
  }
}