{
  "trainer": "ippo",
  "scenario": "minimal_specialization",
  "seeds": [
    42,
    43,
    44,
    45
  ],
  "num_iterations": 50,
  "n_seeds_completed": 4,
  "n_seeds_failed": 0,
  "failed_seeds": [],
  "gap_closed_mean": -0.17777370739593865,
  "gap_closed_std": 0.05353202687814105,
  "gap_closed_per_seed": [
    -0.203491992648298,
    -0.08566431264745546,
    -0.2034442671469497,
    -0.21849425714105147
  ],
  "trailing5_team_mean": -98.269091796875,
  "iter0_gap_closed_mean": -0.14333646675935288,
  "min_iter_gap_closed_mean": -0.5463022116984748,
  "mean_traj_gap_closed": [
    -0.14333646675935288,
    -0.1649898558624031,
    -0.2705784133278564,
    -0.07376626287601114,
    -0.14889484195947086,
    -0.2000824992890546,
    -0.17366478858590328,
    -0.1312631491984749,
    -0.3028507264808729,
    -0.117305497187816,
    -0.2755031913549039,
    -0.23776301688363669,
    -0.24264665223710818,
    -0.29344345416771994,
    -0.2154266593992248,
    -0.2427844801935878,
    -0.18244052085966464,
    -0.17510066789370576,
    -0.39012256567028986,
    -0.16540333973184193,
    -0.19002517273340075,
    -0.19978627203930738,
    -0.1815580105114594,
    -0.13379753789075666,
    -0.2702924717465032,
    -0.1587279409441355,
    -0.19449120995007585,
    -0.26982755953509435,
    -0.2864615424618723,
    -0.28782130782355914,
    -0.11407785444577857,
    -0.1341287364130435,
    -0.1892064335292383,
    -0.261103255603303,
    -0.15160820128180824,
    -0.07645493659420291,
    -0.24041466219561006,
    -0.16223741100016853,
    -0.22532147239425346,
    -0.24018426322358444,
    -0.3174316899962083,
    -0.23003642278606337,
    -0.2214910894843276,
    -0.2336487495260364,
    -0.2181461901225986,
    -0.3362647488256235,
    -0.09243475101112236,
    -0.10771308284357096,
    -0.22691986526268115,
    -0.12553608903669533
  ],
  "verdict_tier": "insufficient",
  "verdict_reason": "gap_closed_mean = -0.178 < 0.2",
  "command_invoked": "/home/sphere/GitHub/bucket-brigade/.venv/bin/python3 -m experiments.p3_specialization.train --scenario minimal_specialization --algorithm ppo --lambda-red 0.0 --seed 42 --output-dir experiments/p3_specialization/phase_diagram_ppo_v2/cell_b0.10_k0.10_c0.50/seed_42 --num-iterations 50 --rollout-steps 2048 --prob-fire-spreads-to-neighbor 0.1 --prob-solo-agent-extinguishes-fire 0.1 --cost-to-work-one-night 0.5 && /home/sphere/GitHub/bucket-brigade/.venv/bin/python3 -m experiments.p3_specialization.train --scenario minimal_specialization --algorithm ppo --lambda-red 0.0 --seed 43 --output-dir experiments/p3_specialization/phase_diagram_ppo_v2/cell_b0.10_k0.10_c0.50/seed_43 --num-iterations 50 --rollout-steps 2048 --prob-fire-spreads-to-neighbor 0.1 --prob-solo-agent-extinguishes-fire 0.1 --cost-to-work-one-night 0.5 && /home/sphere/GitHub/bucket-brigade/.venv/bin/python3 -m experiments.p3_specialization.train --scenario minimal_specialization --algorithm ppo --lambda-red 0.0 --seed 44 --output-dir experiments/p3_specialization/phase_diagram_ppo_v2/cell_b0.10_k0.10_c0.50/seed_44 --num-iterations 50 --rollout-steps 2048 --prob-fire-spreads-to-neighbor 0.1 --prob-solo-agent-extinguishes-fire 0.1 --cost-to-work-one-night 0.5 && /home/sphere/GitHub/bucket-brigade/.venv/bin/python3 -m experiments.p3_specialization.train --scenario minimal_specialization --algorithm ppo --lambda-red 0.0 --seed 45 --output-dir experiments/p3_specialization/phase_diagram_ppo_v2/cell_b0.10_k0.10_c0.50/seed_45 --num-iterations 50 --rollout-steps 2048 --prob-fire-spreads-to-neighbor 0.1 --prob-solo-agent-extinguishes-fire 0.1 --cost-to-work-one-night 0.5",
  "git_sha": "0a9448d7",
  "wall_clock_seconds": 477.7774282710161,
  "cell": {
    "beta": 0.1,
    "kappa": 0.1,
    "c": 0.5,
    "tag": "b0.10_k0.10_c0.50",
    "ne_verdict": "no_convergence",
    "ne_verdict_detail": "No restart converged within max_iterations (20 attempted). Likely needs more iterations or a tighter epsilon. Compute budget?"
  },
  "rollout_steps": 2048,
  "sweep": "phase_diagram_ppo",
  "gap_closed_homogeneous_mean": 0.04800138511686598,
  "gap_closed_homogeneous_per_seed": [
    -0.07369909605577969,
    0.4838686115441492,
    -0.07347325609711597,
    -0.1446907189237896
  ],
  "gap_closed_ne_mean": null,
  "gap_closed_ne_per_seed": [],
  "baseline_source": "per_cell"
}