{
  "scenario": "rest_trap",
  "fitness": -0.1,
  "generation": 10,
  "genome": [
    0.3165586590766907,
    1.0,
    0.4629952311515808,
    0.9478677853821443,
    0.7125926839793253,
    0.9346832036972046,
    0.1749609828881719,
    0.2500357925891876,
    0.07300294666211062,
    0.6042573891240952
  ],
  "parameters": {
    "honesty": 0.3165586590766907,
    "work_tendency": 1.0,
    "neighbor_help": 0.4629952311515808,
    "own_priority": 0.9478677853821443,
    "risk_aversion": 0.7125926839793253,
    "coordination": 0.9346832036972046,
    "exploration": 0.1749609828881719,
    "fatigue_memory": 0.2500357925891876,
    "rest_bias": 0.07300294666211062,
    "altruism": 0.6042573891240952
  }
}
