{
  "scenario": "rest_trap",
  "fitness": 0.25,
  "generation": 200,
  "genome": [
    0.993068801531388,
    0.5680428985933041,
    0.461482548547493,
    0.0,
    0.9778558741967976,
    0.17827003702089678,
    0.0002759381914534756,
    0.019086461242114126,
    0.1759438480384913,
    0.1340330369953407
  ],
  "parameters": {
    "honesty": 0.993068801531388,
    "work_tendency": 0.5680428985933041,
    "neighbor_help": 0.461482548547493,
    "own_priority": 0.0,
    "risk_aversion": 0.9778558741967976,
    "coordination": 0.17827003702089678,
    "exploration": 0.0002759381914534756,
    "fatigue_memory": 0.019086461242114126,
    "rest_bias": 0.1759438480384913,
    "altruism": 0.1340330369953407
  }
}