{
  "scenario": "rest_trap",
  "fitness": 0.1,
  "generation": 1000,
  "genome": [
    1.0,
    0.517583440152282,
    0.017256734864663614,
    0.0,
    1.0,
    0.1872055459309746,
    0.0,
    0.0,
    0.08920390707932603,
    0.16055777337935695
  ],
  "parameters": {
    "honesty": 1.0,
    "work_tendency": 0.517583440152282,
    "neighbor_help": 0.017256734864663614,
    "own_priority": 0.0,
    "risk_aversion": 1.0,
    "coordination": 0.1872055459309746,
    "exploration": 0.0,
    "fatigue_memory": 0.0,
    "rest_bias": 0.08920390707932603,
    "altruism": 0.16055777337935695
  }
}