{
  "scenario": "mixed_motivation",
  "strategies": {
    "best_heuristic": [
      0.9,
      0.6,
      0.7,
      0.6,
      0.8,
      1.0,
      0.05,
      0.0,
      0.2,
      0.6
    ],
    "evolved": [
      1.0,
      0.4514507379372163,
      0.15574273133655128,
      0.0,
      0.9690421163246777,
      0.03709414637774654,
      0.0,
      0.0,
      0.0,
      0.0
    ],
    "nash_strategy_1": [
      0.9,
      0.6,
      0.7,
      0.6,
      0.8,
      1.0,
      0.05,
      0.0,
      0.2,
      0.6
    ]
  },
  "tournament": {
    "best_heuristic": {
      "mean_payoff": 63.58625062257052,
      "std_payoff": 32.02538972791457,
      "payoffs": [
        49.50000071525574,
        45.62500077486038,
        66.85000082850456,
        80.2250007390976,
        74.95000076293945,
        54.12500059604645,
        104.75000071525574,
        115.69999933242798,
        61.8000006377697,
        34.35000079870224,
        80.77500069141388,
        96.15000057220459,
        43.475000739097595,
        -19.374999582767487,
        108.00000071525574,
        25.675000727176666,
        77.70000076293945,
        90.77500069141388,
        48.850000619888306,
        31.82500061392784
      ]
    },
    "evolved": {
      "mean_payoff": 114.05249978154897,
      "std_payoff": 30.974886224406543,
      "payoffs": [
        64.90000057220459,
        80.85000038146973,
        101.10000026226044,
        86.55000019073486,
        113.35000026226044,
        161.3499984741211,
        108.60000038146973,
        119.50000011920929,
        139.89999890327454,
        155.99999845027924,
        153.59999895095825,
        121.35000002384186,
        58.000000447034836,
        86.50000047683716,
        112.69999980926514,
        115.30000042915344,
        83.2000002861023,
        163.19999885559082,
        107.950000166893,
        147.1499981880188
      ]
    },
    "nash_strategy_1": {
      "mean_payoff": 66.23375051468611,
      "std_payoff": 33.21456767705033,
      "payoffs": [
        27.12500074505806,
        87.82500052452087,
        72.3500006198883,
        81.6000006198883,
        110.05000054836273,
        53.575000643730164,
        103.92500078678131,
        48.65000054240227,
        62.350000619888306,
        42.75000065565109,
        64.70000076293945,
        72.87500035762787,
        17.400000631809235,
        53.42500078678131,
        119.90000033378601,
        -8.299999743700027,
        52.92500078678131,
        90.77500069141388,
        47.475000739097595,
        123.2999986410141
      ]
    }
  },
  "distances": {
    "best_heuristic_vs_evolved": 1.4305753310412987,
    "best_heuristic_vs_nash_strategy_1": 0.0,
    "evolved_vs_nash_strategy_1": 1.4305753310412987
  },
  "ranking": [
    {
      "name": "evolved",
      "mean_payoff": 114.05249978154897,
      "std_payoff": 30.974886224406543
    },
    {
      "name": "nash_strategy_1",
      "mean_payoff": 66.23375051468611,
      "std_payoff": 33.21456767705033
    },
    {
      "name": "best_heuristic",
      "mean_payoff": 63.58625062257052,
      "std_payoff": 32.02538972791457
    }
  ],
  "insights": {
    "evolution_vs_nash": {
      "evolved_payoff": 114.05249978154897,
      "best_nash_payoff": 66.23375051468611,
      "gap": 47.818749266862866
    }
  }
}
