{
  "scenario": "mixed_motivation",
  "strategies": {
    "best_heuristic": [
      0.9,
      0.6,
      0.7,
      0.6,
      0.8,
      1.0,
      0.05,
      0.0,
      0.2,
      0.6
    ],
    "evolved": [
      0.10198594629764557,
      0.056137690762058004,
      0.47610616222300334,
      0.4128444492816925,
      0.11768580228090286,
      0.6921097040176392,
      0.1632707417011261,
      0.23799779097734197,
      0.12750309705734253,
      0.5095521866413296
    ]
  },
  "tournament": {
    "best_heuristic": {
      "mean_payoff": 77.970000359416,
      "std_payoff": 42.38301467421582,
      "payoffs": [
        4.9000004529953,
        47.00000065565109,
        78.05000066757202,
        121.60000050067902,
        109.2250006198883,
        152.79999780654907,
        104.20000076293945,
        47.000000685453415,
        38.80000081658363,
        76.12500062584877
      ]
    },
    "evolved": {
      "mean_payoff": 31.99250017106533,
      "std_payoff": 20.92322592309498,
      "payoffs": [
        6.249999970197678,
        41.42500030994415,
        26.675000071525574,
        7.7000002562999725,
        81.27500021457672,
        21.575000166893005,
        49.475000232458115,
        23.07500010728836,
        24.750000178813934,
        37.72500020265579
      ]
    }
  },
  "distances": {
    "best_heuristic_vs_evolved": 1.2888084450986876
  },
  "ranking": [
    {
      "name": "best_heuristic",
      "mean_payoff": 77.970000359416,
      "std_payoff": 42.38301467421582
    },
    {
      "name": "evolved",
      "mean_payoff": 31.99250017106533,
      "std_payoff": 20.92322592309498
    }
  ],
  "insights": {}
}