{
  "trainer": "ippo",
  "scenario": "minimal_specialization",
  "seeds": [
    42,
    43,
    44,
    45
  ],
  "num_iterations": 50,
  "n_seeds_completed": 4,
  "n_seeds_failed": 0,
  "failed_seeds": [],
  "gap_closed_mean": 0.15052158212999237,
  "gap_closed_std": 0.14073657029649747,
  "gap_closed_per_seed": [
    0.19081939090411182,
    0.30983033419700035,
    0.17780596325202216,
    -0.07636935983316488
  ],
  "trailing5_team_mean": -78.78804931640624,
  "iter0_gap_closed_mean": 0.10590173549671382,
  "min_iter_gap_closed_mean": -0.16175604171932928,
  "mean_traj_gap_closed": [
    0.10590173549671383,
    0.10956034774445987,
    0.08943232326423994,
    0.13859781818756317,
    0.06481049026268114,
    0.04803250797838724,
    0.034050170363582724,
    0.1602974927983864,
    0.05883760262628494,
    0.09859376810277636,
    0.029931788738624853,
    0.05955965654754379,
    0.037436212398887746,
    0.06775424855704414,
    0.06335095391757244,
    0.1910125557565512,
    0.12592073189195735,
    -0.0151677814685499,
    0.10318323334017945,
    0.25713088932686634,
    0.09247790967570355,
    0.05729783806770304,
    0.10522288138270978,
    0.08659039308697757,
    0.126655128615289,
    0.09234625312026033,
    0.14889788651731545,
    0.075016959010048,
    0.01139290002527804,
    0.1620378278906513,
    0.1653158704078193,
    0.1267692995344624,
    0.12885831878528392,
    0.22071756607842513,
    0.16595358184824735,
    0.1757311382235844,
    0.1466360680374747,
    0.12779375210650487,
    0.06248592920563698,
    0.05094849496808643,
    0.03633667444756907,
    0.1422471733337546,
    0.20584757528121836,
    0.06798876179642735,
    0.06384363743364507,
    0.07553535669710564,
    0.2262265700702519,
    0.11089748463567996,
    0.20578071843665738,
    0.1341677808102671
  ],
  "verdict_tier": "insufficient",
  "verdict_reason": "gap_closed_mean = 0.151 < 0.2",
  "command_invoked": "/home/sphere/GitHub/bucket-brigade/.venv/bin/python3 -m experiments.p3_specialization.train --scenario minimal_specialization --algorithm ppo --lambda-red 0.0 --seed 42 --output-dir experiments/p3_specialization/phase_diagram_ppo_v2/cell_b0.50_k0.70_c1.00/seed_42 --num-iterations 50 --rollout-steps 2048 --prob-fire-spreads-to-neighbor 0.5 --prob-solo-agent-extinguishes-fire 0.7 --cost-to-work-one-night 1.0 && /home/sphere/GitHub/bucket-brigade/.venv/bin/python3 -m experiments.p3_specialization.train --scenario minimal_specialization --algorithm ppo --lambda-red 0.0 --seed 43 --output-dir experiments/p3_specialization/phase_diagram_ppo_v2/cell_b0.50_k0.70_c1.00/seed_43 --num-iterations 50 --rollout-steps 2048 --prob-fire-spreads-to-neighbor 0.5 --prob-solo-agent-extinguishes-fire 0.7 --cost-to-work-one-night 1.0 && /home/sphere/GitHub/bucket-brigade/.venv/bin/python3 -m experiments.p3_specialization.train --scenario minimal_specialization --algorithm ppo --lambda-red 0.0 --seed 44 --output-dir experiments/p3_specialization/phase_diagram_ppo_v2/cell_b0.50_k0.70_c1.00/seed_44 --num-iterations 50 --rollout-steps 2048 --prob-fire-spreads-to-neighbor 0.5 --prob-solo-agent-extinguishes-fire 0.7 --cost-to-work-one-night 1.0 && /home/sphere/GitHub/bucket-brigade/.venv/bin/python3 -m experiments.p3_specialization.train --scenario minimal_specialization --algorithm ppo --lambda-red 0.0 --seed 45 --output-dir experiments/p3_specialization/phase_diagram_ppo_v2/cell_b0.50_k0.70_c1.00/seed_45 --num-iterations 50 --rollout-steps 2048 --prob-fire-spreads-to-neighbor 0.5 --prob-solo-agent-extinguishes-fire 0.7 --cost-to-work-one-night 1.0",
  "git_sha": "0a9448d7",
  "wall_clock_seconds": 471.59614695899654,
  "cell": {
    "beta": 0.5,
    "kappa": 0.7,
    "c": 1.0,
    "tag": "b0.50_k0.70_c1.00",
    "ne_verdict": "asymmetric_only",
    "ne_verdict_detail": "All 4 converged restarts produced asymmetric profiles; best asymmetric team payoff = -101.26."
  },
  "rollout_steps": 2048,
  "sweep": "phase_diagram_ppo",
  "gap_closed_homogeneous_mean": 0.05688167921790887,
  "gap_closed_homogeneous_per_seed": [
    0.08514415488052161,
    0.1686113207319816,
    0.07601731415412055,
    -0.10224607289498829
  ],
  "gap_closed_ne_mean": 0.13481755440752255,
  "gap_closed_ne_per_seed": [
    0.2018035840523002,
    0.399632468996295,
    0.1801716919717836,
    -0.24233752739028863
  ],
  "baseline_source": "per_cell"
}