{
  "trainer": "ippo",
  "scenario": "minimal_specialization",
  "seeds": [
    42,
    43,
    44,
    45
  ],
  "num_iterations": 50,
  "n_seeds_completed": 4,
  "n_seeds_failed": 0,
  "failed_seeds": [],
  "gap_closed_mean": -0.1313437888386839,
  "gap_closed_std": 0.07741456480328164,
  "gap_closed_per_seed": [
    -0.17514304484748902,
    -0.0005154354145602767,
    -0.15087298170500502,
    -0.19884369338768126
  ],
  "trailing5_team_mean": -95.5139404296875,
  "iter0_gap_closed_mean": -0.11609795971836032,
  "min_iter_gap_closed_mean": -0.4808802178784336,
  "mean_traj_gap_closed": [
    -0.1160979597183603,
    -0.132687714271044,
    -0.2670771718065386,
    -0.046866154325181174,
    -0.16054233284883723,
    -0.1374972928120787,
    -0.1740494725838389,
    -0.06672572286031768,
    -0.2381754721862361,
    -0.17521072454552158,
    -0.27075429825739383,
    -0.2593485205752865,
    -0.19651234378949697,
    -0.21468609127485677,
    -0.18406565646591677,
    -0.13798997632815135,
    -0.11487807944683183,
    -0.15813651501148046,
    -0.3146237025246461,
    -0.14288081164949867,
    -0.2258069559424503,
    -0.1846385681954626,
    -0.08655340582343278,
    -0.10403184212535811,
    -0.1814140111539434,
    -0.15316956574401755,
    -0.10788999633994777,
    -0.1985766774361729,
    -0.27857654907103135,
    -0.18744346996650657,
    -0.11229226241258006,
    -0.10438155485075414,
    -0.07341552158377572,
    -0.2274187201797902,
    -0.07063221971635913,
    -0.045447760653648486,
    -0.19320241570030755,
    -0.12323621358379677,
    -0.18603741909704669,
    -0.17339324694030167,
    -0.2876351372256277,
    -0.11884937601375549,
    -0.15963410832964697,
    -0.1679531569267147,
    -0.11981314314227336,
    -0.21325946906860888,
    -0.06386733561362488,
    -0.08772905772086705,
    -0.22546341461809066,
    -0.06639966717222785
  ],
  "verdict_tier": "insufficient",
  "verdict_reason": "gap_closed_mean = -0.131 < 0.2",
  "command_invoked": "/home/sphere/GitHub/bucket-brigade/.venv/bin/python3 -m experiments.p3_specialization.train --scenario minimal_specialization --algorithm ppo --lambda-red 0.0 --seed 42 --output-dir experiments/p3_specialization/phase_diagram_ppo_v2/cell_b0.10_k0.30_c2.00/seed_42 --num-iterations 50 --rollout-steps 2048 --prob-fire-spreads-to-neighbor 0.1 --prob-solo-agent-extinguishes-fire 0.3 --cost-to-work-one-night 2.0 && /home/sphere/GitHub/bucket-brigade/.venv/bin/python3 -m experiments.p3_specialization.train --scenario minimal_specialization --algorithm ppo --lambda-red 0.0 --seed 43 --output-dir experiments/p3_specialization/phase_diagram_ppo_v2/cell_b0.10_k0.30_c2.00/seed_43 --num-iterations 50 --rollout-steps 2048 --prob-fire-spreads-to-neighbor 0.1 --prob-solo-agent-extinguishes-fire 0.3 --cost-to-work-one-night 2.0 && /home/sphere/GitHub/bucket-brigade/.venv/bin/python3 -m experiments.p3_specialization.train --scenario minimal_specialization --algorithm ppo --lambda-red 0.0 --seed 44 --output-dir experiments/p3_specialization/phase_diagram_ppo_v2/cell_b0.10_k0.30_c2.00/seed_44 --num-iterations 50 --rollout-steps 2048 --prob-fire-spreads-to-neighbor 0.1 --prob-solo-agent-extinguishes-fire 0.3 --cost-to-work-one-night 2.0 && /home/sphere/GitHub/bucket-brigade/.venv/bin/python3 -m experiments.p3_specialization.train --scenario minimal_specialization --algorithm ppo --lambda-red 0.0 --seed 45 --output-dir experiments/p3_specialization/phase_diagram_ppo_v2/cell_b0.10_k0.30_c2.00/seed_45 --num-iterations 50 --rollout-steps 2048 --prob-fire-spreads-to-neighbor 0.1 --prob-solo-agent-extinguishes-fire 0.3 --cost-to-work-one-night 2.0",
  "git_sha": "0a9448d7",
  "wall_clock_seconds": 474.8307596059749,
  "cell": {
    "beta": 0.1,
    "kappa": 0.3,
    "c": 2.0,
    "tag": "b0.10_k0.30_c2.00",
    "ne_verdict": "symmetric_only",
    "ne_verdict_detail": "All 1 converged restarts produced symmetric profiles; best symmetric team payoff = -3538.30."
  },
  "rollout_steps": 2048,
  "sweep": "phase_diagram_ppo",
  "gap_closed_homogeneous_mean": 0.01810236634112537,
  "gap_closed_homogeneous_per_seed": [
    -0.05063360638573146,
    0.2234166787817826,
    -0.01254559872858077,
    -0.08782800830296889
  ],
  "gap_closed_ne_mean": 0.08543788523229227,
  "gap_closed_ne_per_seed": [
    -0.2389758427025762,
    1.0544615107789932,
    -0.05921156406539948,
    -0.4145225630818484
  ],
  "baseline_source": "per_cell"
}