{
  "scenario": "trivial_cooperation",
  "fitness": 70.0,
  "generation": 2500,
  "genome": [
    0.7846648693084717,
    0.0,
    0.8308020830154419,
    0.5695452690124512,
    0.9441952705383301,
    0.5701014399528503,
    0.6849319338798523,
    0.06480639427900314,
    0.49935173988342285,
    0.5990983247756958
  ],
  "parameters": {
    "honesty": 0.7846648693084717,
    "work_tendency": 0.0,
    "neighbor_help": 0.8308020830154419,
    "own_priority": 0.5695452690124512,
    "risk_aversion": 0.9441952705383301,
    "coordination": 0.5701014399528503,
    "exploration": 0.6849319338798523,
    "fatigue_memory": 0.06480639427900314,
    "rest_bias": 0.49935173988342285,
    "altruism": 0.5990983247756958
  }
}