{
  "scenario": "early_containment",
  "fitness": 70.0,
  "generation": 2500,
  "genome": [
    0.010806976817548275,
    0.0,
    0.3617512583732605,
    0.5252115726470947,
    0.821306586265564,
    0.9656763299311716,
    0.5717063546180725,
    0.09541395306587219,
    0.6103383302688599,
    0.2788415849208832
  ],
  "parameters": {
    "honesty": 0.010806976817548275,
    "work_tendency": 0.0,
    "neighbor_help": 0.3617512583732605,
    "own_priority": 0.5252115726470947,
    "risk_aversion": 0.821306586265564,
    "coordination": 0.9656763299311716,
    "exploration": 0.5717063546180725,
    "fatigue_memory": 0.09541395306587219,
    "rest_bias": 0.6103383302688599,
    "altruism": 0.2788415849208832
  }
}
