{
  "trainer": "ippo",
  "scenario": "minimal_specialization",
  "seeds": [
    42,
    43,
    44,
    45
  ],
  "num_iterations": 50,
  "n_seeds_completed": 4,
  "n_seeds_failed": 0,
  "failed_seeds": [],
  "gap_closed_mean": -0.1397751569346142,
  "gap_closed_std": 0.11477257664298554,
  "gap_closed_per_seed": [
    -0.2438496640124706,
    0.05444294794826412,
    -0.19100601407145276,
    -0.17868789760279755
  ],
  "trailing5_team_mean": -96.0142578125,
  "iter0_gap_closed_mean": -0.11609281688416331,
  "min_iter_gap_closed_mean": -0.46460829047912455,
  "mean_traj_gap_closed": [
    -0.11609281688416331,
    -0.132718571276226,
    -0.2672725995060246,
    -0.045291418494059675,
    -0.14384149307749833,
    -0.11878663343655209,
    -0.11098289682602377,
    -0.06446287581363752,
    -0.23309949483379677,
    -0.1555815549824107,
    -0.21301261302715285,
    -0.21552848751632542,
    -0.11924743138060331,
    -0.19556297659673072,
    -0.20184134858442873,
    -0.21718756582827772,
    -0.10107574102892232,
    -0.1987196482268495,
    -0.25683778892031095,
    -0.10914381931717645,
    -0.19767256718434026,
    -0.17285222078277723,
    -0.13471090524414392,
    -0.13387982323790867,
    -0.23375366334365522,
    -0.19582731827445654,
    -0.1574165182239004,
    -0.1772596296896065,
    -0.28452886537063954,
    -0.20959468541982643,
    -0.16049193307370663,
    -0.11083066893379256,
    -0.06481258853903354,
    -0.1527848817460819,
    -0.08860231096751771,
    -0.06584218394527303,
    -0.2552393960518832,
    -0.11706481254739637,
    -0.257907498433287,
    -0.19926273151805277,
    -0.2813711651736813,
    -0.05167470429937649,
    -0.16527168317639873,
    -0.12021119850912118,
    -0.19142916646918184,
    -0.22824671648550726,
    -0.11676447103029156,
    -0.11111763908198519,
    -0.2046699073927789,
    -0.0380770506825076
  ],
  "verdict_tier": "insufficient",
  "verdict_reason": "gap_closed_mean = -0.140 < 0.2",
  "command_invoked": "/home/sphere/GitHub/bucket-brigade/.venv/bin/python3 -m experiments.p3_specialization.train --scenario minimal_specialization --algorithm ppo --lambda-red 0.0 --seed 42 --output-dir experiments/p3_specialization/phase_diagram_ppo_v2/cell_b0.50_k0.30_c2.00/seed_42 --num-iterations 50 --rollout-steps 2048 --prob-fire-spreads-to-neighbor 0.5 --prob-solo-agent-extinguishes-fire 0.3 --cost-to-work-one-night 2.0 && /home/sphere/GitHub/bucket-brigade/.venv/bin/python3 -m experiments.p3_specialization.train --scenario minimal_specialization --algorithm ppo --lambda-red 0.0 --seed 43 --output-dir experiments/p3_specialization/phase_diagram_ppo_v2/cell_b0.50_k0.30_c2.00/seed_43 --num-iterations 50 --rollout-steps 2048 --prob-fire-spreads-to-neighbor 0.5 --prob-solo-agent-extinguishes-fire 0.3 --cost-to-work-one-night 2.0 && /home/sphere/GitHub/bucket-brigade/.venv/bin/python3 -m experiments.p3_specialization.train --scenario minimal_specialization --algorithm ppo --lambda-red 0.0 --seed 44 --output-dir experiments/p3_specialization/phase_diagram_ppo_v2/cell_b0.50_k0.30_c2.00/seed_44 --num-iterations 50 --rollout-steps 2048 --prob-fire-spreads-to-neighbor 0.5 --prob-solo-agent-extinguishes-fire 0.3 --cost-to-work-one-night 2.0 && /home/sphere/GitHub/bucket-brigade/.venv/bin/python3 -m experiments.p3_specialization.train --scenario minimal_specialization --algorithm ppo --lambda-red 0.0 --seed 45 --output-dir experiments/p3_specialization/phase_diagram_ppo_v2/cell_b0.50_k0.30_c2.00/seed_45 --num-iterations 50 --rollout-steps 2048 --prob-fire-spreads-to-neighbor 0.5 --prob-solo-agent-extinguishes-fire 0.3 --cost-to-work-one-night 2.0",
  "git_sha": "0a9448d7",
  "wall_clock_seconds": 475.7584349620156,
  "cell": {
    "beta": 0.5,
    "kappa": 0.3,
    "c": 2.0,
    "tag": "b0.50_k0.30_c2.00",
    "ne_verdict": "symmetric_only",
    "ne_verdict_detail": "All 1 converged restarts produced symmetric profiles; best symmetric team payoff = -3538.30."
  },
  "rollout_steps": 2048,
  "sweep": "phase_diagram_ppo",
  "gap_closed_homogeneous_mean": 0.004870673835310891,
  "gap_closed_homogeneous_per_seed": [
    -0.15845772787604423,
    0.3096651287367273,
    -0.07552801600141404,
    -0.05619668951802547
  ],
  "gap_closed_ne_mean": 0.022988158802190697,
  "gap_closed_ne_per_seed": [
    -0.7478742233652992,
    1.4615290195152888,
    -0.35647018966197697,
    -0.26523197127924986
  ],
  "baseline_source": "per_cell"
}