{
  "trainer": "ippo",
  "scenario": "minimal_specialization",
  "seeds": [
    42,
    43,
    44,
    45
  ],
  "num_iterations": 50,
  "n_seeds_completed": 4,
  "n_seeds_failed": 0,
  "failed_seeds": [],
  "gap_closed_mean": 0.2278644599053126,
  "gap_closed_std": 0.19067516546249058,
  "gap_closed_per_seed": [
    0.5200965503349342,
    0.2444702601006909,
    0.15110601380813957,
    -0.004214984622514247
  ],
  "trailing5_team_mean": -74.19852294921876,
  "iter0_gap_closed_mean": 0.21520547638608017,
  "min_iter_gap_closed_mean": -0.1554221271223037,
  "mean_traj_gap_closed": [
    0.21520547638608017,
    0.18481132628180819,
    0.0993518218634142,
    0.15154336042825242,
    0.04626234444777972,
    0.1085204666698264,
    0.1341677808102671,
    0.270278030668078,
    0.08040150641430736,
    0.15371877929358355,
    0.09498555563016091,
    0.09997101910073304,
    0.14114660681559654,
    0.036972328754318315,
    0.10233260856399559,
    0.22240955852923824,
    0.1391049016393874,
    0.015930936920711136,
    0.09225162497103553,
    0.2457549400831016,
    0.06921172776847402,
    0.13821519132330634,
    0.05588561579720675,
    0.11858396462651666,
    0.1545231185619944,
    0.15971532396728594,
    0.20988367155902424,
    0.1222868052483569,
    0.07446770431780837,
    0.23269419835639954,
    0.1282967212909715,
    0.18536983807560242,
    0.12969351505887677,
    0.2530680503112361,
    0.2017024509184361,
    0.15021342350490813,
    0.17771935792414473,
    0.15340712354124533,
    0.2049331793609917,
    0.07618952520696408,
    0.10187181061994437,
    0.14970222578572628,
    0.24760327469350352,
    0.14028672493785807,
    0.10773978443872174,
    0.22884530124336447,
    0.22709365191586617,
    0.28768858155860294,
    0.28595030360001683,
    0.10974446120871248
  ],
  "verdict_tier": "partial_lower",
  "verdict_reason": "0.2 <= gap_closed_mean < 0.49",
  "command_invoked": "/home/sphere/GitHub/bucket-brigade/.venv/bin/python3 -m experiments.p3_specialization.train --scenario minimal_specialization --algorithm ppo --lambda-red 0.0 --seed 42 --output-dir experiments/p3_specialization/phase_diagram_ppo_v2/cell_b0.50_k0.90_c2.00/seed_42 --num-iterations 50 --rollout-steps 2048 --prob-fire-spreads-to-neighbor 0.5 --prob-solo-agent-extinguishes-fire 0.9 --cost-to-work-one-night 2.0 && /home/sphere/GitHub/bucket-brigade/.venv/bin/python3 -m experiments.p3_specialization.train --scenario minimal_specialization --algorithm ppo --lambda-red 0.0 --seed 43 --output-dir experiments/p3_specialization/phase_diagram_ppo_v2/cell_b0.50_k0.90_c2.00/seed_43 --num-iterations 50 --rollout-steps 2048 --prob-fire-spreads-to-neighbor 0.5 --prob-solo-agent-extinguishes-fire 0.9 --cost-to-work-one-night 2.0 && /home/sphere/GitHub/bucket-brigade/.venv/bin/python3 -m experiments.p3_specialization.train --scenario minimal_specialization --algorithm ppo --lambda-red 0.0 --seed 44 --output-dir experiments/p3_specialization/phase_diagram_ppo_v2/cell_b0.50_k0.90_c2.00/seed_44 --num-iterations 50 --rollout-steps 2048 --prob-fire-spreads-to-neighbor 0.5 --prob-solo-agent-extinguishes-fire 0.9 --cost-to-work-one-night 2.0 && /home/sphere/GitHub/bucket-brigade/.venv/bin/python3 -m experiments.p3_specialization.train --scenario minimal_specialization --algorithm ppo --lambda-red 0.0 --seed 45 --output-dir experiments/p3_specialization/phase_diagram_ppo_v2/cell_b0.50_k0.90_c2.00/seed_45 --num-iterations 50 --rollout-steps 2048 --prob-fire-spreads-to-neighbor 0.5 --prob-solo-agent-extinguishes-fire 0.9 --cost-to-work-one-night 2.0",
  "git_sha": "0a9448d7",
  "wall_clock_seconds": 470.6474350859644,
  "cell": {
    "beta": 0.5,
    "kappa": 0.9,
    "c": 2.0,
    "tag": "b0.50_k0.90_c2.00",
    "ne_verdict": "mixed",
    "ne_verdict_detail": "Symmetric NE (51.89) and asymmetric NE (50.20) both converge within epsilon=50.0 (|gap|=1.68)."
  },
  "rollout_steps": 2048,
  "sweep": "phase_diagram_ppo",
  "gap_closed_homogeneous_mean": 0.05690009540037991,
  "gap_closed_homogeneous_per_seed": [
    0.21138232403227492,
    0.06567839561589235,
    0.01632338870817562,
    -0.06578372675482325
  ],
  "gap_closed_ne_mean": 0.12105122314721758,
  "gap_closed_ne_per_seed": [
    0.4497020382084899,
    0.13972648143569788,
    0.03472693947397047,
    -0.13995056652928792
  ],
  "baseline_source": "per_cell"
}