{
  "trainer": "ippo",
  "scenario": "minimal_specialization",
  "seeds": [
    42,
    43,
    44,
    45
  ],
  "num_iterations": 50,
  "n_seeds_completed": 4,
  "n_seeds_failed": 0,
  "failed_seeds": [],
  "gap_closed_mean": -0.16068685143754757,
  "gap_closed_std": 0.048386755140120176,
  "gap_closed_per_seed": [
    -0.18393320401751717,
    -0.07743062166793613,
    -0.18389006568926114,
    -0.1974935143754759
  ],
  "trailing5_team_mean": -98.269091796875,
  "iter0_gap_closed_mean": -0.12955957254379286,
  "min_iter_gap_closed_mean": -0.4937939564689642,
  "mean_traj_gap_closed": [
    -0.12955957254379286,
    -0.14913172957920792,
    -0.24457156202399086,
    -0.06667616205731151,
    -0.13458370025704494,
    -0.18085141672220106,
    -0.15697286450399847,
    -0.11864669114146992,
    -0.2737419970963442,
    -0.10603058953731913,
    -0.24902299124143182,
    -0.2149102425266565,
    -0.21932448353008377,
    -0.2652389119621097,
    -0.19472076113861386,
    -0.2194490640470297,
    -0.16490511055312262,
    -0.15827073317307694,
    -0.3526256366622239,
    -0.1495054711300457,
    -0.1717607578065499,
    -0.18058366158130237,
    -0.16410742336252856,
    -0.1209374851247144,
    -0.24431310393659558,
    -0.1434716834063214,
    -0.17579753843773802,
    -0.24389287711824068,
    -0.2589280720439832,
    -0.26015714251713634,
    -0.10311317414794365,
    -0.12123685024752476,
    -0.17102071234767707,
    -0.23600711633663365,
    -0.13703626297124905,
    -0.0691064118431074,
    -0.21730702291984005,
    -0.1466438380616908,
    -0.20366452660891088,
    -0.2170987689213633,
    -0.2869215001428027,
    -0.20792629593488196,
    -0.20020230388423457,
    -0.2111914211252856,
    -0.19717890208492003,
    -0.30394440510757803,
    -0.083550314166032,
    -0.09736015744002285,
    -0.2051092887233435,
    -0.11347009175076163
  ],
  "verdict_tier": "insufficient",
  "verdict_reason": "gap_closed_mean = -0.161 < 0.2",
  "command_invoked": "/home/sphere/GitHub/bucket-brigade/.venv/bin/python3 -m experiments.p3_specialization.train --scenario minimal_specialization --algorithm ppo --lambda-red 0.0 --seed 42 --output-dir experiments/p3_specialization/phase_diagram_ppo/cell_b0.10_k0.10_c0.50/seed_42 --num-iterations 50 --rollout-steps 2048 --prob-fire-spreads-to-neighbor 0.1 --prob-solo-agent-extinguishes-fire 0.1 --cost-to-work-one-night 0.5 && /home/sphere/GitHub/bucket-brigade/.venv/bin/python3 -m experiments.p3_specialization.train --scenario minimal_specialization --algorithm ppo --lambda-red 0.0 --seed 43 --output-dir experiments/p3_specialization/phase_diagram_ppo/cell_b0.10_k0.10_c0.50/seed_43 --num-iterations 50 --rollout-steps 2048 --prob-fire-spreads-to-neighbor 0.1 --prob-solo-agent-extinguishes-fire 0.1 --cost-to-work-one-night 0.5 && /home/sphere/GitHub/bucket-brigade/.venv/bin/python3 -m experiments.p3_specialization.train --scenario minimal_specialization --algorithm ppo --lambda-red 0.0 --seed 44 --output-dir experiments/p3_specialization/phase_diagram_ppo/cell_b0.10_k0.10_c0.50/seed_44 --num-iterations 50 --rollout-steps 2048 --prob-fire-spreads-to-neighbor 0.1 --prob-solo-agent-extinguishes-fire 0.1 --cost-to-work-one-night 0.5 && /home/sphere/GitHub/bucket-brigade/.venv/bin/python3 -m experiments.p3_specialization.train --scenario minimal_specialization --algorithm ppo --lambda-red 0.0 --seed 45 --output-dir experiments/p3_specialization/phase_diagram_ppo/cell_b0.10_k0.10_c0.50/seed_45 --num-iterations 50 --rollout-steps 2048 --prob-fire-spreads-to-neighbor 0.1 --prob-solo-agent-extinguishes-fire 0.1 --cost-to-work-one-night 0.5",
  "git_sha": "d65c90c9",
  "wall_clock_seconds": 470.0397602969897,
  "cell": {
    "beta": 0.1,
    "kappa": 0.1,
    "c": 0.5,
    "tag": "b0.10_k0.10_c0.50",
    "ne_verdict": "no_convergence",
    "ne_verdict_detail": "No restart converged within max_iterations (20 attempted). Likely needs more iterations or a tighter epsilon. Compute budget?"
  },
  "rollout_steps": 2048,
  "sweep": "phase_diagram_ppo"
}