{
  "scenario": "sparse_heroics",
  "fitness": -0.1,
  "generation": 10,
  "genome": [
    0.03669112175703049,
    0.2563321435453734,
    0.6309286378092851,
    0.43606205845600826,
    0.7724276781082153,
    0.29825612902641296,
    0.1984812468290329,
    0.40879201889038086,
    0.7748205421705867,
    0.8200708242178729
  ],
  "parameters": {
    "honesty": 0.03669112175703049,
    "work_tendency": 0.2563321435453734,
    "neighbor_help": 0.6309286378092851,
    "own_priority": 0.43606205845600826,
    "risk_aversion": 0.7724276781082153,
    "coordination": 0.29825612902641296,
    "exploration": 0.1984812468290329,
    "fatigue_memory": 0.40879201889038086,
    "rest_bias": 0.7748205421705867,
    "altruism": 0.8200708242178729
  }
}
