{
  "scenario": "sparse_heroics",
  "fitness": -0.3,
  "generation": 1000,
  "genome": [
    1.0,
    0.704908467303351,
    0.13264544877513004,
    0.006298552943205759,
    0.6883097542436302,
    0.11198441020776737,
    0.0,
    0.0,
    0.3054876793203792,
    0.0
  ],
  "parameters": {
    "honesty": 1.0,
    "work_tendency": 0.704908467303351,
    "neighbor_help": 0.13264544877513004,
    "own_priority": 0.006298552943205759,
    "risk_aversion": 0.6883097542436302,
    "coordination": 0.11198441020776737,
    "exploration": 0.0,
    "fatigue_memory": 0.0,
    "rest_bias": 0.3054876793203792,
    "altruism": 0.0
  }
}