{
  "scenario": "sparse_heroics",
  "fitness": 1.0,
  "generation": 200,
  "genome": [
    1.0,
    0.538690598664272,
    0.0,
    0.015698756746154643,
    0.9393918842937613,
    0.20002233580336987,
    0.0,
    0.00590066395668014,
    0.20156937206880826,
    0.0
  ],
  "parameters": {
    "honesty": 1.0,
    "work_tendency": 0.538690598664272,
    "neighbor_help": 0.0,
    "own_priority": 0.015698756746154643,
    "risk_aversion": 0.9393918842937613,
    "coordination": 0.20002233580336987,
    "exploration": 0.0,
    "fatigue_memory": 0.00590066395668014,
    "rest_bias": 0.20156937206880826,
    "altruism": 0.0
  }
}