{
  "scenario": "greedy_neighbor",
  "fitness": -0.42,
  "generation": 1000,
  "genome": [
    0.9930066554653539,
    0.6862182557258053,
    0.0,
    0.0,
    0.9842104728388602,
    0.0,
    0.061588896326120614,
    0.04220779833905844,
    0.31502925346089433,
    0.13182598450930327
  ],
  "parameters": {
    "honesty": 0.9930066554653539,
    "work_tendency": 0.6862182557258053,
    "neighbor_help": 0.0,
    "own_priority": 0.0,
    "risk_aversion": 0.9842104728388602,
    "coordination": 0.0,
    "exploration": 0.061588896326120614,
    "fatigue_memory": 0.04220779833905844,
    "rest_bias": 0.31502925346089433,
    "altruism": 0.13182598450930327
  }
}
