{
  "scenario": "greedy_neighbor",
  "fitness": 0.75,
  "generation": 200,
  "genome": [
    0.969729199580026,
    0.8606913086964608,
    0.17594186751047625,
    0.0,
    0.9894416519410749,
    0.0,
    0.0,
    0.0,
    0.4410437369957921,
    0.16927838637519904
  ],
  "parameters": {
    "honesty": 0.969729199580026,
    "work_tendency": 0.8606913086964608,
    "neighbor_help": 0.17594186751047625,
    "own_priority": 0.0,
    "risk_aversion": 0.9894416519410749,
    "coordination": 0.0,
    "exploration": 0.0,
    "fatigue_memory": 0.0,
    "rest_bias": 0.4410437369957921,
    "altruism": 0.16927838637519904
  }
}