{
  "scenario": "greedy_neighbor",
  "fitness": -1.3,
  "generation": 10,
  "genome": [
    0.7121008038520813,
    0.7681680093758094,
    0.16605840623378754,
    0.034318170667867076,
    0.5155315936107128,
    0.6157363057136536,
    0.7378039956092834,
    0.011504362675271718,
    0.7016385197639465,
    0.546686053276062
  ],
  "parameters": {
    "honesty": 0.7121008038520813,
    "work_tendency": 0.7681680093758094,
    "neighbor_help": 0.16605840623378754,
    "own_priority": 0.034318170667867076,
    "risk_aversion": 0.5155315936107128,
    "coordination": 0.6157363057136536,
    "exploration": 0.7378039956092834,
    "fatigue_memory": 0.011504362675271718,
    "rest_bias": 0.7016385197639465,
    "altruism": 0.546686053276062
  }
}