{
  "schema_version": 3,
  "trainer": "ippo",
  "scenario": "rest_trap",
  "seeds": [
    42,
    43,
    44,
    45,
    46,
    47,
    48,
    49,
    50,
    51,
    52,
    53,
    54,
    55,
    56,
    57,
    58,
    59,
    60,
    61
  ],
  "num_iterations": 800,
  "n_seeds_completed": 20,
  "n_seeds_failed": 0,
  "failed_seeds": [],
  "gap_closed_mean": null,
  "gap_closed_std": null,
  "gap_closed_per_seed": null,
  "gap_source": "degenerate_reference",
  "scenario_random_baseline": 302.87,
  "scenario_reference": {
    "value": null,
    "kind": null,
    "reason": "social_trap_ne_below_random",
    "provenance": "Frozen NE (rest_trap-v1.json, 3xfree_rider + 1xfirefighter) has team_payoff = 2984.04 PER EPISODE (<= 248.7/step at >= 12 nights), below the 302.87/step random baseline: rest_trap's equilibrium is team-suboptimal by construction (social trap). The gap fraction ladder is not applicable; degenerate rows are classified by the four-way trap-escape verdict (#436) against ne_per_step_bound / random (via its measured 95% upper bound random_ci95_hi) / scripted_best, with uplift_over_random as the quantitative headline."
  },
  "uplift_over_random_mean": 4.121822814941401,
  "uplift_over_random_std": 7.950369098165412,
  "uplift_over_random_per_seed": [
    0.3752880859374841,
    3.261909179687507,
    6.854194335937507,
    7.667573242187473,
    15.542164306640643,
    -9.841142578125016,
    -10.416594238281277,
    1.7047009277343932,
    3.5114697265624955,
    11.567646484375018,
    7.402021484374984,
    11.795295410156257,
    3.102741699218768,
    -0.7514025878906523,
    13.799653320312473,
    -2.2689501953125273,
    11.733997802734393,
    -10.599992675781266,
    2.681989746093734,
    15.313892822265643
  ],
  "trap_verdict": "at_random",
  "trap_verdict_reason": "trailing-5 mean 306.99/step, seed-bootstrap 95% CI [303.46, 310.39]: CI lower bound does not clear the random anchor's measured 95% upper bound 304.31 (point 302.87) but clears the NE per-step bound 248.67",
  "trap_anchors": {
    "ne_per_step_bound": 248.6703078397115,
    "random": 302.87,
    "random_ci95_hi": 304.3071270072002,
    "scripted_best_anchor": 387.0264070404707,
    "scripted_best_value": 386.60293309775534,
    "scripted_best_kind": "scripted_battery:specialist"
  },
  "trailing5_team_ci95": [
    303.45761932373046,
    310.3926217651367
  ],
  "gap_closed_minspec_legacy_mean": 6.6516990700192355,
  "trailing5_team_mean": 306.99182281494143,
  "iter0_gap_closed_mean": null,
  "min_iter_gap_closed_mean": null,
  "mean_traj_gap_closed": null,
  "verdict_tier": "not_scored_degenerate_reference",
  "verdict_reason": "reference pair degenerate (social_trap_ne_below_random): fraction ladder not applicable; uplift_over_random = +4.122/step vs random = 302.87/step; trap_verdict = at_random (trailing-5 mean 306.99/step, seed-bootstrap 95% CI [303.46, 310.39]: CI lower bound does not clear the random anchor's measured 95% upper bound 304.31 (point 302.87) but clears the NE per-step bound 248.67)",
  "command_invoked": "/home/sphere/GitHub/bucket-brigade/.venv/bin/python3 -m experiments.p3_specialization.train --scenario rest_trap --lambda-red 0.0 --seed 52 --output-dir experiments/p3_specialization/tier1_runs_trap_escape/16x/ippo_rest_trap/seed_52 --num-iterations 800 --rollout-steps 2048 --algorithm ppo && /home/sphere/GitHub/bucket-brigade/.venv/bin/python3 -m experiments.p3_specialization.train --scenario rest_trap --lambda-red 0.0 --seed 53 --output-dir experiments/p3_specialization/tier1_runs_trap_escape/16x/ippo_rest_trap/seed_53 --num-iterations 800 --rollout-steps 2048 --algorithm ppo && /home/sphere/GitHub/bucket-brigade/.venv/bin/python3 -m experiments.p3_specialization.train --scenario rest_trap --lambda-red 0.0 --seed 54 --output-dir experiments/p3_specialization/tier1_runs_trap_escape/16x/ippo_rest_trap/seed_54 --num-iterations 800 --rollout-steps 2048 --algorithm ppo && /home/sphere/GitHub/bucket-brigade/.venv/bin/python3 -m experiments.p3_specialization.train --scenario rest_trap --lambda-red 0.0 --seed 55 --output-dir experiments/p3_specialization/tier1_runs_trap_escape/16x/ippo_rest_trap/seed_55 --num-iterations 800 --rollout-steps 2048 --algorithm ppo && /home/sphere/GitHub/bucket-brigade/.venv/bin/python3 -m experiments.p3_specialization.train --scenario rest_trap --lambda-red 0.0 --seed 56 --output-dir experiments/p3_specialization/tier1_runs_trap_escape/16x/ippo_rest_trap/seed_56 --num-iterations 800 --rollout-steps 2048 --algorithm ppo && /home/sphere/GitHub/bucket-brigade/.venv/bin/python3 -m experiments.p3_specialization.train --scenario rest_trap --lambda-red 0.0 --seed 57 --output-dir experiments/p3_specialization/tier1_runs_trap_escape/16x/ippo_rest_trap/seed_57 --num-iterations 800 --rollout-steps 2048 --algorithm ppo && /home/sphere/GitHub/bucket-brigade/.venv/bin/python3 -m experiments.p3_specialization.train --scenario rest_trap --lambda-red 0.0 --seed 58 --output-dir experiments/p3_specialization/tier1_runs_trap_escape/16x/ippo_rest_trap/seed_58 --num-iterations 800 --rollout-steps 2048 --algorithm ppo && /home/sphere/GitHub/bucket-brigade/.venv/bin/python3 -m experiments.p3_specialization.train --scenario rest_trap --lambda-red 0.0 --seed 59 --output-dir experiments/p3_specialization/tier1_runs_trap_escape/16x/ippo_rest_trap/seed_59 --num-iterations 800 --rollout-steps 2048 --algorithm ppo && /home/sphere/GitHub/bucket-brigade/.venv/bin/python3 -m experiments.p3_specialization.train --scenario rest_trap --lambda-red 0.0 --seed 60 --output-dir experiments/p3_specialization/tier1_runs_trap_escape/16x/ippo_rest_trap/seed_60 --num-iterations 800 --rollout-steps 2048 --algorithm ppo && /home/sphere/GitHub/bucket-brigade/.venv/bin/python3 -m experiments.p3_specialization.train --scenario rest_trap --lambda-red 0.0 --seed 61 --output-dir experiments/p3_specialization/tier1_runs_trap_escape/16x/ippo_rest_trap/seed_61 --num-iterations 800 --rollout-steps 2048 --algorithm ppo",
  "git_sha": "ed0555af",
  "wall_clock_seconds": 23879.10080576199
}