{
  "trainer": "ippo",
  "scenario": "minimal_specialization",
  "seeds": [
    42,
    43,
    44,
    45
  ],
  "num_iterations": 50,
  "n_seeds_completed": 4,
  "n_seeds_failed": 0,
  "failed_seeds": [],
  "gap_closed_mean": -0.2114051687705384,
  "gap_closed_std": 0.05464240892580817,
  "gap_closed_per_seed": [
    -0.2405475530312605,
    -0.1219628478366195,
    -0.26681303584218063,
    -0.21629723837209294
  ],
  "trailing5_team_mean": -100.26478271484375,
  "iter0_gap_closed_mean": -0.1620707831721857,
  "min_iter_gap_closed_mean": -0.5257277892099553,
  "mean_traj_gap_closed": [
    -0.1620707831721857,
    -0.18386714306591254,
    -0.2898403845293015,
    -0.09132904165876729,
    -0.1693478935609412,
    -0.21628448414328447,
    -0.18905009136964948,
    -0.14308035361634228,
    -0.2808496817861055,
    -0.16272803738256236,
    -0.24085591736971268,
    -0.27063395593718403,
    -0.21771522061688997,
    -0.312916281571242,
    -0.23191767153532608,
    -0.22640352470930233,
    -0.23332269383794657,
    -0.19931004559266516,
    -0.3604535551877949,
    -0.22805643162021824,
    -0.24773908665897793,
    -0.22780340417772582,
    -0.1788117370502612,
    -0.1402404805727587,
    -0.35594020389650743,
    -0.21733053661895435,
    -0.26956938925840496,
    -0.2591016645338305,
    -0.30150124678758006,
    -0.28491560650225395,
    -0.15209059912948686,
    -0.1773398579030797,
    -0.20787080739699193,
    -0.27657187230104063,
    -0.1815734390140504,
    -0.09127041334892148,
    -0.2760524460471436,
    -0.1972415976786316,
    -0.23775170264840328,
    -0.26363661572874536,
    -0.315726326176483,
    -0.2304910493290782,
    -0.21904412897339484,
    -0.20955045704573222,
    -0.19952398749526037,
    -0.29689018164654957,
    -0.12875138897665994,
    -0.16397671752559403,
    -0.2977325778880182,
    -0.1696749778158704
  ],
  "verdict_tier": "insufficient",
  "verdict_reason": "gap_closed_mean = -0.211 < 0.2",
  "command_invoked": "/home/sphere/GitHub/bucket-brigade/.venv/bin/python3 -m experiments.p3_specialization.train --scenario minimal_specialization --algorithm ppo --lambda-red 0.0 --seed 42 --output-dir experiments/p3_specialization/phase_diagram_ppo_v2/cell_b0.50_k0.10_c1.00/seed_42 --num-iterations 50 --rollout-steps 2048 --prob-fire-spreads-to-neighbor 0.5 --prob-solo-agent-extinguishes-fire 0.1 --cost-to-work-one-night 1.0 && /home/sphere/GitHub/bucket-brigade/.venv/bin/python3 -m experiments.p3_specialization.train --scenario minimal_specialization --algorithm ppo --lambda-red 0.0 --seed 43 --output-dir experiments/p3_specialization/phase_diagram_ppo_v2/cell_b0.50_k0.10_c1.00/seed_43 --num-iterations 50 --rollout-steps 2048 --prob-fire-spreads-to-neighbor 0.5 --prob-solo-agent-extinguishes-fire 0.1 --cost-to-work-one-night 1.0 && /home/sphere/GitHub/bucket-brigade/.venv/bin/python3 -m experiments.p3_specialization.train --scenario minimal_specialization --algorithm ppo --lambda-red 0.0 --seed 44 --output-dir experiments/p3_specialization/phase_diagram_ppo_v2/cell_b0.50_k0.10_c1.00/seed_44 --num-iterations 50 --rollout-steps 2048 --prob-fire-spreads-to-neighbor 0.5 --prob-solo-agent-extinguishes-fire 0.1 --cost-to-work-one-night 1.0 && /home/sphere/GitHub/bucket-brigade/.venv/bin/python3 -m experiments.p3_specialization.train --scenario minimal_specialization --algorithm ppo --lambda-red 0.0 --seed 45 --output-dir experiments/p3_specialization/phase_diagram_ppo_v2/cell_b0.50_k0.10_c1.00/seed_45 --num-iterations 50 --rollout-steps 2048 --prob-fire-spreads-to-neighbor 0.5 --prob-solo-agent-extinguishes-fire 0.1 --cost-to-work-one-night 1.0",
  "git_sha": "0a9448d7",
  "wall_clock_seconds": 473.51320059399586,
  "cell": {
    "beta": 0.5,
    "kappa": 0.1,
    "c": 1.0,
    "tag": "b0.50_k0.10_c1.00",
    "ne_verdict": "asymmetric_only",
    "ne_verdict_detail": "All 1 converged restarts produced asymmetric profiles; best asymmetric team payoff = -9975.64."
  },
  "rollout_steps": 2048,
  "sweep": "phase_diagram_ppo",
  "gap_closed_homogeneous_mean": -0.02929944209108913,
  "gap_closed_homogeneous_per_seed": [
    -0.15790306085424674,
    0.36540423210968054,
    -0.2738110836099025,
    -0.05088785600988786
  ],
  "gap_closed_ne_mean": -0.10574244253577669,
  "gap_closed_ne_per_seed": [
    -0.5698762210793606,
    1.3187533024029399,
    -0.9881912660406763,
    -0.18365558542600968
  ],
  "baseline_source": "per_cell"
}