{
  "trainer": "ippo",
  "scenario": "minimal_specialization",
  "seeds": [
    42,
    43,
    44,
    45
  ],
  "num_iterations": 50,
  "n_seeds_completed": 4,
  "n_seeds_failed": 0,
  "failed_seeds": [],
  "gap_closed_mean": -0.01860772040623945,
  "gap_closed_std": 0.08551233256062551,
  "gap_closed_per_seed": [
    -0.03086391715116276,
    0.10666698922522748,
    -0.015876464020896548,
    -0.13435748967812597
  ],
  "trailing5_team_mean": -88.82418212890624,
  "iter0_gap_closed_mean": -0.0036622328030207502,
  "min_iter_gap_closed_mean": -0.3511614823606547,
  "mean_traj_gap_closed": [
    -0.0036622328030207468,
    -0.02371620047080386,
    -0.10335093087767527,
    -0.029352746750716228,
    -0.10643663139587548,
    -0.1039042998372725,
    -0.041949604832848854,
    -0.036893170250358126,
    -0.1451745157013608,
    -0.009857290876727353,
    -0.1327123998751896,
    -0.09483028318008511,
    -0.011522540589716062,
    -0.15926999566849934,
    -0.10484852419584177,
    -0.08315604955289435,
    -0.009134208388629106,
    -0.038572819899098436,
    -0.1755162088968234,
    -0.018749251203340936,
    -0.07474648707395941,
    -0.04743906605472702,
    -0.010614316070525803,
    -0.06626389634942705,
    -0.09844569562057635,
    -0.003541890482810939,
    -0.005493081777152867,
    -0.08680951896644339,
    -0.12424523765324824,
    -0.06308973908303844,
    0.027552713639092497,
    -0.025454478429389974,
    -0.06152220321979274,
    -0.08444792950318084,
    0.0037383056064627376,
    0.014218373133110024,
    -0.10134522554084514,
    0.06390535144400908,
    -0.035988031431686066,
    -0.08458575745966045,
    -0.18546759306801905,
    -0.02076935647592267,
    -0.11316654422607011,
    -0.05411137914191525,
    -0.1403813942297565,
    -0.051394934119059675,
    -0.03768105244933857,
    0.010107191476027955,
    0.005335669908051042,
    -0.019405476846878177
  ],
  "verdict_tier": "insufficient",
  "verdict_reason": "gap_closed_mean = -0.019 < 0.2",
  "command_invoked": "/home/sphere/GitHub/bucket-brigade/.venv/bin/python3 -m experiments.p3_specialization.train --scenario minimal_specialization --algorithm ppo --lambda-red 0.0 --seed 42 --output-dir experiments/p3_specialization/phase_diagram_ppo_v2/cell_b0.90_k0.50_c2.00/seed_42 --num-iterations 50 --rollout-steps 2048 --prob-fire-spreads-to-neighbor 0.9 --prob-solo-agent-extinguishes-fire 0.5 --cost-to-work-one-night 2.0 && /home/sphere/GitHub/bucket-brigade/.venv/bin/python3 -m experiments.p3_specialization.train --scenario minimal_specialization --algorithm ppo --lambda-red 0.0 --seed 43 --output-dir experiments/p3_specialization/phase_diagram_ppo_v2/cell_b0.90_k0.50_c2.00/seed_43 --num-iterations 50 --rollout-steps 2048 --prob-fire-spreads-to-neighbor 0.9 --prob-solo-agent-extinguishes-fire 0.5 --cost-to-work-one-night 2.0 && /home/sphere/GitHub/bucket-brigade/.venv/bin/python3 -m experiments.p3_specialization.train --scenario minimal_specialization --algorithm ppo --lambda-red 0.0 --seed 44 --output-dir experiments/p3_specialization/phase_diagram_ppo_v2/cell_b0.90_k0.50_c2.00/seed_44 --num-iterations 50 --rollout-steps 2048 --prob-fire-spreads-to-neighbor 0.9 --prob-solo-agent-extinguishes-fire 0.5 --cost-to-work-one-night 2.0 && /home/sphere/GitHub/bucket-brigade/.venv/bin/python3 -m experiments.p3_specialization.train --scenario minimal_specialization --algorithm ppo --lambda-red 0.0 --seed 45 --output-dir experiments/p3_specialization/phase_diagram_ppo_v2/cell_b0.90_k0.50_c2.00/seed_45 --num-iterations 50 --rollout-steps 2048 --prob-fire-spreads-to-neighbor 0.9 --prob-solo-agent-extinguishes-fire 0.5 --cost-to-work-one-night 2.0",
  "git_sha": "0a9448d7",
  "wall_clock_seconds": 472.02207809098763,
  "cell": {
    "beta": 0.9,
    "kappa": 0.5,
    "c": 2.0,
    "tag": "b0.90_k0.50_c2.00",
    "ne_verdict": "mixed",
    "ne_verdict_detail": "Symmetric NE (-858.35) and asymmetric NE (-848.53) both converge within epsilon=50.0 (|gap|=9.83)."
  },
  "rollout_steps": 2048,
  "sweep": "phase_diagram_ppo",
  "gap_closed_homogeneous_mean": 0.03379465557973019,
  "gap_closed_homogeneous_per_seed": [
    0.02211311480374135,
    0.1531956132517179,
    0.036397851619992726,
    -0.07652795735653124
  ],
  "gap_closed_ne_mean": 0.08468028389544544,
  "gap_closed_ne_per_seed": [
    0.055409496184258646,
    0.3838668511086482,
    0.09120319043032218,
    -0.19175840214144732
  ],
  "baseline_source": "per_cell"
}