{
  "trainer": "ippo",
  "scenario": "minimal_specialization",
  "seeds": [
    42,
    43,
    44,
    45
  ],
  "num_iterations": 50,
  "n_seeds_completed": 4,
  "n_seeds_failed": 0,
  "failed_seeds": [],
  "gap_closed_mean": -0.005070752232895161,
  "gap_closed_std": 0.11255623718310363,
  "gap_closed_per_seed": [
    0.020882046258847396,
    0.1684311936509943,
    -0.1027911848036738,
    -0.10680506403774853
  ],
  "trailing5_team_mean": -88.0208984375,
  "iter0_gap_closed_mean": 0.02838996704636415,
  "min_iter_gap_closed_mean": -0.27572536179221435,
  "mean_traj_gap_closed": [
    0.02838996704636415,
    -0.013908815657124218,
    -0.052681671235149156,
    -0.001634927562563214,
    8.79218934318986e-05,
    0.034057370331458524,
    0.020202575004739615,
    0.04669228538664895,
    -0.1296246422233106,
    0.0199732045995534,
    -0.04646912752517275,
    -0.08145480000052664,
    0.0013191164001937791,
    -0.02265677662622179,
    -0.04699575374694558,
    -0.020996669747430082,
    0.01309003531028815,
    -0.038764133331226844,
    -0.13103377879328867,
    0.03402137049207952,
    -0.07672236397244693,
    -0.09574056483295418,
    -0.0028311507967854923,
    -0.0411277799281682,
    0.001300602197084578,
    -0.05440554925798367,
    -0.0033042915429095233,
    -0.01074597262596901,
    -0.08575935222341592,
    -0.05504634639892991,
    -0.0008182454920795607,
    0.032122636106546996,
    0.05427590869354565,
    -0.1128836883452351,
    0.036871529204057105,
    0.031006641085797922,
    -0.10600154762280925,
    0.03446879706721855,
    -0.0167147459950076,
    -0.07886281156523847,
    -0.17675357480462167,
    0.03603941863098245,
    -0.025513106739235777,
    -0.02064695702203406,
    -0.04343794104946075,
    -0.007534786953362,
    -0.02064181418783706,
    0.00941188029259351,
    -0.05410417917403945,
    0.047515138858169007
  ],
  "verdict_tier": "insufficient",
  "verdict_reason": "gap_closed_mean = -0.005 < 0.2",
  "command_invoked": "/home/sphere/GitHub/bucket-brigade/.venv/bin/python3 -m experiments.p3_specialization.train --scenario minimal_specialization --algorithm ppo --lambda-red 0.0 --seed 42 --output-dir experiments/p3_specialization/phase_diagram_ppo_v2/cell_b0.50_k0.50_c1.00/seed_42 --num-iterations 50 --rollout-steps 2048 --prob-fire-spreads-to-neighbor 0.5 --prob-solo-agent-extinguishes-fire 0.5 --cost-to-work-one-night 1.0 && /home/sphere/GitHub/bucket-brigade/.venv/bin/python3 -m experiments.p3_specialization.train --scenario minimal_specialization --algorithm ppo --lambda-red 0.0 --seed 43 --output-dir experiments/p3_specialization/phase_diagram_ppo_v2/cell_b0.50_k0.50_c1.00/seed_43 --num-iterations 50 --rollout-steps 2048 --prob-fire-spreads-to-neighbor 0.5 --prob-solo-agent-extinguishes-fire 0.5 --cost-to-work-one-night 1.0 && /home/sphere/GitHub/bucket-brigade/.venv/bin/python3 -m experiments.p3_specialization.train --scenario minimal_specialization --algorithm ppo --lambda-red 0.0 --seed 44 --output-dir experiments/p3_specialization/phase_diagram_ppo_v2/cell_b0.50_k0.50_c1.00/seed_44 --num-iterations 50 --rollout-steps 2048 --prob-fire-spreads-to-neighbor 0.5 --prob-solo-agent-extinguishes-fire 0.5 --cost-to-work-one-night 1.0 && /home/sphere/GitHub/bucket-brigade/.venv/bin/python3 -m experiments.p3_specialization.train --scenario minimal_specialization --algorithm ppo --lambda-red 0.0 --seed 45 --output-dir experiments/p3_specialization/phase_diagram_ppo_v2/cell_b0.50_k0.50_c1.00/seed_45 --num-iterations 50 --rollout-steps 2048 --prob-fire-spreads-to-neighbor 0.5 --prob-solo-agent-extinguishes-fire 0.5 --cost-to-work-one-night 1.0",
  "git_sha": "0a9448d7",
  "wall_clock_seconds": 475.4595113749965,
  "cell": {
    "beta": 0.5,
    "kappa": 0.5,
    "c": 1.0,
    "tag": "b0.50_k0.50_c1.00",
    "ne_verdict": "symmetric_only",
    "ne_verdict_detail": "Symmetric NE (-758.30) dominates best asymmetric NE (-815.00) by gap=56.71 > epsilon=50.0."
  },
  "rollout_steps": 2048,
  "sweep": "phase_diagram_ppo",
  "gap_closed_homogeneous_mean": 0.015019707617048638,
  "gap_closed_homogeneous_per_seed": [
    0.040493750700439604,
    0.18532103546439507,
    -0.08089806056612638,
    -0.08483789513051375
  ],
  "gap_closed_ne_mean": 0.05067170596224227,
  "gap_closed_ne_per_seed": [
    0.13661300746440308,
    0.6252141025043023,
    -0.27292427006165115,
    -0.28621601605808517
  ],
  "baseline_source": "per_cell"
}