{
  "scenario": "overcrowding",
  "strategies": {
    "best_heuristic": [
      0.9,
      0.6,
      0.7,
      0.6,
      0.8,
      1.0,
      0.05,
      0.0,
      0.2,
      0.6
    ],
    "evolved": [
      1.0,
      0.4049462013707894,
      0.006526902428849624,
      0.0,
      1.0,
      0.0,
      0.0,
      0.0007817060348052352,
      0.0,
      0.004804412615386139
    ],
    "nash_strategy_1": [
      0.7,
      0.2,
      0.0,
      0.9,
      0.0,
      0.0,
      0.1,
      0.0,
      0.9,
      0.0
    ]
  },
  "tournament": {
    "best_heuristic": {
      "mean_payoff": 29.365000441670418,
      "std_payoff": 21.049020825179745,
      "payoffs": [
        13.700000435113907,
        25.075000524520874,
        29.22500029206276,
        65.45000052452087,
        39.200000524520874,
        -2.9249997437000275,
        64.65000057220459,
        43.90000048279762,
        40.850000500679016,
        31.525000542402267,
        40.67500054836273,
        30.05000028014183,
        8.550000160932541,
        -23.699999392032623,
        15.225000083446503,
        39.80000060796738,
        21.30000039935112,
        37.5500006377697,
        52.42500054836273,
        14.775000303983688
      ]
    },
    "evolved": {
      "mean_payoff": 50.57875026166439,
      "std_payoff": 13.307651152457293,
      "payoffs": [
        47.450000286102295,
        67.7000002861023,
        67.7000002861023,
        70.40000009536743,
        43.05000019073486,
        45.450000286102295,
        69.05000019073486,
        47.20000022649765,
        66.35000038146973,
        34.000000298023224,
        44.80000019073486,
        58.80000019073486,
        41.700000286102295,
        45.450000286102295,
        43.450000286102295,
        42.00000038743019,
        51.450000286102295,
        54.80000019073486,
        55.17500030994415,
        15.60000029206276
      ]
    },
    "nash_strategy_1": {
      "mean_payoff": 24.015000189840794,
      "std_payoff": 12.590046692220897,
      "payoffs": [
        20.30000013113022,
        29.475000262260437,
        31.15000021457672,
        68.47500026226044,
        17.42500001192093,
        18.900000035762787,
        32.80000013113022,
        26.625000298023224,
        26.300000101327896,
        14.150000303983688,
        16.050000190734863,
        29.775000423192978,
        10.700000166893005,
        3.250000238418579,
        17.42500001192093,
        19.02500021457672,
        25.700000196695328,
        28.8750002682209,
        26.100000232458115,
        17.800000101327896
      ]
    }
  },
  "distances": {
    "best_heuristic_vs_evolved": 1.5250276455595981,
    "best_heuristic_vs_nash_strategy_1": 1.8090052515125543,
    "evolved_vs_nash_strategy_1": 1.6619474237642222
  },
  "ranking": [
    {
      "name": "evolved",
      "mean_payoff": 50.57875026166439,
      "std_payoff": 13.307651152457293
    },
    {
      "name": "best_heuristic",
      "mean_payoff": 29.365000441670418,
      "std_payoff": 21.049020825179745
    },
    {
      "name": "nash_strategy_1",
      "mean_payoff": 24.015000189840794,
      "std_payoff": 12.590046692220897
    }
  ],
  "insights": {
    "evolution_vs_nash": {
      "evolved_payoff": 50.57875026166439,
      "best_nash_payoff": 24.015000189840794,
      "gap": 26.563750071823595
    }
  }
}
