{
  "scenario": "overcrowding",
  "strategies": {
    "best_heuristic": [
      0.9,
      0.6,
      0.7,
      0.6,
      0.8,
      1.0,
      0.05,
      0.0,
      0.2,
      0.6
    ],
    "evolved": [
      0.2653708170410256,
      0.9746888875961304,
      0.9091617465019226,
      0.8536915671011206,
      0.4932602047920227,
      0.28286679000141596,
      0.5947496294975281,
      0.11971188576945987,
      0.16100794076919556,
      0.4805516498501972
    ]
  },
  "tournament": {
    "best_heuristic": {
      "mean_payoff": 33.925000441074374,
      "std_payoff": 17.72937538733475,
      "payoffs": [
        38.72500044107437,
        23.700000554323196,
        27.575000375509262,
        66.55000042915344,
        39.475000500679016,
        -2.649999737739563,
        53.225000500679016,
        38.125000566244125,
        21.62500038743019,
        32.900000393390656
      ]
    },
    "evolved": {
      "mean_payoff": 26.730000361800194,
      "std_payoff": 8.316683639298741,
      "payoffs": [
        17.275000244379044,
        25.075000524520874,
        28.950000256299973,
        38.350000619888306,
        14.400000274181366,
        18.075000196695328,
        29.775000363588333,
        39.225000500679016,
        22.45000022649765,
        33.72500041127205
      ]
    }
  },
  "distances": {
    "best_heuristic_vs_evolved": 1.2595613268455832
  },
  "ranking": [
    {
      "name": "best_heuristic",
      "mean_payoff": 33.925000441074374,
      "std_payoff": 17.72937538733475
    },
    {
      "name": "evolved",
      "mean_payoff": 26.730000361800194,
      "std_payoff": 8.316683639298741
    }
  ],
  "insights": {}
}
