{
  "baseline": {
    "reward_per_seed": [
      294.64990234375,
      305.64990234375,
      303.68310546875,
      291.3779296875,
      287.923828125
    ],
    "reward_mean": 296.65693359375,
    "reward_ci": [
      290.65068359375,
      302.66318359375
    ],
    "crosses_bar": false,
    "crosses_random": false,
    "delta_vs_random": 3.256933593750034,
    "reward_trajectory_mean": [
      291.83974609375,
      296.84443359375,
      289.65400390625,
      296.60673828125,
      298.00791015625,
      292.72744140625,
      294.41953125,
      299.4474609375,
      290.61552734375,
      296.6205078125,
      289.848046875,
      290.5357421875,
      293.90537109375,
      289.830078125,
      292.34150390625,
      292.11591796875,
      294.8708984375,
      292.1724609375,
      287.42666015625,
      294.60361328125,
      293.70693359375,
      294.16787109375,
      296.609375,
      294.20078125,
      291.6759765625,
      293.37080078125,
      292.7943359375,
      291.82939453125,
      289.9568359375,
      289.75,
      294.3498046875,
      295.410546875,
      294.6443359375,
      293.4240234375,
      298.095703125,
      294.7396484375,
      288.83330078125,
      293.33779296875,
      289.30517578125,
      293.26533203125,
      291.28349609375,
      291.89306640625,
      293.22998046875,
      292.902734375,
      292.01494140625,
      293.76318359375,
      297.0224609375,
      296.944140625,
      292.6837890625,
      296.65693359375
    ],
    "reward_slope_iters_25_to_50": 0.09043171574519338,
    "entropy_iter49_mean": 0.34550931393431844,
    "gradient_ratio_iter0_mean": 6064940.473629629,
    "gradient_ratio_iter49_mean": 2733358.138572273,
    "gradient_ratio_trajectory_mean": [
      6064940.473629629,
      6204300.370023958,
      11974366.67019039,
      16677292.378343765,
      17366617.47780659,
      15513731.743494445,
      3192830.634452528,
      6284569.706714122,
      4083107.9985024766,
      5827429.166318229,
      7859381.814405677,
      19320667.49571417,
      18253650.24863193,
      8143259.741596726,
      4738295.484379321,
      14530356.382988667,
      24197768.700832356,
      13584205.552029863,
      16127268.462812927,
      2230844.594921368,
      10474894.258896464,
      6555699.246372761,
      6505602.2360390825,
      2202015.44669664,
      5955396.208791496,
      1954006.0232040547,
      24657708.657004066,
      5226817.931308098,
      4508674.428780057,
      3992411.6285911277,
      5533771.8691750355,
      21716349.029368483,
      7214109.167366764,
      5508409.743165697,
      22473353.824102566,
      13862947.458331615,
      8285204.661465851,
      18280115.94446365,
      3301829.9943956384,
      2397804.0504046627,
      3556038.5815433874,
      10922024.523912575,
      2398327.008605988,
      24913930.310871325,
      1976722.042798744,
      4066437.32880847,
      4085275.405107499,
      5125389.760839584,
      3328746.2394066267,
      2733358.138572273
    ],
    "config": {
      "normalize_returns": false,
      "value_coef": 0.5,
      "entropy_coef": 0.01
    }
  },
  "L1_norm": {
    "reward_per_seed": [
      298.09521484375,
      304.453125,
      309.44580078125,
      287.85498046875,
      294.3251953125
    ],
    "reward_mean": 298.83486328125,
    "reward_ci": [
      292.46865234375,
      305.17861328125
    ],
    "crosses_bar": false,
    "crosses_random": false,
    "delta_vs_random": 5.4348632812500455,
    "reward_trajectory_mean": [
      291.83974609375,
      297.20888671875,
      291.52490234375,
      297.36552734375,
      298.4361328125,
      292.4087890625,
      290.98759765625,
      299.708984375,
      292.06533203125,
      295.62451171875,
      292.15341796875,
      290.24423828125,
      295.308203125,
      289.3716796875,
      294.3171875,
      291.09482421875,
      297.0080078125,
      290.912890625,
      286.19326171875,
      293.0724609375,
      290.04287109375,
      295.14970703125,
      293.9044921875,
      295.31923828125,
      292.862890625,
      292.261328125,
      292.48125,
      291.3484375,
      289.35107421875,
      287.83125,
      292.3498046875,
      293.42978515625,
      294.643359375,
      294.04150390625,
      295.13173828125,
      295.5986328125,
      289.89921875,
      297.01767578125,
      292.2025390625,
      293.330859375,
      290.27529296875,
      294.396875,
      293.20498046875,
      292.22392578125,
      291.91533203125,
      294.8423828125,
      298.19296875,
      295.74189453125,
      292.35546875,
      298.83486328125
    ],
    "reward_slope_iters_25_to_50": 0.17250082632211655,
    "entropy_iter49_mean": 1.8069077408480836,
    "gradient_ratio_iter0_mean": 669.7316578423058,
    "gradient_ratio_iter49_mean": 20.095551440111347,
    "gradient_ratio_trajectory_mean": [
      669.7316578423058,
      864.3122471505136,
      141.14724219027465,
      70.5413961580729,
      88.34417766459892,
      104.8982381997641,
      46.409964897691154,
      34.1386274440245,
      27.63412088488979,
      70.63578973570154,
      44.436959309902434,
      70.5550656780936,
      79.04317119324637,
      33.55967508605981,
      59.765361322593535,
      45.43154590853011,
      59.90751387749525,
      15.91545346821978,
      30.04555487164445,
      177.21076378609598,
      15.164000518816383,
      16.948270349987116,
      20.88418139289782,
      34.193731704553606,
      40.24361994552944,
      29.283703073028164,
      147.25397916517824,
      60.57430531390666,
      58.66795856204978,
      102.19534079664834,
      67.22587293748492,
      22.91084747146865,
      43.267946027632675,
      54.80444105451058,
      15.569993858247196,
      26.393698105810717,
      129.4226290028355,
      124.82206397718149,
      17.104910937844018,
      16.35767899801961,
      31.485179840115688,
      54.256088108236625,
      76.78789124509781,
      34.34690851629989,
      35.273754925657876,
      55.2058911492345,
      27.110708210699194,
      36.05133364592448,
      164.38079370130728,
      20.095551440111347
    ],
    "config": {
      "normalize_returns": true,
      "value_coef": 0.5,
      "entropy_coef": 0.01
    }
  },
  "L2_low_vf": {
    "reward_per_seed": [
      293.09130859375,
      300.26025390625,
      305.607421875,
      290.5546875,
      288.7861328125
    ],
    "reward_mean": 295.6599609375,
    "reward_ci": [
      290.35458984375,
      301.52744140625
    ],
    "crosses_bar": false,
    "crosses_random": false,
    "delta_vs_random": 2.2599609375000114,
    "reward_trajectory_mean": [
      291.83974609375,
      296.844140625,
      290.41982421875,
      296.13330078125,
      296.16591796875,
      292.1603515625,
      294.145703125,
      300.15703125,
      291.41708984375,
      297.86201171875,
      292.99697265625,
      290.52763671875,
      292.8248046875,
      289.4666015625,
      293.52958984375,
      293.48369140625,
      296.25810546875,
      290.6162109375,
      288.63203125,
      295.4658203125,
      296.47861328125,
      295.64638671875,
      294.14892578125,
      293.64580078125,
      292.188671875,
      293.20634765625,
      294.498828125,
      293.03125,
      292.3345703125,
      289.33828125,
      295.6978515625,
      295.5900390625,
      293.56240234375,
      293.49248046875,
      297.23388671875,
      295.946484375,
      287.81435546875,
      294.84609375,
      290.01064453125,
      291.60751953125,
      290.4806640625,
      289.80859375,
      292.27236328125,
      291.7080078125,
      291.88388671875,
      293.604296875,
      297.06025390625,
      296.0369140625,
      290.020703125,
      295.6599609375
    ],
    "reward_slope_iters_25_to_50": -0.0084746844951912,
    "entropy_iter49_mean": 0.4130980052170184,
    "gradient_ratio_iter0_mean": 607969.6104631164,
    "gradient_ratio_iter49_mean": 584624.2508452648,