{
  "results": {
    "ippo": {
      "default": {
        "seeds": [
          {
            "cell": "experiments/p3_specialization/runs/issue231/ippo/default/seed_42",
            "trailing5_team_reward": 254.576171875,
            "final_iter": 99,
            "per_agent_entropy_final": [
              0.00642758314625143,
              0.0,
              0.0,
              0.0
            ],
            "mean_entropy_final": 0.0016068957865628575,
            "entropy_spread": 0.00642758314625143,
            "kl_off_diag_mean": 19.187640861962183,
            "kl_off_diag_max": 23.025850296020508,
            "seed": 42
          },
          {
            "cell": "experiments/p3_specialization/runs/issue231/ippo/default/seed_43",
            "trailing5_team_reward": 244.13662109375,
            "final_iter": 99,
            "per_agent_entropy_final": [
              0.0,
              0.0,
              0.0,
              0.0
            ],
            "mean_entropy_final": 0.0,
            "entropy_spread": 0.0,
            "kl_off_diag_mean": 22.722083409627277,
            "kl_off_diag_max": 23.025850296020508,
            "seed": 43
          },
          {
            "cell": "experiments/p3_specialization/runs/issue231/ippo/default/seed_44",
            "trailing5_team_reward": 255.50390625,
            "final_iter": 99,
            "per_agent_entropy_final": [
              0.0,
              0.0,
              0.0,
              0.0
            ],
            "mean_entropy_final": 0.0,
            "entropy_spread": 0.0,
            "kl_off_diag_mean": 23.025800228118896,
            "kl_off_diag_max": 23.025850296020508,
            "seed": 44
          }
        ],
        "n_seeds": 3,
        "team_reward_mean": 251.40556640625002,
        "team_reward_std": 6.3121586826319565,
        "team_reward_per_seed": [
          254.576171875,
          244.13662109375,
          255.50390625
        ],
        "mean_entropy_mean": 0.0005356319288542859,
        "entropy_spread_mean": 0.0021425277154171435,
        "kl_off_diag_mean": 21.645174833236116,
        "gap_closed_mean": 0.002518525408837,
        "gap_closed_per_seed": [
          0.04800131796012064,
          -0.10175554305336386,
          0.0613098013197534
        ]
      },
      "minimal_specialization": {
        "seeds": [
          {
            "cell": "experiments/p3_specialization/runs/issue231/ippo/minimal_specialization/seed_42",
            "trailing5_team_reward": -76.5126953125,
            "final_iter": 99,
            "per_agent_entropy_final": [
              0.0,
              0.00642758314625143,
              0.5661146474502893,
              0.06142855404234769
            ],
            "mean_entropy_final": 0.1584926961597221,
            "entropy_spread": 0.5661146474502893,
            "kl_off_diag_mean": 19.973986864089966,
            "kl_off_diag_max": 23.02581787109375,
            "seed": 42
          },
          {
            "cell": "experiments/p3_specialization/runs/issue231/ippo/minimal_specialization/seed_43",
            "trailing5_team_reward": -90.32919921875,
            "final_iter": 99,
            "per_agent_entropy_final": [
              0.0,
              0.0,
              0.02922609883967134,
              0.0
            ],
            "mean_entropy_final": 0.007306524709917835,
            "entropy_spread": 0.02922609883967134,
            "kl_off_diag_mean": 21.5387548605601,
            "kl_off_diag_max": 23.025835037231445,
            "seed": 43
          },
          {
            "cell": "experiments/p3_specialization/runs/issue231/ippo/minimal_specialization/seed_44",
            "trailing5_team_reward": -81.04072265625,
            "final_iter": 99,
            "per_agent_entropy_final": [
              0.0,
              0.0,
              0.07631561714294695,
              0.06507472171217013
            ],
            "mean_entropy_final": 0.03534758471377927,
            "entropy_spread": 0.07631561714294695,
            "kl_off_diag_mean": 21.681028525034588,
            "kl_off_diag_max": 23.025691986083984,
            "seed": 44
          }
        ],
        "n_seeds": 3,
        "team_reward_mean": -82.62753906249999,
        "team_reward_std": 7.043609499270494,
        "team_reward_per_seed": [
          -76.5126953125,
          -90.32919921875,
          -81.04072265625
        ],
        "mean_entropy_mean": 0.06704893519447307,
        "entropy_spread_mean": 0.22388545447763586,
        "kl_off_diag_mean": 21.06459008322822,
        "gap_closed_mean": 0.07756985434120346,
        "gap_closed_per_seed": [
          0.1707129426884996,
          -0.03974408558644336,
          0.10174070592155371
        ]
      },
      "positional_default": {
        "seeds": [
          {
            "cell": "experiments/p3_specialization/runs/issue231/ippo/positional_default/seed_42",
            "trailing5_team_reward": 253.69962463378906,
            "final_iter": 99,
            "per_agent_entropy_final": [
              0.0,
              0.0,
              0.0,
              0.0
            ],
            "mean_entropy_final": 0.0,
            "entropy_spread": 0.0,
            "kl_off_diag_mean": 19.187946176547864,
            "kl_off_diag_max": 23.02584457397461,
            "seed": 42
          },
          {
            "cell": "experiments/p3_specialization/runs/issue231/ippo/positional_default/seed_43",
            "trailing5_team_reward": 246.1187713623047,
            "final_iter": 99,
            "per_agent_entropy_final": [
              0.0,
              0.0,
              0.0,
              0.0
            ],
            "mean_entropy_final": 0.0,
            "entropy_spread": 0.0,
            "kl_off_diag_mean": 23.01719856262207,
            "kl_off_diag_max": 23.025848388671875,
            "seed": 43
          },
          {
            "cell": "experiments/p3_specialization/runs/issue231/ippo/positional_default/seed_44",
            "trailing5_team_reward": 254.97072143554686,
            "final_iter": 99,
            "per_agent_entropy_final": [
              0.0,
              0.0,
              0.0,
              0.0
            ],
            "mean_entropy_final": 0.0,
            "entropy_spread": 0.0,
            "kl_off_diag_mean": 23.025843461354572,
            "kl_off_diag_max": 23.025850296020508,
            "seed": 44
          }
        ],
        "n_seeds": 3,
        "team_reward_mean": 251.59637247721352,
        "team_reward_std": 4.786126539321507,
        "team_reward_per_seed": [
          253.69962463378906,
          246.1187713623047,
          254.97072143554686
        ],
        "mean_entropy_mean": 0.0,
        "entropy_spread_mean": 0.0,
        "kl_off_diag_mean": 21.74366273350817,
        "gap_closed_mean": 0.012348524475677468,
        "gap_closed_per_seed": [
          0.042326462853321936,
          -0.0657244674700013,
          0.06044357804371257
        ]
      }
    },
    "mappo": {
      "default": {
        "seeds": [
          {
            "cell": "experiments/p3_specialization/runs/issue231/mappo/default/seed_42",
            "trailing5_team_reward": 255.6140625,
            "final_iter": 99,
            "per_agent_entropy_final": [
              2.1181664682623262,
              1.0358246440767274,
              2.8970626783023197,
              1.4868483649731883
            ],
            "mean_entropy_final": 1.8844755389036405,
            "entropy_spread": 1.8612380342255923,
            "kl_off_diag_mean": 8.593685984611511,
            "kl_off_diag_max": 15.75642204284668,
            "seed": 42
          },
          {
            "cell": "experiments/p3_specialization/runs/issue231/mappo/default/seed_43",
            "trailing5_team_reward": 248.57080078125,
            "final_iter": 99,