{
  "scenario": "early_containment",
  "fitness": 68.8,
  "generation": 15000,
  "genome": [
    0.3060885233641002,
    0.06352264031873198,
    0.014818693619284187,
    0.9073119055652519,
    0.9477873275024511,
    0.5571028379732136,
    0.5980114834945792,
    0.7947088089477861,
    1.0,
    0.8501413166770448
  ],
  "parameters": {
    "honesty": 0.3060885233641002,
    "work_tendency": 0.06352264031873198,
    "neighbor_help": 0.014818693619284187,
    "own_priority": 0.9073119055652519,
    "risk_aversion": 0.9477873275024511,
    "coordination": 0.5571028379732136,
    "exploration": 0.5980114834945792,
    "fatigue_memory": 0.7947088089477861,
    "rest_bias": 1.0,
    "altruism": 0.8501413166770448
  }
}
