{
  "trainer": "ippo",
  "scenario": "minimal_specialization",
  "seeds": [
    42,
    43,
    44,
    45
  ],
  "num_iterations": 50,
  "n_seeds_completed": 4,
  "n_seeds_failed": 0,
  "failed_seeds": [],
  "gap_closed_mean": 0.23274048386417254,
  "gap_closed_std": 0.17876688941265137,
  "gap_closed_per_seed": [
    0.4836655357368554,
    0.25160028543141216,
    0.21642165381698672,
    -0.020725539528564128
  ],
  "trailing5_team_mean": -73.9091796875,
  "iter0_gap_closed_mean": 0.2152980474016262,
  "min_iter_gap_closed_mean": -0.12626020009163297,
  "mean_traj_gap_closed": [
    0.2152980474016262,
    0.1620090280191481,
    0.11219862168752104,
    0.15537271477133888,
    0.13354858357294824,
    0.14311322661252945,
    0.10577933604282522,
    0.1497659969297691,
    0.017294816549755624,
    0.10178643957227415,
    0.06640271173007244,
    0.03658558762270389,
    0.16087349022845043,
    0.05482516338578528,
    0.15217181476712585,
    0.16007223666055778,
    0.12235674779343611,
    0.04659662867058474,
    0.10969097573306368,
    0.215521246405776,
    0.08780924479166664,
    0.1937763148540192,
    0.09855982539707614,
    0.09916770839916159,
    0.19019998795342516,
    0.14774383452350856,
    0.18240756557813023,
    0.12114612462346222,
    0.060778508252232875,
    0.3197366671406302,
    0.20821842184603553,
    0.1482858892478724,
    0.15755019077034882,
    0.26277977840885147,
    0.18756788541140038,
    0.1727719514266304,
    0.17526828314585438,
    0.20639065857242161,
    0.15953943903774853,
    0.07206908644832741,
    0.07518358683803082,
    0.13396206744238706,
    0.206216830776563,
    0.12318680123283196,
    0.2305959220040234,
    0.26474434107210565,
    0.28202220684034796,
    0.16573346854461574,
    0.24654590798260023,
    0.20465649488119309
  ],
  "verdict_tier": "partial_lower",
  "verdict_reason": "0.2 <= gap_closed_mean < 0.49",
  "command_invoked": "/home/sphere/GitHub/bucket-brigade/.venv/bin/python3 -m experiments.p3_specialization.train --scenario minimal_specialization --algorithm ppo --lambda-red 0.0 --seed 42 --output-dir experiments/p3_specialization/phase_diagram_ppo_v2/cell_b0.90_k0.90_c2.00/seed_42 --num-iterations 50 --rollout-steps 2048 --prob-fire-spreads-to-neighbor 0.9 --prob-solo-agent-extinguishes-fire 0.9 --cost-to-work-one-night 2.0 && /home/sphere/GitHub/bucket-brigade/.venv/bin/python3 -m experiments.p3_specialization.train --scenario minimal_specialization --algorithm ppo --lambda-red 0.0 --seed 43 --output-dir experiments/p3_specialization/phase_diagram_ppo_v2/cell_b0.90_k0.90_c2.00/seed_43 --num-iterations 50 --rollout-steps 2048 --prob-fire-spreads-to-neighbor 0.9 --prob-solo-agent-extinguishes-fire 0.9 --cost-to-work-one-night 2.0 && /home/sphere/GitHub/bucket-brigade/.venv/bin/python3 -m experiments.p3_specialization.train --scenario minimal_specialization --algorithm ppo --lambda-red 0.0 --seed 44 --output-dir experiments/p3_specialization/phase_diagram_ppo_v2/cell_b0.90_k0.90_c2.00/seed_44 --num-iterations 50 --rollout-steps 2048 --prob-fire-spreads-to-neighbor 0.9 --prob-solo-agent-extinguishes-fire 0.9 --cost-to-work-one-night 2.0 && /home/sphere/GitHub/bucket-brigade/.venv/bin/python3 -m experiments.p3_specialization.train --scenario minimal_specialization --algorithm ppo --lambda-red 0.0 --seed 45 --output-dir experiments/p3_specialization/phase_diagram_ppo_v2/cell_b0.90_k0.90_c2.00/seed_45 --num-iterations 50 --rollout-steps 2048 --prob-fire-spreads-to-neighbor 0.9 --prob-solo-agent-extinguishes-fire 0.9 --cost-to-work-one-night 2.0",
  "git_sha": "0a9448d7",
  "wall_clock_seconds": 470.0252574729966,
  "cell": {
    "beta": 0.9,
    "kappa": 0.9,
    "c": 2.0,
    "tag": "b0.90_k0.90_c2.00",
    "ne_verdict": "mixed",
    "ne_verdict_detail": "Symmetric NE (51.89) and asymmetric NE (50.20) both converge within epsilon=50.0 (|gap|=1.68)."
  },
  "rollout_steps": 2048,
  "sweep": "phase_diagram_ppo",
  "gap_closed_homogeneous_mean": 0.05947770091563938,
  "gap_closed_homogeneous_per_seed": [
    0.19212384931049312,
    0.0694475306266038,
    0.050851101315820546,
    -0.07451167759035995
  ],
  "gap_closed_ne_mean": 0.12653490991817318,
  "gap_closed_ne_per_seed": [
    0.40873089563627746,
    0.1477450691031375,
    0.10818238474556342,
    -0.15851870981228572
  ],
  "baseline_source": "per_cell"
}