{
  "scenario": "deceptive_calm",
  "fitness": 70.0,
  "generation": 2500,
  "genome": [
    0.7903996109962463,
    0.2309885323047638,
    0.0748533383011818,
    0.17560791969299316,
    0.20887118577957153,
    0.13327954709529877,
    0.8957308530807495,
    0.6053868532180786,
    1.0,
    0.6168940663337708
  ],
  "parameters": {
    "honesty": 0.7903996109962463,
    "work_tendency": 0.2309885323047638,
    "neighbor_help": 0.0748533383011818,
    "own_priority": 0.17560791969299316,
    "risk_aversion": 0.20887118577957153,
    "coordination": 0.13327954709529877,
    "exploration": 0.8957308530807495,
    "fatigue_memory": 0.6053868532180786,
    "rest_bias": 1.0,
    "altruism": 0.6168940663337708
  }
}