{
  "scenario": "deceptive_calm",
  "fitness": -0.5,
  "generation": 10,
  "genome": [
    0.38933631777763367,
    1.0,
    0.40967458486557007,
    0.38370494905453345,
    0.15417349338531494,
    0.6691702604293823,
    0.2453285282798436,
    0.34259355068206787,
    0.3244436004039221,
    0.49276456236839294
  ],
  "parameters": {
    "honesty": 0.38933631777763367,
    "work_tendency": 1.0,
    "neighbor_help": 0.40967458486557007,
    "own_priority": 0.38370494905453345,
    "risk_aversion": 0.15417349338531494,
    "coordination": 0.6691702604293823,
    "exploration": 0.2453285282798436,
    "fatigue_memory": 0.34259355068206787,
    "rest_bias": 0.3244436004039221,
    "altruism": 0.49276456236839294
  }
}