{
  "scenario": "deceptive_calm",
  "fitness": -2.6,
  "generation": 11,
  "genome": [
    0.2752518355846405,
    0.10730843991041183,
    1.0,
    0.0,
    0.2395540028810501,
    0.09145677834749222,
    0.22717955708503723,
    0.22329966973306783,
    0.5343073606491089,
    0.4297611117362976
  ],
  "parameters": {
    "honesty": 0.2752518355846405,
    "work_tendency": 0.10730843991041183,
    "neighbor_help": 1.0,
    "own_priority": 0.0,
    "risk_aversion": 0.2395540028810501,
    "coordination": 0.09145677834749222,
    "exploration": 0.22717955708503723,
    "fatigue_memory": 0.22329966973306783,
    "rest_bias": 0.5343073606491089,
    "altruism": 0.4297611117362976
  }
}
