{
  "scenario": "deceptive_calm",
  "fitness": 0.05,
  "generation": 200,
  "genome": [
    1.0,
    0.48946397519105694,
    0.2995530515215551,
    0.0,
    0.9738727713642847,
    0.6960527274804328,
    0.0,
    0.0,
    0.0,
    0.04882757169822353
  ],
  "parameters": {
    "honesty": 1.0,
    "work_tendency": 0.48946397519105694,
    "neighbor_help": 0.2995530515215551,
    "own_priority": 0.0,
    "risk_aversion": 0.9738727713642847,
    "coordination": 0.6960527274804328,
    "exploration": 0.0,
    "fatigue_memory": 0.0,
    "rest_bias": 0.0,
    "altruism": 0.04882757169822353
  }
}