{
  "trainer": "ippo",
  "scenario": "minimal_specialization",
  "seeds": [
    42,
    43,
    44,
    45
  ],
  "num_iterations": 200,
  "n_seeds_completed": 4,
  "n_seeds_failed": 0,
  "failed_seeds": [],
  "gap_closed_mean": -0.27207518379255136,
  "gap_closed_std": 0.04864158729947773,
  "gap_closed_per_seed": [
    -0.21241830710734744,
    -0.345551061678463,
    -0.27949896781260536,
    -0.25083239857178957
  ],
  "trailing5_team_mean": -103.86494140625,
  "iter0_gap_closed_mean": -0.21499723274377527,
  "min_iter_gap_closed_mean": -0.5232679716135301,
  "mean_traj_gap_closed": [
    -0.21499723274377527,
    -0.22766660478808562,
    -0.2660815191059993,
    -0.2305147063663844,
    -0.2898671272671259,
    -0.29220814539360046,
    -0.27409508335176525,
    -0.26982241670089735,
    -0.2257020421248315,
    -0.35483038027679475,
    -0.2866631415623947,
    -0.21096576501674671,
    -0.26985533083975816,
    -0.27838369278864383,
    -0.3220535550890525,
    -0.18738998449085778,
    -0.279208089110423,
    -0.201516835746598,
    -0.256870188775752,
    -0.29705578090769297,
    -0.3467232164486434,
    -0.2792039748430654,
    -0.31890974054442617,
    -0.17586077878802242,
    -0.22545672893363458,
    -0.281284251275752,
    -0.2076404084249663,
    -0.3123803982479146,
    -0.2506540450818377,
    -0.24510389841643496,
    -0.3040577496669089,
    -0.2822917324949444,
    -0.2574261291524478,
    -0.3494216615518095,
    -0.24010352072669153,
    -0.22208765825117965,
    -0.29830908960150193,
    -0.32410246023313743,
    -0.230277107426483,
    -0.29866188802741617,
    -0.2821657330571179,
    -0.2198289254718571,
    -0.28017031338868176,
    -0.2795727160549903,
    -0.2791576893352924,
    -0.28913633052773213,
    -0.30157427503317746,
    -0.24823125589163086,
    -0.21155359096546386,
    -0.2754630772481673,
    -0.3148746728334597,
    -0.2454340683718824,
    -0.27277954636417256,
    -0.3335945893105409,
    -0.3265663920969203,
    -0.2682137381640757,
    -0.24166591375574023,
    -0.29215414563453196,
    -0.39163095894027006,
    -0.32619559375131657,
    -0.27188623606415363,
    -0.3299436913140904,
    -0.2333499508591907,
    -0.33062408827835355,
    -0.1205351970635322,
    -0.2010616949201635,
    -0.2774893539217855,
    -0.2593125207359075,
    -0.2579208698021992,
    -0.4025815957959429,
    -0.2519027252248694,
    -0.21923287098842476,
    -0.23406377624573432,
    -0.2653563794842223,
    -0.3387909089831901,
    -0.15798274426899014,
    -0.26789951099463893,
    -0.2513730133025784,
    -0.2978292631709218,
    -0.21429729300956354,
    -0.27815689380055614,
    -0.281155680420827,
    -0.2782885503559993,
    -0.2703130430832912,
    -0.26038274453230326,
    -0.206037901289181,
    -0.22638089623883553,
    -0.13036006751348164,
    -0.17677106044089147,
    -0.3666506703951803,
    -0.25888977976491406,
    -0.2516903261725333,
    -0.3414363828941271,
    -0.31846231396928715,
    -0.23137664537780167,
    -0.24832279834033746,
    -0.250463245933129,
    -0.1905260847841886,
    -0.3128195962883384,
    -0.24643434962319893,
    -0.2365122796069262,
    -0.27972648679748063,
    -0.3285731260005898,
    -0.25280889261038086,
    -0.26170188150383383,
    -0.2961424135543057,
    -0.32258892412896023,
    -0.2925300868143327,
    -0.26957247495892317,
    -0.27136012412580046,
    -0.3152161570241405,
    -0.29202197479566905,
    -0.273567428563153,
    -0.31820105799207954,
    -0.23586016823074654,
    -0.27580353287200876,
    -0.2288227139155713,
    -0.23325995126074317,
    -0.15454373104145602,
    -0.20522944775341254,
    -0.264180727586788,
    -0.2950500755708628,
    -0.3823460860810056,
    -0.29486493353977083,
    -0.28222590421722277,
    -0.28496394914370576,
    -0.24380276136459386,
    -0.2594493201255477,
    -0.28485286392505055,
    -0.23775067408156386,
    -0.29981028290360634,
    -0.2306864770285642,
    -0.3246974861497304,
    -0.27735255453214525,
    -0.27739781147307885,
    -0.2854638326276542,
    -0.3170367203298787,
    -0.331627969513608,
    -0.2927825999734054,
    -0.30451494762702225,
    -0.25239952300829965,
    -0.2514552986497304,
    -0.3010980485865352,
    -0.2153670025225396,
    -0.2490772521170374,
    -0.2745610241300135,
    -0.251510841259058,
    -0.316364037616911,
    -0.38614612626916917,
    -0.3187770554221436,
    -0.2645366117132204,
    -0.30760476241258006,
    -0.28621674355409504,
    -0.24251499568166499,
    -0.2614879396012386,
    -0.2412580870039181,
    -0.2652298657629761,
    -0.24486012807549715,
    -0.29724298007246375,
    -0.28939090082048363,
    -0.25287883515546006,
    -0.2936553389366363,
    -0.2719690356947253,
    -0.25141415597615435,
    -0.2688175068988035,
    -0.3363120629002359,
    -0.2810286524161611,
    -0.2676140836967054,
    -0.2585441813068756,
    -0.2629094189732895,
    -0.21277707122093023,
    -0.2611505696779154,
    -0.2428605941397034,
    -0.2601693169131277,
    -0.2704014998314796,
    -0.28837827676709427,
    -0.21541843086450962,
    -0.21091742237529493,
    -0.32252721011859625,
    -0.16278666569240816,
    -0.30582122751306035,
    -0.2336055497187816,
    -0.2986212596372599,
    -0.2545451134352882,
    -0.3363346913707027,
    -0.24458652929621671,
    -0.2383822141209555,
    -0.31888608350712,
    -0.2765153011248736,
    -0.3123629126116448,
    -0.28442909438721775,
    -0.2442141881003539,
    -0.38504350261733233,
    -0.28796530718107516,
    -0.3176147748936215,
    -0.2870869111002275,
    -0.33697857421216715,
    -0.2727322322895602,
    -0.22641381037769634,
    -0.23716439098310585
  ],
  "verdict_tier": "insufficient",
  "verdict_reason": "gap_closed_mean = -0.272 < 0.2",
  "command_invoked": "/home/sphere/GitHub/bucket-brigade/.venv/bin/python3 -m experiments.p3_specialization.train --scenario minimal_specialization --algorithm ppo --lambda-red 0.0 --seed 42 --output-dir experiments/p3_specialization/phase_diagram_ppo_longbudget/cell_b0.10_k0.10_c2.00/seed_42 --num-iterations 200 --rollout-steps 4096 --prob-fire-spreads-to-neighbor 0.1 --prob-solo-agent-extinguishes-fire 0.1 --cost-to-work-one-night 2.0 && /home/sphere/GitHub/bucket-brigade/.venv/bin/python3 -m experiments.p3_specialization.train --scenario minimal_specialization --algorithm ppo --lambda-red 0.0 --seed 43 --output-dir experiments/p3_specialization/phase_diagram_ppo_longbudget/cell_b0.10_k0.10_c2.00/seed_43 --num-iterations 200 --rollout-steps 4096 --prob-fire-spreads-to-neighbor 0.1 --prob-solo-agent-extinguishes-fire 0.1 --cost-to-work-one-night 2.0 && /home/sphere/GitHub/bucket-brigade/.venv/bin/python3 -m experiments.p3_specialization.train --scenario minimal_specialization --algorithm ppo --lambda-red 0.0 --seed 44 --output-dir experiments/p3_specialization/phase_diagram_ppo_longbudget/cell_b0.10_k0.10_c2.00/seed_44 --num-iterations 200 --rollout-steps 4096 --prob-fire-spreads-to-neighbor 0.1 --prob-solo-agent-extinguishes-fire 0.1 --cost-to-work-one-night 2.0 && /home/sphere/GitHub/bucket-brigade/.venv/bin/python3 -m experiments.p3_specialization.train --scenario minimal_specialization --algorithm ppo --lambda-red 0.0 --seed 45 --output-dir experiments/p3_specialization/phase_diagram_ppo_longbudget/cell_b0.10_k0.10_c2.00/seed_45 --num-iterations 200 --rollout-steps 4096 --prob-fire-spreads-to-neighbor 0.1 --prob-solo-agent-extinguishes-fire 0.1 --cost-to-work-one-night 2.0",
  "git_sha": "0a9448d7",
  "wall_clock_seconds": 3733.8519197502173,
  "cell": {
    "beta": 0.1,
    "kappa": 0.1,
    "c": 2.0,
    "tag": "b0.10_k0.10_c2.00",
    "ne_verdict": "no_convergence",
    "ne_verdict_detail": "No restart converged within max_iterations (20 attempted). Likely needs more iterations or a tighter epsilon. Compute budget?"
  },
  "rollout_steps": 4096,
  "sweep": "phase_diagram_ppo",
  "gap_closed_homogeneous_mean": -0.13070399970959454,