{
  "trainer": "ippo",
  "scenario": "minimal_specialization",
  "seeds": [
    42,
    43,
    44,
    45
  ],
  "num_iterations": 50,
  "n_seeds_completed": 4,
  "n_seeds_failed": 0,
  "failed_seeds": [],
  "gap_closed_mean": 0.30402448581532265,
  "gap_closed_std": 0.21306940895090326,
  "gap_closed_per_seed": [
    0.5500788622767104,
    0.25019238314164133,
    0.43116090142610375,
    -0.015334203583164879
  ],
  "trailing5_team_mean": -69.67918701171875,
  "iter0_gap_closed_mean": 0.21632661424102625,
  "min_iter_gap_closed_mean": -0.11060952706332154,
  "mean_traj_gap_closed": [
    0.21632661424102625,
    0.19612350438153014,
    0.09716406019601026,
    0.13037134060604144,
    0.04178293586219243,
    0.08533142727555187,
    0.10502333941586617,
    0.23167180291803585,
    0.032088693400846795,
    0.11516089418499323,
    0.12425651074580803,
    0.07688792209091673,
    0.09960176360538842,
    0.06222570179526877,
    0.11341850195904953,
    0.1894820482995239,
    0.11718717085861137,
    0.14941936990489127,
    0.06479197605957193,
    0.14794029078983398,
    0.09543709647265754,
    0.14527527410894842,
    0.14799583339916159,
    0.10202095281165738,
    0.17321012090021484,
    0.1543904334397118,
    0.25478472836619476,
    0.12305720181106755,
    0.004615673120470995,
    0.26570605106694467,
    0.16464935909588807,
    0.20226507697958793,
    0.14470853378043896,
    0.24320409432138942,
    0.20889624739320017,
    0.20365878504697502,
    0.18825599662695902,
    0.13396103887554767,
    0.17113858728566309,
    0.08293692367342852,
    0.061238277629444705,
    0.19543436459913208,
    0.14143357696378916,
    0.21138229344403014,
    0.1958560770032861,
    0.28198517843412957,
    0.34593529310698934,
    0.2799383304237234,
    0.3592562622440596,
    0.25300736486771147
  ],
  "verdict_tier": "partial_lower",
  "verdict_reason": "0.2 <= gap_closed_mean < 0.49",
  "command_invoked": "/home/sphere/GitHub/bucket-brigade/.venv/bin/python3 -m experiments.p3_specialization.train --scenario minimal_specialization --algorithm ppo --lambda-red 0.0 --seed 42 --output-dir experiments/p3_specialization/phase_diagram_ppo_v2/cell_b0.10_k0.90_c2.00/seed_42 --num-iterations 50 --rollout-steps 2048 --prob-fire-spreads-to-neighbor 0.1 --prob-solo-agent-extinguishes-fire 0.9 --cost-to-work-one-night 2.0 && /home/sphere/GitHub/bucket-brigade/.venv/bin/python3 -m experiments.p3_specialization.train --scenario minimal_specialization --algorithm ppo --lambda-red 0.0 --seed 43 --output-dir experiments/p3_specialization/phase_diagram_ppo_v2/cell_b0.10_k0.90_c2.00/seed_43 --num-iterations 50 --rollout-steps 2048 --prob-fire-spreads-to-neighbor 0.1 --prob-solo-agent-extinguishes-fire 0.9 --cost-to-work-one-night 2.0 && /home/sphere/GitHub/bucket-brigade/.venv/bin/python3 -m experiments.p3_specialization.train --scenario minimal_specialization --algorithm ppo --lambda-red 0.0 --seed 44 --output-dir experiments/p3_specialization/phase_diagram_ppo_v2/cell_b0.10_k0.90_c2.00/seed_44 --num-iterations 50 --rollout-steps 2048 --prob-fire-spreads-to-neighbor 0.1 --prob-solo-agent-extinguishes-fire 0.9 --cost-to-work-one-night 2.0 && /home/sphere/GitHub/bucket-brigade/.venv/bin/python3 -m experiments.p3_specialization.train --scenario minimal_specialization --algorithm ppo --lambda-red 0.0 --seed 45 --output-dir experiments/p3_specialization/phase_diagram_ppo_v2/cell_b0.10_k0.90_c2.00/seed_45 --num-iterations 50 --rollout-steps 2048 --prob-fire-spreads-to-neighbor 0.1 --prob-solo-agent-extinguishes-fire 0.9 --cost-to-work-one-night 2.0",
  "git_sha": "0a9448d7",
  "wall_clock_seconds": 474.2465870559681,
  "cell": {
    "beta": 0.1,
    "kappa": 0.9,
    "c": 2.0,
    "tag": "b0.10_k0.90_c2.00",
    "ne_verdict": "mixed",
    "ne_verdict_detail": "Symmetric NE (51.89) and asymmetric NE (50.20) both converge within epsilon=50.0 (|gap|=1.68)."
  },
  "rollout_steps": 2048,
  "sweep": "phase_diagram_ppo",
  "gap_closed_homogeneous_mean": 0.09716046009182944,
  "gap_closed_homogeneous_per_seed": [
    0.22723183036641156,
    0.06870327326903572,
    0.1643684001744888,
    -0.07166166344261837
  ],
  "gap_closed_ne_mean": 0.20670250995016515,
  "gap_closed_ne_per_seed": [
    0.483420823994814,
    0.14616171036118833,
    0.3496829969768444,
    -0.15245549153218613
  ],
  "baseline_source": "per_cell"
}