{
  "trainer": "lola",
  "scenario": "minimal_specialization",
  "seeds": [
    42,
    43,
    44
  ],
  "num_iterations": 50,
  "n_seeds_completed": 3,
  "n_seeds_failed": 0,
  "failed_seeds": [],
  "gap_closed_mean": 0.004068093107387671,
  "gap_closed_std": 0.047704636808460425,
  "gap_closed_per_seed": [
    0.025188023610053293,
    -0.061981150038080746,
    0.048997405750190466
  ],
  "trailing5_team_mean": -87.4529296875,
  "iter0_gap_closed_mean": -0.004039433390454451,
  "min_iter_gap_closed_mean": -0.24788007346407717,
  "mean_traj_gap_closed": [
    -0.004039433390454375,
    0.038739408796648875,
    0.004469229975882258,
    0.09618776180502663,
    0.07516154560167553,
    -0.10082795839680123,
    0.05270978119446565,
    -0.014442216457222734,
    0.11118204969535413,
    0.05463613068037578,
    -0.019598982133790247,
    0.10717316022467628,
    0.0666107355927901,
    0.07245424362147751,
    -0.01021267691673008,
    0.01703884631251592,
    -0.012624952399086078,
    0.13780633171490217,
    0.0377229309469409,
    0.03986497207413054,
    -0.08063227897308956,
    0.005284891469916205,
    -0.13660797870652444,
    -0.04162184247270875,
    0.09293255347169337,
    0.005708837109672488,
    -0.044886967663112405,
    -0.007765692434628023,
    0.03519909082254377,
    0.06736937515866977,
    -0.08564525022213754,
    0.030139014502411687,
    0.06363072004315806,
    -0.0876261424219345,
    0.07233524133663365,
    0.05721947194719462,
    -0.022787251681899046,
    0.01873710808580849,
    0.03369420776212227,
    0.09081778370144704,
    0.04954878300330038,
    0.05308910097740548,
    0.04779102008758566,
    0.03579906067529821,
    -0.03203720011424221,
    0.03016628585935522,
    -0.03525274101929432,
    0.04647703652576801,
    -0.049148736989083466,
    0.028098621160192995
  ],
  "verdict_tier": "insufficient",
  "verdict_reason": "gap_closed_mean = 0.004 < 0.2",
  "command_invoked": "/Users/rwalters/GitHub/bucket-brigade/.venv/bin/python3 -m experiments.p3_specialization.train --scenario minimal_specialization --lambda-red 0.0 --seed 42 --output-dir /Users/rwalters/GitHub/bucket-brigade/experiments/p3_specialization/tier1_runs/lola_minimal_specialization/seed_42 --num-iterations 50 --rollout-steps 2048 --lola-dice && /Users/rwalters/GitHub/bucket-brigade/.venv/bin/python3 -m experiments.p3_specialization.train --scenario minimal_specialization --lambda-red 0.0 --seed 43 --output-dir /Users/rwalters/GitHub/bucket-brigade/experiments/p3_specialization/tier1_runs/lola_minimal_specialization/seed_43 --num-iterations 50 --rollout-steps 2048 --lola-dice && /Users/rwalters/GitHub/bucket-brigade/.venv/bin/python3 -m experiments.p3_specialization.train --scenario minimal_specialization --lambda-red 0.0 --seed 44 --output-dir /Users/rwalters/GitHub/bucket-brigade/experiments/p3_specialization/tier1_runs/lola_minimal_specialization/seed_44 --num-iterations 50 --rollout-steps 2048 --lola-dice",
  "git_sha": "734bec7e",
  "wall_clock_seconds": 33926.28245854203
}