{
  "schema_version": 2,
  "trainer": "lola",
  "scenario": "minimal_specialization",
  "seeds": [
    42,
    43,
    44
  ],
  "num_iterations": 50,
  "n_seeds_completed": 3,
  "n_seeds_failed": 0,
  "failed_seeds": [],
  "gap_closed_mean": 0.004500679347826102,
  "gap_closed_std": 0.052777374561432874,
  "gap_closed_per_seed": [
    0.027866426525109518,
    -0.06857200033704079,
    0.05420761185540958
  ],
  "gap_source": "scenario",
  "scenario_random_baseline": -87.72,
  "scenario_reference": {
    "value": -28.38,
    "kind": "specialist_homogeneous",
    "reason": null,
    "provenance": "MINSPEC_RANDOM (issue #237 / PR #244, n=1000x5 seeds) and MINSPEC_SPECIALIST (issue #416 re-derivation, n=10000 at the canonical cell b=0.25 k=0.50 c=0.50)."
  },
  "uplift_over_random_mean": 0.26707031250000074,
  "uplift_over_random_std": 3.131809406475427,
  "uplift_over_random_per_seed": [
    1.6535937499999989,
    -4.069062500000001,
    3.2166796875000045
  ],
  "gap_closed_minspec_legacy_mean": 0.004500679347826102,
  "trailing5_team_mean": -87.4529296875,
  "iter0_gap_closed_mean": -0.004468972060723539,
  "min_iter_gap_closed_mean": -0.27423873985366815,
  "mean_traj_gap_closed": [
    -0.004468972060723453,
    0.0428588167762049,
    0.004944471653465963,
    0.10641601891641386,
    0.08315395127654193,
    -0.11154963715453321,
    0.05831474781625666,
    -0.0159779492823841,
    0.12300474490225814,
    0.0604459383074936,
    -0.02168306668492298,
    0.11856956469076506,
    0.07369387919896646,
    0.08015876464020893,
    -0.0112986558743399,
    0.018850695322154873,
    -0.013967443966970021,
    0.15246015633777094,
    0.041734250365127575,
    0.04410406836310533,
    -0.0892064225578586,
    0.005846867627232875,
    -0.15113437482445785,
    -0.04604775797663178,
    0.10281466355606117,
    0.006315894105999306,
    -0.04966008471660481,
    -0.008591467953038924,
    0.038942034251769446,
    0.07453318973991692,
    -0.09475245495590376,
    0.03334388780052793,
    0.07039697962307595,
    -0.09694398803505226,
    0.08002710808476574,
    0.0633039826985731,
    -0.025210365232839104,
    0.020729544082125503,
    0.03727712739439379,
    0.10047501685203908,
    0.05481762056229643,
    0.05873440308673188,
    0.052872943524603956,
    0.03960580271879554,
    -0.03544391957364343,
    0.03337405909448383,
    -0.03900138941551521,
    0.051419235724918605,
    -0.054375035108414724,
    0.031086526443658075
  ],
  "verdict_tier": "insufficient",
  "verdict_reason": "gap_closed_mean = 0.005 < 0.2",
  "command_invoked": "/Users/rwalters/GitHub/bucket-brigade/.venv/bin/python3 -m experiments.p3_specialization.train --scenario minimal_specialization --lambda-red 0.0 --seed 42 --output-dir /Users/rwalters/GitHub/bucket-brigade/experiments/p3_specialization/tier1_runs/lola_minimal_specialization/seed_42 --num-iterations 50 --rollout-steps 2048 --lola-dice && /Users/rwalters/GitHub/bucket-brigade/.venv/bin/python3 -m experiments.p3_specialization.train --scenario minimal_specialization --lambda-red 0.0 --seed 43 --output-dir /Users/rwalters/GitHub/bucket-brigade/experiments/p3_specialization/tier1_runs/lola_minimal_specialization/seed_43 --num-iterations 50 --rollout-steps 2048 --lola-dice && /Users/rwalters/GitHub/bucket-brigade/.venv/bin/python3 -m experiments.p3_specialization.train --scenario minimal_specialization --lambda-red 0.0 --seed 44 --output-dir /Users/rwalters/GitHub/bucket-brigade/experiments/p3_specialization/tier1_runs/lola_minimal_specialization/seed_44 --num-iterations 50 --rollout-steps 2048 --lola-dice",
  "git_sha": "734bec7e",
  "wall_clock_seconds": 33926.28245854203
}