{
  "trainer": "ippo",
  "scenario": "minimal_specialization",
  "seeds": [
    42,
    43,
    44,
    45
  ],
  "num_iterations": 50,
  "n_seeds_completed": 4,
  "n_seeds_failed": 0,
  "failed_seeds": [],
  "gap_closed_mean": -0.20480094680811844,
  "gap_closed_std": 0.06231867893364699,
  "gap_closed_per_seed": [
    -0.281846568766852,
    -0.10787148213683857,
    -0.21309386980746545,
    -0.21639186652131773
  ],
  "trailing5_team_mean": -99.87288818359374,
  "iter0_gap_closed_mean": -0.16206152607063112,
  "min_iter_gap_closed_mean": -0.5702657619228176,
  "mean_traj_gap_closed": [
    -0.16206152607063112,
    -0.18378691485243934,
    -0.2897601563158283,
    -0.0913537272629129,
    -0.1692090370376222,
    -0.21286449940227925,
    -0.17442592804705934,
    -0.14725427785062775,
    -0.3094541255898214,
    -0.1708547439806623,
    -0.23537159898203153,
    -0.2627016484717307,
    -0.22355953739836115,
    -0.30666773802188657,
    -0.2622593647307887,
    -0.2380407299302747,
    -0.2059278446373652,
    -0.20346854132435963,
    -0.36590393086977585,
    -0.2058856733969498,
    -0.21010896883952646,
    -0.21764836377232896,
    -0.1741759863050851,
    -0.14286435458006827,
    -0.33260613657787746,
    -0.1954333771749663,
    -0.24378836142884228,
    -0.25751355733379677,
    -0.3146134168562521,
    -0.2936810531076213,
    -0.1634274628333544,
    -0.20203883341759354,
    -0.1740186155786569,
    -0.2506849020870197,
    -0.16987349121587464,
    -0.12415883803873863,
    -0.26292587604271994,
    -0.18216486494670545,
    -0.18106738412906556,
    -0.25384568798449614,
    -0.3718181901963262,
    -0.2272263781808224,
    -0.22964659595393075,
    -0.2648883815722953,
    -0.1937197848205258,
    -0.3639311396718065,
    -0.0914308697758679,
    -0.18142943965653438,
    -0.21398769439090412,
    -0.17322559054547945
  ],
  "verdict_tier": "insufficient",
  "verdict_reason": "gap_closed_mean = -0.205 < 0.2",
  "command_invoked": "/home/sphere/GitHub/bucket-brigade/.venv/bin/python3 -m experiments.p3_specialization.train --scenario minimal_specialization --algorithm ppo --lambda-red 0.0 --seed 42 --output-dir experiments/p3_specialization/phase_diagram_ppo_v2/cell_b0.90_k0.10_c1.00/seed_42 --num-iterations 50 --rollout-steps 2048 --prob-fire-spreads-to-neighbor 0.9 --prob-solo-agent-extinguishes-fire 0.1 --cost-to-work-one-night 1.0 && /home/sphere/GitHub/bucket-brigade/.venv/bin/python3 -m experiments.p3_specialization.train --scenario minimal_specialization --algorithm ppo --lambda-red 0.0 --seed 43 --output-dir experiments/p3_specialization/phase_diagram_ppo_v2/cell_b0.90_k0.10_c1.00/seed_43 --num-iterations 50 --rollout-steps 2048 --prob-fire-spreads-to-neighbor 0.9 --prob-solo-agent-extinguishes-fire 0.1 --cost-to-work-one-night 1.0 && /home/sphere/GitHub/bucket-brigade/.venv/bin/python3 -m experiments.p3_specialization.train --scenario minimal_specialization --algorithm ppo --lambda-red 0.0 --seed 44 --output-dir experiments/p3_specialization/phase_diagram_ppo_v2/cell_b0.90_k0.10_c1.00/seed_44 --num-iterations 50 --rollout-steps 2048 --prob-fire-spreads-to-neighbor 0.9 --prob-solo-agent-extinguishes-fire 0.1 --cost-to-work-one-night 1.0 && /home/sphere/GitHub/bucket-brigade/.venv/bin/python3 -m experiments.p3_specialization.train --scenario minimal_specialization --algorithm ppo --lambda-red 0.0 --seed 45 --output-dir experiments/p3_specialization/phase_diagram_ppo_v2/cell_b0.90_k0.10_c1.00/seed_45 --num-iterations 50 --rollout-steps 2048 --prob-fire-spreads-to-neighbor 0.9 --prob-solo-agent-extinguishes-fire 0.1 --cost-to-work-one-night 1.0",
  "git_sha": "0a9448d7",
  "wall_clock_seconds": 470.2929225199623,
  "cell": {
    "beta": 0.9,
    "kappa": 0.1,
    "c": 1.0,
    "tag": "b0.90_k0.10_c1.00",
    "ne_verdict": "asymmetric_only",
    "ne_verdict_detail": "All 1 converged restarts produced asymmetric profiles; best asymmetric team payoff = -9975.64."
  },
  "rollout_steps": 2048,
  "sweep": "phase_diagram_ppo",
  "gap_closed_homogeneous_mean": -0.0001554010310361592,
  "gap_closed_homogeneous_per_seed": [
    -0.34015317558188957,
    0.42758859582179215,
    -0.0367515799263116,
    -0.05130544443773562
  ],
  "gap_closed_ne_mean": -0.0005608463309046616,
  "gap_closed_ne_per_seed": [
    -1.2276215878277452,
    1.543178275616052,
    -0.13263740027455753,
    -0.18516267283736781
  ],
  "baseline_source": "per_cell"
}