{
  "scenario": "chain_reaction",
  "fitness": -1.9,
  "generation": 10,
  "genome": [
    0.28335046768188477,
    0.42864770413423653,
    0.831150233745575,
    0.610755163563718,
    0.8296320073367707,
    0.8633829708692186,
    0.18908766657875412,
    0.0,
    1.0,
    0.9066137671470642
  ],
  "parameters": {
    "honesty": 0.28335046768188477,
    "work_tendency": 0.42864770413423653,
    "neighbor_help": 0.831150233745575,
    "own_priority": 0.610755163563718,
    "risk_aversion": 0.8296320073367707,
    "coordination": 0.8633829708692186,
    "exploration": 0.18908766657875412,
    "fatigue_memory": 0.0,
    "rest_bias": 1.0,
    "altruism": 0.9066137671470642
  }
}