{
  "scenario": "chain_reaction",
  "fitness": 0.05,
  "generation": 200,
  "genome": [
    1.0,
    0.5827104020946786,
    0.3837116971983258,
    0.0,
    0.7425111931825497,
    0.0,
    0.0,
    0.0,
    0.16741302518625562,
    0.05973659816724312
  ],
  "parameters": {
    "honesty": 1.0,
    "work_tendency": 0.5827104020946786,
    "neighbor_help": 0.3837116971983258,
    "own_priority": 0.0,
    "risk_aversion": 0.7425111931825497,
    "coordination": 0.0,
    "exploration": 0.0,
    "fatigue_memory": 0.0,
    "rest_bias": 0.16741302518625562,
    "altruism": 0.05973659816724312
  }
}