{
  "scenario": "chain_reaction",
  "fitness": -0.08,
  "generation": 1000,
  "genome": [
    1.0,
    0.6084875927416177,
    0.0,
    0.0,
    0.9715241005655197,
    0.0623798951269138,
    0.0,
    0.0,
    0.236598773550739,
    0.13270286667796355
  ],
  "parameters": {
    "honesty": 1.0,
    "work_tendency": 0.6084875927416177,
    "neighbor_help": 0.0,
    "own_priority": 0.0,
    "risk_aversion": 0.9715241005655197,
    "coordination": 0.0623798951269138,
    "exploration": 0.0,
    "fatigue_memory": 0.0,
    "rest_bias": 0.236598773550739,
    "altruism": 0.13270286667796355
  }
}