{
  "trainer": "ippo",
  "scenario": "minimal_specialization",
  "seeds": [
    42,
    43,
    44,
    45
  ],
  "num_iterations": 50,
  "n_seeds_completed": 4,
  "n_seeds_failed": 0,
  "failed_seeds": [],
  "gap_closed_mean": 0.08961520244828533,
  "gap_closed_std": 0.1131186319270824,
  "gap_closed_per_seed": [
    0.1657659712567409,
    0.20795696015546009,
    0.07131802694219753,
    -0.08658014856125718
  ],
  "trailing5_team_mean": -82.40223388671875,
  "iter0_gap_closed_mean": 0.055141961972320505,
  "min_iter_gap_closed_mean": -0.20827811986539435,
  "mean_traj_gap_closed": [
    0.055141961972320505,
    0.02577637870744858,
    -0.007731243219687414,
    0.1740216601365015,
    0.05720732418583584,
    0.056558298510174396,
    0.06512831741605575,
    0.12166452231051986,
    -0.09805895448896193,
    0.08606273829836533,
    -0.022010836651078548,
    0.06994303879128748,
    0.13949369990468063,
    0.02590700669605239,
    -0.0026182374610296787,
    0.16521095659020052,
    0.05646058466043139,
    -0.013768930566965808,
    0.03779209652532017,
    0.19574602035147032,
    0.1025558075681454,
    0.09423778753791706,
    0.06624636957048363,
    0.023081533588220404,
    0.05867303193198094,
    0.0824894970982895,
    0.10509739622830297,
    0.07092943439027213,
    -0.03227284800777302,
    0.1237854271333628,
    0.11895939152289768,
    0.12483353674271147,
    0.11037702981494352,
    0.1238059984701508,
    0.18041831731073052,
    0.18551589456679723,
    0.08823507146317827,
    0.1576602474221646,
    0.11242593495902846,
    0.06252912901289179,
    0.019311836121819158,
    0.058649374894674734,
    0.19609881877738453,
    0.015915508418120134,
    -0.014739897663359472,
    0.1071195586345635,
    0.08624273749526035,
    0.09518818329752272,
    0.1207511549571326,
    0.038774377856947234
  ],
  "verdict_tier": "insufficient",
  "verdict_reason": "gap_closed_mean = 0.090 < 0.2",
  "command_invoked": "/home/sphere/GitHub/bucket-brigade/.venv/bin/python3 -m experiments.p3_specialization.train --scenario minimal_specialization --algorithm ppo --lambda-red 0.0 --seed 42 --output-dir experiments/p3_specialization/phase_diagram_ppo_v2/cell_b0.50_k0.70_c2.00/seed_42 --num-iterations 50 --rollout-steps 2048 --prob-fire-spreads-to-neighbor 0.5 --prob-solo-agent-extinguishes-fire 0.7 --cost-to-work-one-night 2.0 && /home/sphere/GitHub/bucket-brigade/.venv/bin/python3 -m experiments.p3_specialization.train --scenario minimal_specialization --algorithm ppo --lambda-red 0.0 --seed 43 --output-dir experiments/p3_specialization/phase_diagram_ppo_v2/cell_b0.50_k0.70_c2.00/seed_43 --num-iterations 50 --rollout-steps 2048 --prob-fire-spreads-to-neighbor 0.5 --prob-solo-agent-extinguishes-fire 0.7 --cost-to-work-one-night 2.0 && /home/sphere/GitHub/bucket-brigade/.venv/bin/python3 -m experiments.p3_specialization.train --scenario minimal_specialization --algorithm ppo --lambda-red 0.0 --seed 44 --output-dir experiments/p3_specialization/phase_diagram_ppo_v2/cell_b0.50_k0.70_c2.00/seed_44 --num-iterations 50 --rollout-steps 2048 --prob-fire-spreads-to-neighbor 0.5 --prob-solo-agent-extinguishes-fire 0.7 --cost-to-work-one-night 2.0 && /home/sphere/GitHub/bucket-brigade/.venv/bin/python3 -m experiments.p3_specialization.train --scenario minimal_specialization --algorithm ppo --lambda-red 0.0 --seed 45 --output-dir experiments/p3_specialization/phase_diagram_ppo_v2/cell_b0.50_k0.70_c2.00/seed_45 --num-iterations 50 --rollout-steps 2048 --prob-fire-spreads-to-neighbor 0.5 --prob-solo-agent-extinguishes-fire 0.7 --cost-to-work-one-night 2.0",
  "git_sha": "0a9448d7",
  "wall_clock_seconds": 471.0870006850455,
  "cell": {
    "beta": 0.5,
    "kappa": 0.7,
    "c": 2.0,
    "tag": "b0.50_k0.70_c2.00",
    "ne_verdict": "asymmetric_only",
    "ne_verdict_detail": "All 3 converged restarts produced asymmetric profiles; best asymmetric team payoff = -138.91."
  },
  "rollout_steps": 2048,
  "sweep": "phase_diagram_ppo",
  "gap_closed_homogeneous_mean": 0.037007340377910286,
  "gap_closed_homogeneous_per_seed": [
    0.08930275345497732,
    0.11827679044911832,
    0.024442025986386926,
    -0.08399220837884143
  ],
  "gap_closed_ne_mean": 0.0969042956201554,
  "gap_closed_ne_per_seed": [
    0.23384064707499083,
    0.3097096130022338,
    0.0640018247070287,
    -0.21993490230363172
  ],
  "baseline_source": "per_cell"
}