{
  "trainer": "ippo",
  "scenario": "minimal_specialization",
  "seeds": [
    42,
    43,
    44,
    45
  ],
  "num_iterations": 50,
  "n_seeds_completed": 4,
  "n_seeds_failed": 0,
  "failed_seeds": [],
  "gap_closed_mean": 0.017312096472657534,
  "gap_closed_std": 0.10060018589513844,
  "gap_closed_per_seed": [
    0.07650940949401751,
    0.09614516188490045,
    0.05134161321410509,
    -0.1547477987023929
  ],
  "trailing5_team_mean": -86.6927001953125,
  "iter0_gap_closed_mean": -0.014876697052999679,
  "min_iter_gap_closed_mean": -0.29046678173449614,
  "mean_traj_gap_closed": [
    -0.01487669705299968,
    -0.004298915676609389,
    -0.09566445088683857,
    0.04172842181970422,
    0.006544235944346121,
    -0.01685565965200541,
    -0.04466399272202563,
    0.0735296513602755,
    -0.12746568042740986,
    0.002825966819914878,
    -0.09852283813353135,
    -0.08929247931675516,
    -0.0028188079947126916,
    -0.11526996341264326,
    -0.06269168371619062,
    -0.012336136959681514,
    0.010811759761017,
    0.010169934053231359,
    -0.11032152834828952,
    0.06837550292804177,
    -0.09416788613551147,
    -0.03854299146075583,
    0.0061132664386374935,
    -0.06623612504476324,
    -0.017088115757709826,
    -0.021195183147434293,
    0.0412943666134774,
    -0.009468492611434128,
    -0.07286112405733908,
    0.008207428523656031,
    -0.04712535316870999,
    -0.005291482676630454,
    -0.0024176669273466653,
    -0.03697442703067073,
    0.028832250787306182,
    0.08674879238024517,
    -0.1296760705652806,
    0.012318610180738099,
    -0.005595938461092874,
    -0.006419820499452327,
    -0.135801186093908,
    -0.018852107887280943,
    -0.0030440641325413065,
    -0.005603138428968674,
    -0.02724418472994609,
    -0.0070534176725227694,
    0.02806596849195313,
    0.013836774835692598,
    -0.005565081455910872,
    0.05727623816407564
  ],
  "verdict_tier": "insufficient",
  "verdict_reason": "gap_closed_mean = 0.017 < 0.2",
  "command_invoked": "/home/sphere/GitHub/bucket-brigade/.venv/bin/python3 -m experiments.p3_specialization.train --scenario minimal_specialization --algorithm ppo --lambda-red 0.0 --seed 42 --output-dir experiments/p3_specialization/phase_diagram_ppo_v2/cell_b0.10_k0.50_c1.00/seed_42 --num-iterations 50 --rollout-steps 2048 --prob-fire-spreads-to-neighbor 0.1 --prob-solo-agent-extinguishes-fire 0.5 --cost-to-work-one-night 1.0 && /home/sphere/GitHub/bucket-brigade/.venv/bin/python3 -m experiments.p3_specialization.train --scenario minimal_specialization --algorithm ppo --lambda-red 0.0 --seed 43 --output-dir experiments/p3_specialization/phase_diagram_ppo_v2/cell_b0.10_k0.50_c1.00/seed_43 --num-iterations 50 --rollout-steps 2048 --prob-fire-spreads-to-neighbor 0.1 --prob-solo-agent-extinguishes-fire 0.5 --cost-to-work-one-night 1.0 && /home/sphere/GitHub/bucket-brigade/.venv/bin/python3 -m experiments.p3_specialization.train --scenario minimal_specialization --algorithm ppo --lambda-red 0.0 --seed 44 --output-dir experiments/p3_specialization/phase_diagram_ppo_v2/cell_b0.10_k0.50_c1.00/seed_44 --num-iterations 50 --rollout-steps 2048 --prob-fire-spreads-to-neighbor 0.1 --prob-solo-agent-extinguishes-fire 0.5 --cost-to-work-one-night 1.0 && /home/sphere/GitHub/bucket-brigade/.venv/bin/python3 -m experiments.p3_specialization.train --scenario minimal_specialization --algorithm ppo --lambda-red 0.0 --seed 45 --output-dir experiments/p3_specialization/phase_diagram_ppo_v2/cell_b0.10_k0.50_c1.00/seed_45 --num-iterations 50 --rollout-steps 2048 --prob-fire-spreads-to-neighbor 0.1 --prob-solo-agent-extinguishes-fire 0.5 --cost-to-work-one-night 1.0",
  "git_sha": "0a9448d7",
  "wall_clock_seconds": 479.143196990015,
  "cell": {
    "beta": 0.1,
    "kappa": 0.5,
    "c": 1.0,
    "tag": "b0.10_k0.50_c1.00",
    "ne_verdict": "symmetric_only",
    "ne_verdict_detail": "Symmetric NE (-758.30) dominates best asymmetric NE (-815.00) by gap=56.71 > epsilon=50.0."
  },
  "rollout_steps": 2048,
  "sweep": "phase_diagram_ppo",
  "gap_closed_homogeneous_mean": 0.03698965634668898,
  "gap_closed_homogeneous_per_seed": [
    0.09509494710394223,
    0.11436847564227305,
    0.07039142517152004,
    -0.1318962225309794
  ],
  "gap_closed_ne_mean": 0.12479131004629479,
  "gap_closed_ne_per_seed": [
    0.3208200399771029,
    0.38584278182066817,
    0.23747823123439243,
    -0.44497581284698434
  ],
  "baseline_source": "per_cell"
}