{
  "trainer": "ippo",
  "scenario": "minimal_specialization",
  "seeds": [
    42,
    43,
    44,
    45
  ],
  "num_iterations": 50,
  "n_seeds_completed": 4,
  "n_seeds_failed": 0,
  "failed_seeds": [],
  "gap_closed_mean": -0.18308085015232292,
  "gap_closed_std": 0.047322201099743416,
  "gap_closed_per_seed": [
    -0.21665436976389946,
    -0.10450364146991632,
    -0.2235178265422695,
    -0.1876475628332064
  ],
  "trailing5_team_mean": -99.7392578125,
  "iter0_gap_closed_mean": -0.12952238432977914,
  "min_iter_gap_closed_mean": -0.47670783154036556,
  "mean_traj_gap_closed": [
    -0.12952238432977914,
    -0.14911127606150038,
    -0.2446161878808073,
    -0.06537271515613101,
    -0.13570306549885758,
    -0.17835050932977914,
    -0.15400896384710586,
    -0.10639875285605485,
    -0.25337959051313785,
    -0.13822442640898705,
    -0.22379636626523228,
    -0.1946501035319878,
    -0.17897155250380808,
    -0.2539132413842346,
    -0.22537686536081492,
    -0.20208402751332827,
    -0.18528611124333588,
    -0.14484392850342728,
    -0.341647675885377,
    -0.13244351854055597,
    -0.21577486850247524,
    -0.21520960764946687,
    -0.14332850878236864,
    -0.10616632651846916,
    -0.2805623155464585,
    -0.16570651656511806,
    -0.16121046149086063,
    -0.23298185512661843,
    -0.2907295732578065,
    -0.2599302944116527,
    -0.14909826018659558,
    -0.13486633068354914,
    -0.19509636210015233,
    -0.22634933715727343,
    -0.162071368645278,
    -0.0960139440927266,
    -0.23386507520944402,
    -0.16119000797315308,
    -0.19945110196115765,
    -0.2051334610624524,
    -0.289846353174981,
    -0.1763088763804265,
    -0.16708433989432597,
    -0.21086602425266565,
    -0.1498754938594821,
    -0.33066785569782936,
    -0.06936115110910131,
    -0.144685878593869,
    -0.23523174207444783,
    -0.1354576232863671
  ],
  "verdict_tier": "insufficient",
  "verdict_reason": "gap_closed_mean = -0.183 < 0.2",
  "command_invoked": "/home/sphere/GitHub/bucket-brigade/.venv/bin/python3 -m experiments.p3_specialization.train --scenario minimal_specialization --algorithm ppo --lambda-red 0.0 --seed 42 --output-dir experiments/p3_specialization/phase_diagram_ppo/cell_b0.90_k0.10_c0.50/seed_42 --num-iterations 50 --rollout-steps 2048 --prob-fire-spreads-to-neighbor 0.9 --prob-solo-agent-extinguishes-fire 0.1 --cost-to-work-one-night 0.5 && /home/sphere/GitHub/bucket-brigade/.venv/bin/python3 -m experiments.p3_specialization.train --scenario minimal_specialization --algorithm ppo --lambda-red 0.0 --seed 43 --output-dir experiments/p3_specialization/phase_diagram_ppo/cell_b0.90_k0.10_c0.50/seed_43 --num-iterations 50 --rollout-steps 2048 --prob-fire-spreads-to-neighbor 0.9 --prob-solo-agent-extinguishes-fire 0.1 --cost-to-work-one-night 0.5 && /home/sphere/GitHub/bucket-brigade/.venv/bin/python3 -m experiments.p3_specialization.train --scenario minimal_specialization --algorithm ppo --lambda-red 0.0 --seed 44 --output-dir experiments/p3_specialization/phase_diagram_ppo/cell_b0.90_k0.10_c0.50/seed_44 --num-iterations 50 --rollout-steps 2048 --prob-fire-spreads-to-neighbor 0.9 --prob-solo-agent-extinguishes-fire 0.1 --cost-to-work-one-night 0.5 && /home/sphere/GitHub/bucket-brigade/.venv/bin/python3 -m experiments.p3_specialization.train --scenario minimal_specialization --algorithm ppo --lambda-red 0.0 --seed 45 --output-dir experiments/p3_specialization/phase_diagram_ppo/cell_b0.90_k0.10_c0.50/seed_45 --num-iterations 50 --rollout-steps 2048 --prob-fire-spreads-to-neighbor 0.9 --prob-solo-agent-extinguishes-fire 0.1 --cost-to-work-one-night 0.5",
  "git_sha": "d65c90c9",
  "wall_clock_seconds": 469.33831987698795,
  "cell": {
    "beta": 0.9,
    "kappa": 0.1,
    "c": 0.5,
    "tag": "b0.90_k0.10_c0.50",
    "ne_verdict": "no_convergence",
    "ne_verdict_detail": "No restart converged within max_iterations (20 attempted). Likely needs more iterations or a tighter epsilon. Compute budget?"
  },
  "rollout_steps": 2048,
  "sweep": "phase_diagram_ppo"
}