{
  "scenario": "asym_b05_k09_c05",
  "profile_label": "hero(d=0.00) | firefighter(d=0.00) | firefighter(d=0.00) | firefighter(d=0.00)",
  "profile_genomes": [
    [
      1.0,
      1.0,
      1.0,
      0.5,
      0.1,
      0.5,
      0.0,
      0.9,
      0.0,
      1.0
    ],
    [
      1.0,
      0.9,
      0.5,
      0.8,
      0.5,
      0.7,
      0.1,
      0.0,
      0.0,
      0.8
    ],
    [
      1.0,
      0.9,
      0.5,
      0.8,
      0.5,
      0.7,
      0.1,
      0.0,
      0.0,
      0.8
    ],
    [
      1.0,
      0.9,
      0.5,
      0.8,
      0.5,
      0.7,
      0.1,
      0.0,
      0.0,
      0.8
    ]
  ],
  "epsilon": 50.0,
  "num_simulations": 1000,
  "opt_simulations": 300,
  "seed": 42,
  "equilibrium_team_payoff": 40.076,
  "equilibrium_per_position_payoffs": [
    -46.198,
    -16.147,
    74.707,
    147.942
  ],
  "positions_tested": [
    0,
    1,
    2,
    3
  ],
  "per_position": [
    {
      "position": 0,
      "equilibrium_payoff": -46.198,
      "best_response_payoff": 70.97333333333333,
      "gap": 117.17133333333334,
      "exploitable_flag": true,
      "best_response_closest_archetype": "hero(d=0.00)",
      "best_response_genome": [
        1.0,
        1.0,
        1.0,
        0.5,
        0.1,
        0.5,
        0.0,
        0.9,
        0.0,
        1.0
      ],
      "elapsed_seconds": 1.8901991844177246
    },
    {
      "position": 1,
      "equilibrium_payoff": -16.147,
      "best_response_payoff": 65.198,
      "gap": 81.345,
      "exploitable_flag": true,
      "best_response_closest_archetype": "firefighter(d=0.00)",
      "best_response_genome": [
        0.9999996074545804,
        0.8999996234728818,
        0.5000001149852288,
        0.8000000562962151,
        0.49999985816579784,
        0.7000000927426792,
        0.1000003305117859,
        3.649123510271235e-07,
        3.9841919320650497e-07,
        0.8000000734286504
      ],
      "elapsed_seconds": 2.442162275314331
    },
    {
      "position": 2,
      "equilibrium_payoff": 74.707,
      "best_response_payoff": 72.45333333333333,
      "gap": -2.2536666666666605,
      "exploitable_flag": false,
      "best_response_closest_archetype": "firefighter(d=0.00)",
      "best_response_genome": [
        1.0,
        0.9,
        0.5,
        0.8,
        0.5,
        0.7,
        0.1,
        0.0,
        0.0,
        0.8
      ],
      "elapsed_seconds": 2.8662118911743164
    },
    {
      "position": 3,
      "equilibrium_payoff": 147.942,
      "best_response_payoff": 172.49333333333334,
      "gap": 24.551333333333332,
      "exploitable_flag": false,
      "best_response_closest_archetype": "hero(d=0.00)",
      "best_response_genome": [
        1.0,
        1.0,
        1.0,
        0.5,
        0.1,
        0.5,
        0.0,
        0.9,
        0.0,
        1.0
      ],
      "elapsed_seconds": 2.511749029159546
    }
  ],
  "any_exploitable": true,
  "elapsed_seconds": 9.737514019012451,
  "smoke_test": false
}