{
  "scenario": "sparse_heroics",
  "fitness": 70.0,
  "generation": 2500,
  "genome": [
    0.9889611601829529,
    0.20149856805801392,
    0.9504534006118774,
    0.6929216384887695,
    0.3681153953075409,
    0.6170156002044678,
    0.6316606402397156,
    0.6877886056900024,
    1.0,
    0.9829228528161488
  ],
  "parameters": {
    "honesty": 0.9889611601829529,
    "work_tendency": 0.20149856805801392,
    "neighbor_help": 0.9504534006118774,
    "own_priority": 0.6929216384887695,
    "risk_aversion": 0.3681153953075409,
    "coordination": 0.6170156002044678,
    "exploration": 0.6316606402397156,
    "fatigue_memory": 0.6877886056900024,
    "rest_bias": 1.0,
    "altruism": 0.9829228528161488
  }
}
