{
  "scenario": "greedy_neighbor",
  "parameters": {
    "beta": 0.15,
    "kappa": 0.4,
    "c": 1.0,
    "A": 100.0,
    "L": 100.0,
    "num_agents": 4
  },
  "algorithm": {
    "method": "double_oracle",
    "num_simulations": 200,
    "max_iterations": 50,
    "epsilon": 0.01,
    "seed": 42
  },
  "equilibrium": {
    "type": "pure",
    "support_size": 1,
    "expected_payoff": 3013.524999847412,
    "distribution": {
      "4": 1.0
    },
    "strategy_pool": [
      {
        "index": 4,
        "probability": 1.0,
        "classification": "Firefighter/Hero",
        "closest_archetype": "Hero",
        "archetype_distance": 1.6514397013285724e-06,
        "parameters": {
          "honesty": 0.9999991193166707,
          "work_tendency": 0.9999991188203311,
          "neighbor_help": 1.0,
          "own_priority": 0.5000004393364119,
          "risk_aversion": 0.09999991127598443,
          "coordination": 0.5000004388694194,
          "exploration": 8.798070206956581e-07,
          "fatigue_memory": 0.9000000872763262,
          "rest_bias": 0.0,
          "altruism": 1.0
        },
        "genome": [
          0.9999991193166707,
          0.9999991188203311,
          1.0,
          0.5000004393364119,
          0.09999991127598443,
          0.5000004388694194,
          8.798070206956581e-07,
          0.9000000872763262,
          0.0,
          1.0
        ]
      }
    ]
  },
  "convergence": {
    "converged": true,
    "iterations": 2,
    "elapsed_time": 8050.093564748764
  },
  "interpretation": {
    "equilibrium_type": "pure",
    "cooperation_rate": 1.0,
    "free_riding_rate": 0.0
  }
}