{
  "scenario": "deceptive_calm",
  "strategies": {
    "best_heuristic": [
      0.9,
      0.6,
      0.7,
      0.6,
      0.8,
      1.0,
      0.05,
      0.0,
      0.2,
      0.6
    ],
    "evolved": [
      0.38933631777763367,
      1.0,
      0.40967458486557007,
      0.38370494905453345,
      0.15417349338531494,
      0.6691702604293823,
      0.2453285282798436,
      0.34259355068206787,
      0.3244436004039221,
      0.49276456236839294
    ]
  },
  "tournament": {
    "best_heuristic": {
      "mean_payoff": 81.47749994173645,
      "std_payoff": 62.29750405811729,
      "payoffs": [
        37.59999905526638,
        105.65000003576279,
        67.25000020861626,
        155.27499914169312,
        131.89999914169312,
        148.22499978542328,
        87.17500126361847,
        84.87500002980232,
        68.44999977201223,
        -71.62499901652336
      ]
    },
    "evolved": {
      "mean_payoff": 15.3149996958673,
      "std_payoff": 38.99245767345371,
      "payoffs": [
        8.449999332427979,
        17.100001379847527,
        7.924999192357063,
        58.04999923706055,
        52.574999272823334,
        43.024999648332596,
        33.5999995470047,
        17.499999783933163,
        2.6499991416931152,
        -87.72499957680702
      ]
    }
  },
  "distances": {
    "best_heuristic_vs_evolved": 1.1228976841201193
  },
  "ranking": [
    {
      "name": "best_heuristic",
      "mean_payoff": 81.47749994173645,
      "std_payoff": 62.29750405811729
    },
    {
      "name": "evolved",
      "mean_payoff": 15.3149996958673,
      "std_payoff": 38.99245767345371
    }
  ],
  "insights": {}
}