{
  "scenario": "deceptive_calm",
  "strategies": {
    "best_heuristic": [
      0.9,
      0.6,
      0.7,
      0.6,
      0.8,
      1.0,
      0.05,
      0.0,
      0.2,
      0.6
    ],
    "evolved": [
      1.0,
      0.4977880818216718,
      0.16940563489603494,
      0.0,
      1.0,
      0.14832228649457116,
      0.0,
      0.0,
      0.0,
      0.0
    ],
    "nash_strategy_1": [
      0.9,
      0.6,
      0.7,
      0.6,
      0.8,
      1.0,
      0.05,
      0.0,
      0.2,
      0.6
    ]
  },
  "tournament": {
    "best_heuristic": {
      "mean_payoff": 67.38249970152974,
      "std_payoff": 44.97417117121315,
      "payoffs": [
        78.34999960660934,
        73.90000021457672,
        62.95000036805868,
        57.37499916553497,
        51.22499918192625,
        160.30000007152557,
        128.62500059604645,
        77.24999931454659,
        23.350000850856304,
        -41.199999779462814,
        41.699999541044235,
        126.14999997615814,
        -2.4750006943941116,
        41.17499893903732,
        87.59999918937683,
        98.72499942779541,
        60.3249990940094,
        97.99999916553497,
        90.32500010728836,
        33.999999694526196
      ]
    },
    "evolved": {
      "mean_payoff": 134.8825003121048,
      "std_payoff": 44.47764454864011,
      "payoffs": [
        147.64999997615814,
        163.64999997615814,
        86.8500000461936,
        213.90000104904175,
        135.94999957084656,
        213.00000190734863,
        130.29999935626984,
        152.50000190734863,
        101.25000062584877,
        28.299999609589577,
        100.09999996423721,
        177.75000095367432,
        89.89999929070473,
        114.049999833107,
        186.90000104904175,
        92.15000000596046,
        133.40000009536743,
        138.59999978542328,
        165.85000133514404,
        125.59999990463257
      ]
    },
    "nash_strategy_1": {
      "mean_payoff": 67.99999961219729,
      "std_payoff": 52.652818860751076,
      "payoffs": [
        78.82499945163727,
        77.6749999821186,
        74.424998909235,
        156.62499928474426,
        63.17499911785126,
        75.47499912977219,
        62.74999909847975,
        71.14999973028898,
        24.025000378489494,
        -18.174998253583908,
        53.79999938607216,
        155.7749993801117,
        -74.44999919086695,
        -1.5250009298324585,
        108.07499921321869,
        84.4499996304512,
        108.20000004768372,
        100.24999940395355,
        76.3249990940094,
        83.1499993801117
      ]
    }
  },
  "distances": {
    "best_heuristic_vs_evolved": 1.3527130457638117,
    "best_heuristic_vs_nash_strategy_1": 0.0,
    "evolved_vs_nash_strategy_1": 1.3527130457638117
  },
  "ranking": [
    {
      "name": "evolved",
      "mean_payoff": 134.8825003121048,
      "std_payoff": 44.47764454864011
    },
    {
      "name": "nash_strategy_1",
      "mean_payoff": 67.99999961219729,
      "std_payoff": 52.652818860751076
    },
    {
      "name": "best_heuristic",
      "mean_payoff": 67.38249970152974,
      "std_payoff": 44.97417117121315
    }
  ],
  "insights": {
    "evolution_vs_nash": {
      "evolved_payoff": 134.8825003121048,
      "best_nash_payoff": 67.99999961219729,
      "gap": 66.88250069990752
    }
  }
}