{
  "scenario": "deceptive_calm",
  "strategies": {
    "best_heuristic": [
      0.9,
      0.6,
      0.7,
      0.6,
      0.8,
      1.0,
      0.05,
      0.0,
      0.2,
      0.6
    ],
    "evolved": [
      1.0,
      0.4977880818216718,
      0.16940563489603494,
      0.0,
      1.0,
      0.14832228649457116,
      0.0,
      0.0,
      0.0,
      0.0
    ],
    "evolved_v3": [
      0.7903996109962463,
      0.2309885323047638,
      0.0748533383011818,
      0.17560791969299316,
      0.20887118577957153,
      0.13327954709529877,
      0.8957308530807495,
      0.6053868532180786,
      1.0,
      0.6168940663337708
    ],
    "evolved_v4": [
      0.3060885233641002,
      0.06352264031873198,
      0.014818693619284187,
      0.9073119055652519,
      0.9477873275024511,
      0.5571028379732136,
      0.5980114834945792,
      0.7947088089477861,
      1.0,
      0.8501413166770448
    ],
    "nash_strategy_1": [
      0.9,
      0.6,
      0.7,
      0.6,
      0.8,
      1.0,
      0.05,
      0.0,
      0.2,
      0.6
    ]
  },
  "tournament": {
    "best_heuristic": {
      "mean_payoff": 47.79499967992306,
      "std_payoff": 56.82684807655692,
      "payoffs": [
        45.29999961704016,
        43.89999905228615,
        96.92500033974648,
        156.67499935626984,
        50.22499915957451,
        132.07499969005585,
        112.50000047683716,
        39.924999356269836,
        26.774999111890793,
        -31.599999874830246,
        -58.199999906122684,
        160.27500128746033,
        -38.55000043660402,
        -31.775000229477882,
        128.52499949932098,
        -57.02499940991402,
        62.12499922513962,
        194.8500030040741,
        119.17500132322311,
        35.87499922513962,
        33.02499923110008,
        114.02500048279762,
        41.44999974966049,
        -22.100000865757465,
        67.09999876469374,
        66.17499899119139,
        177.42500174045563,
        -28.175000935792923,
        -13.700000822544098,
        45.19999906420708,
        25.450000010430813,
        148.37500131130219,
        -15.925000131130219,
        101.52499967813492,
        24.624999850988388,
        -25.0250004529953,
        -1.2499998211860657,
        27.29999926686287,
        73.59999918937683,
        145.924999833107,
        41.04999956488609,
        156.29999935626984,
        55.10000042617321,
        9.524999529123306,
        -1.8750010430812836,
        148.67500054836273,
        5.199998915195465,
        86.47499902546406,
        76.04999905824661,
        15.774998962879181,
        24.899999141693115,
        30.549999058246613,
        64.49999910593033,
        -1.1500007808208466,
        91.32499945163727,
        39.57499906420708,
        -26.84999955445528,
        -3.700000911951065,
        22.59999942034483,
        136.2999997138977,
        43.79999923706055,
        39.52499984204769,
        7.874999433755875,
        92.14999949932098,
        25.92499938607216,
        14.474999241530895,
        -4.200001120567322,
        -4.14999920129776,
        15.24999986588955,
        114.82499897480011,
        106.22500108927488,
        22.04999902844429,
        26.849998980760574,
        50.924998968839645,
        -30.4000004529953,
        47.94999924302101,
        13.974999964237213,
        30.5749993622303,
        42.04999943077564,
        -14.750001192092896,
        56.44999980926514,
        29.450000166893005,
        -2.2750005424022675,
        54.874999672174454,
        25.175000496208668,
        -1.100001037120819,
        115.02500009536743,
        180.52500212192535,
        22.924999192357063,
        33.999999672174454,
        19.399999476969242,
        102.3999992609024,
        78.84999895095825,
        -43.84999969601631,
        64.10000020265579,
        64.02499949932098,
        45.69999969005585,
        -11.00000086426735,
        51.874999307096004,
        108.70000088214874
      ]
    },
    "evolved": {
      "mean_payoff": 121.34900041408837,
      "std_payoff": 54.55937427102193,
      "payoffs": [
        122.39999985694885,
        201.25000309944153,
        118.59999990463257,
        213.90000104904175,
        150.94999969005585,
        213.00000190734863,
        130.29999935626984,
        116.90000163763762,
        101.25000062584877,
        104.94999995827675,
        90.00000002980232,
        206.1000018119812,
        14.549999356269836,
        46.549999326467514,
        209.50000143051147,
        97.50000011920929,
        133.40000009536743,
        159.4500002861023,
        142.35000085830688,
        120.84999990463257,
        180.90000200271606,
        198.7000013589859,
        113.49999916553497,
        134.50000190734863,
        82.94999939203262,
        82.44999980926514,
        213.00000190734863,
        -23.900000542402267,
        120.75000059604645,
        51.250000059604645,
        109.94999897480011,
        168.50000143051147,
        151.55000221729279,
        122.35000002384186,
        139.849999666214,
        156.80000174045563,
        39.89999984204769,
        99.79999974370003,
        116.0,
        187.00000083446503,
        106.60000026226044,
        162.14999997615814,
        147.60000145435333,
        50.54999950528145,
        59.450000040233135,
        211.35000228881836,
        63.599998980760574,
        156.45000004768372,
        66.79999923706055,
        55.75000008940697,
        34.24999991059303,
        -21.350000828504562,
        202.65000307559967,
        138.40000104904175,
        129.20000076293945,
        60.400000274181366,
        -21.199999749660492,
        103.54999935626984,
        152.35000157356262,
        168.55000030994415,
        159.95000088214874,
        113.80000019073486,
        107.84999942779541,
        94.85000002384186,
        22.799999982118607,
        158.55000042915344,
        90.09999945759773,
        102.05000019073486,
        81.84999942779541,
        190.95000171661377,
        111.35000032186508,
        182.9000015258789,
        80.64999917149544,
        104.5499997138977,
        130.8500006198883,
        123.69999945163727,
        136.89999961853027,
        150.349999666214,
        152.65000069141388,
        87.69999945163727,
        192.15000188350677,
        127.55000078678131,
        99.29999923706055,
        201.2500033378601,
        64.70000040531158,
        180.35000216960907,
        117.49999952316284,
        183.4500013589859,
        62.1500007212162,
        78.14999961853027,
        146.89999985694885,
        162.80000066757202,
        90.8999993801117,
        49.50000072270632,
        172.8500006198883,
        184.2000012397766,
        58.80000025033951,
        120.29999947547913,
        118.69999945163727,
        172.40000069141388
      ]
    },
    "evolved_v3": {
      "mean_payoff": -5.397000244781375,
      "std_payoff": 56.94432810637953,