{
  "scenario": "deceptive_calm",
  "strategies": {
    "best_heuristic": [
      0.9,
      0.6,
      0.7,
      0.6,
      0.8,
      1.0,
      0.05,
      0.0,
      0.2,
      0.6
    ],
    "evolved": [
      0.2752518355846405,
      0.10730843991041183,
      1.0,
      0.0,
      0.2395540028810501,
      0.09145677834749222,
      0.22717955708503723,
      0.22329966973306783,
      0.5343073606491089,
      0.4297611117362976
    ]
  },
  "tournament": {
    "best_heuristic": {
      "mean_payoff": 50.388749765604736,
      "std_payoff": 57.389858411528934,
      "payoffs": [
        62.674999475479126,
        76.77500000596046,
        52.62500035762787,
        57.149999141693115,
        51.699998915195465,
        130.94999957084656,
        89.5500008687377,
        30.599999390542507,
        16.074998795986176,
        -10.174999177455902,
        -42.30000016838312,
        160.50000095367432,
        -64.24999953061342,
        -34.400000885128975,
        105.99999952316284,
        9.92499964684248,
        94.79999902844429,
        98.8999992609024,
        86.90000046044588,
        33.77499967813492
      ]
    },
    "evolved": {
      "mean_payoff": 12.624999895319343,
      "std_payoff": 52.61599540057402,
      "payoffs": [
        -10.425000667572021,
        46.14999961853027,
        42.400000900030136,
        91.44999933242798,
        27.674999952316284,
        44.37499958276749,
        15.374999903142452,
        17.7249995470047,
        -27.27500021457672,
        -42.04999930411577,
        -62.12499973922968,
        83.84999945759773,
        -115.5249989926815,
        -30.350000455975533,
        63.449999660253525,
        -57.974999874830246,
        66.39999976754189,
        24.524999260902405,
        36.12500011920929,
        38.72500005364418
      ]
    }
  },
  "distances": {
    "best_heuristic_vs_evolved": 1.563522872245375
  },
  "ranking": [
    {
      "name": "best_heuristic",
      "mean_payoff": 50.388749765604736,
      "std_payoff": 57.389858411528934
    },
    {
      "name": "evolved",
      "mean_payoff": 12.624999895319343,
      "std_payoff": 52.61599540057402
    }
  ],
  "insights": {}
}