{
  "scenario": "mixed_motivation",
  "fitness": 0.9,
  "generation": 10,
  "genome": [
    0.10198594629764557,
    0.056137690762058004,
    0.47610616222300334,
    0.4128444492816925,
    0.11768580228090286,
    0.6921097040176392,
    0.1632707417011261,
    0.23799779097734197,
    0.12750309705734253,
    0.5095521866413296
  ],
  "parameters": {
    "honesty": 0.10198594629764557,
    "work_tendency": 0.056137690762058004,
    "neighbor_help": 0.47610616222300334,
    "own_priority": 0.4128444492816925,
    "risk_aversion": 0.11768580228090286,
    "coordination": 0.6921097040176392,
    "exploration": 0.1632707417011261,
    "fatigue_memory": 0.23799779097734197,
    "rest_bias": 0.12750309705734253,
    "altruism": 0.5095521866413296
  }
}
