{
  "scenario": "mixed_motivation",
  "fitness": 0.35,
  "generation": 200,
  "genome": [
    1.0,
    0.683923394235363,
    0.5255874218706794,
    0.0,
    0.9602636490103662,
    0.022787590210555726,
    0.0,
    0.03810231614240156,
    0.3227055248721125,
    0.16508135451428108
  ],
  "parameters": {
    "honesty": 1.0,
    "work_tendency": 0.683923394235363,
    "neighbor_help": 0.5255874218706794,
    "own_priority": 0.0,
    "risk_aversion": 0.9602636490103662,
    "coordination": 0.022787590210555726,
    "exploration": 0.0,
    "fatigue_memory": 0.03810231614240156,
    "rest_bias": 0.3227055248721125,
    "altruism": 0.16508135451428108
  }
}