{
  "scenario": "mixed_motivation",
  "fitness": -0.42,
  "generation": 1000,
  "genome": [
    1.0,
    0.4514507379372163,
    0.15574273133655128,
    0.0,
    0.9690421163246777,
    0.03709414637774654,
    0.0,
    0.0,
    0.0,
    0.0
  ],
  "parameters": {
    "honesty": 1.0,
    "work_tendency": 0.4514507379372163,
    "neighbor_help": 0.15574273133655128,
    "own_priority": 0.0,
    "risk_aversion": 0.9690421163246777,
    "coordination": 0.03709414637774654,
    "exploration": 0.0,
    "fatigue_memory": 0.0,
    "rest_bias": 0.0,
    "altruism": 0.0
  }
}