{
  "trainer": "ippo",
  "scenario": "minimal_specialization",
  "seeds": [
    42,
    43,
    44,
    45
  ],
  "num_iterations": 50,
  "n_seeds_completed": 4,
  "n_seeds_failed": 0,
  "failed_seeds": [],
  "gap_closed_mean": 0.3525656406671301,
  "gap_closed_std": 0.2013003268048267,
  "gap_closed_per_seed": [
    0.46501720751179637,
    0.5360179421553758,
    0.39436042561931234,
    0.014866987382035802
  ],
  "trailing5_team_mean": -66.7987548828125,
  "iter0_gap_closed_mean": 0.28951943053273504,
  "min_iter_gap_closed_mean": -0.01558640817218573,
  "mean_traj_gap_closed": [
    0.28951943053273504,
    0.16731540434361306,
    0.17655604882878326,
    0.23196494446726487,
    0.1238893123841422,
    0.188240568124368,
    0.19904051993806873,
    0.32336545095003366,
    0.15388849282208458,
    0.16255931127822715,
    0.16396021931349003,
    0.0504887255908746,
    0.22050670987634813,
    0.1665110650752022,
    0.14569287224574484,
    0.25470244301904277,
    0.16425027516220084,
    0.17030647671258844,
    0.1864796616953151,
    0.20089811165002525,
    0.17319469239762383,
    0.2507794890935709,
    0.15804801712061844,
    0.16848591340685032,
    0.2782751378444135,
    0.18118459960608355,
    0.3302342203035473,
    0.18439167101133297,
    0.17158395672712332,
    0.29282935862192444,
    0.37352659857389614,
    0.21647472786589986,
    0.29585128799608185,
    0.2369102938311004,
    0.33166392821031343,
    0.32724314793457193,
    0.264765940975733,
    0.2839240269263987,
    0.2927079877348753,
    0.14861811633699862,
    0.1953459078509437,
    0.2611556713694388,
    0.3526775487392568,
    0.19156901041666663,
    0.30189720387807545,
    0.33474345732747723,
    0.43148839710776876,
    0.32742623283198513,
    0.3893665279006572,
    0.279803588167762
  ],
  "verdict_tier": "partial_lower",
  "verdict_reason": "0.2 <= gap_closed_mean < 0.49",
  "command_invoked": "/home/sphere/GitHub/bucket-brigade/.venv/bin/python3 -m experiments.p3_specialization.train --scenario minimal_specialization --algorithm ppo --lambda-red 0.0 --seed 42 --output-dir experiments/p3_specialization/phase_diagram_ppo_v2/cell_b0.50_k0.90_c0.50/seed_42 --num-iterations 50 --rollout-steps 2048 --prob-fire-spreads-to-neighbor 0.5 --prob-solo-agent-extinguishes-fire 0.9 --cost-to-work-one-night 0.5 && /home/sphere/GitHub/bucket-brigade/.venv/bin/python3 -m experiments.p3_specialization.train --scenario minimal_specialization --algorithm ppo --lambda-red 0.0 --seed 43 --output-dir experiments/p3_specialization/phase_diagram_ppo_v2/cell_b0.50_k0.90_c0.50/seed_43 --num-iterations 50 --rollout-steps 2048 --prob-fire-spreads-to-neighbor 0.5 --prob-solo-agent-extinguishes-fire 0.9 --cost-to-work-one-night 0.5 && /home/sphere/GitHub/bucket-brigade/.venv/bin/python3 -m experiments.p3_specialization.train --scenario minimal_specialization --algorithm ppo --lambda-red 0.0 --seed 44 --output-dir experiments/p3_specialization/phase_diagram_ppo_v2/cell_b0.50_k0.90_c0.50/seed_44 --num-iterations 50 --rollout-steps 2048 --prob-fire-spreads-to-neighbor 0.5 --prob-solo-agent-extinguishes-fire 0.9 --cost-to-work-one-night 0.5 && /home/sphere/GitHub/bucket-brigade/.venv/bin/python3 -m experiments.p3_specialization.train --scenario minimal_specialization --algorithm ppo --lambda-red 0.0 --seed 45 --output-dir experiments/p3_specialization/phase_diagram_ppo_v2/cell_b0.50_k0.90_c0.50/seed_45 --num-iterations 50 --rollout-steps 2048 --prob-fire-spreads-to-neighbor 0.5 --prob-solo-agent-extinguishes-fire 0.9 --cost-to-work-one-night 0.5",
  "git_sha": "0a9448d7",
  "wall_clock_seconds": 477.28650337300496,
  "cell": {
    "beta": 0.5,
    "kappa": 0.9,
    "c": 0.5,
    "tag": "b0.50_k0.90_c0.50",
    "ne_verdict": "asymmetric_only",
    "ne_verdict_detail": "All 14 converged restarts produced asymmetric profiles; best asymmetric team payoff = 72.01."
  },
  "rollout_steps": 2048,
  "sweep": "phase_diagram_ppo",
  "gap_closed_homogeneous_mean": 0.09846818292516601,
  "gap_closed_homogeneous_per_seed": [
    0.15937340343863404,
    0.19782831804252551,
    0.12110477808565731,
    -0.08443376786615281
  ],
  "gap_closed_ne_mean": 0.16173522838507765,
  "gap_closed_ne_per_seed": [
    0.2617728187717661,
    0.3249354994593518,
    0.1989161205208145,
    -0.13868352521162186
  ],
  "baseline_source": "per_cell"
}