{
  "chain_reaction": {
    "scenario": "chain_reaction",
    "num_seeds": 10,
    "final_mean_fitness": {
      "mean": -4.028509999999999,
      "std": 0.43425412882320424,
      "min": -4.3862,
      "max": -2.9196999999999997
    },
    "final_best_fitness": {
      "mean": -1.7975,
      "std": 0.5764601026957547,
      "min": -2.525,
      "max": -0.5
    },
    "parameter_statistics": {
      "honesty": {
        "mean": 0.8057854745196298,
        "std": 0.2598206869294783
      },
      "work_tendency": {
        "mean": 0.6634649151034596,
        "std": 0.2080746911399354
      },
      "neighbor_help": {
        "mean": 0.40701667318811674,
        "std": 0.2628614633929413
      },
      "own_priority": {
        "mean": 0.36470167223035366,
        "std": 0.28230179893158097
      },
      "risk_aversion": {
        "mean": 0.5680924581633222,
        "std": 0.24295412062365818
      },
      "coordination": {
        "mean": 0.40362173650858574,
        "std": 0.2829652411449426
      },
      "exploration": {
        "mean": 0.19544189371901086,
        "std": 0.2449064529495823
      },
      "fatigue_memory": {
        "mean": 0.1788824458695586,
        "std": 0.2531266918712803
      },
      "rest_bias": {
        "mean": 0.3100184309138617,
        "std": 0.24968089156582057
      },
      "altruism": {
        "mean": 0.4328997692575875,
        "std": 0.28293072068808794
      }
    }
  },
  "deceptive_calm": {
    "scenario": "deceptive_calm",
    "num_seeds": 10,
    "final_mean_fitness": {
      "mean": -4.238245,
      "std": 0.263528207645785,
      "min": -4.41115,
      "max": -3.4678
    },
    "final_best_fitness": {
      "mean": -2.1774999999999998,
      "std": 0.3647687623687094,
      "min": -2.475,
      "max": -1.175
    },
    "parameter_statistics": {
      "honesty": {
        "mean": 0.5369375805027833,
        "std": 0.29912477150013195
      },
      "work_tendency": {
        "mean": 0.5784982622967669,
        "std": 0.2969221218617045
      },
      "neighbor_help": {
        "mean": 0.29168106160317797,
        "std": 0.17810389454539857
      },
      "own_priority": {
        "mean": 0.3688285224563631,
        "std": 0.31022267875507575
      },
      "risk_aversion": {
        "mean": 0.6476531423652492,
        "std": 0.23976330992555558
      },
      "coordination": {
        "mean": 0.4324958708965463,
        "std": 0.2999447089339371
      },
      "exploration": {
        "mean": 0.2403513532789566,
        "std": 0.29410680404764566
      },
      "fatigue_memory": {
        "mean": 0.3568053772508463,
        "std": 0.31053065721786777
      },
      "rest_bias": {
        "mean": 0.4096093444572477,
        "std": 0.26372473065186036
      },
      "altruism": {
        "mean": 0.6333588518279278,
        "std": 0.2997378213907239
      }
    }
  },
  "default": {
    "scenario": "default",
    "num_seeds": 10,
    "final_mean_fitness": {
      "mean": -4.310025,
      "std": 0.16931455674276802,
      "min": -4.4123,
      "max": -3.8125
    },
    "final_best_fitness": {
      "mean": -2.1525000000000007,
      "std": 0.27983253920872037,
      "min": -2.575,
      "max": -1.475
    },
    "parameter_statistics": {
      "honesty": {
        "mean": 0.674996299490326,
        "std": 0.25828971687243013
      },
      "work_tendency": {
        "mean": 0.5806958818766481,
        "std": 0.24806008882030092
      },
      "neighbor_help": {
        "mean": 0.30082251390292525,
        "std": 0.24335676129230152
      },
      "own_priority": {
        "mean": 0.35796636470133303,
        "std": 0.2677720690571956
      },
      "risk_aversion": {
        "mean": 0.6825798160660429,
        "std": 0.26784200671917835
      },
      "coordination": {
        "mean": 0.4071417559714458,
        "std": 0.293770203545014
      },
      "exploration": {
        "mean": 0.19846644976622577,
        "std": 0.23546697123167548
      },
      "fatigue_memory": {
        "mean": 0.24238947504891276,
        "std": 0.10837761151074078
      },
      "rest_bias": {
        "mean": 0.24886058970105113,
        "std": 0.19683678982023
      },
      "altruism": {
        "mean": 0.6692968784874951,
        "std": 0.20531324366035997
      }
    }
  },
  "early_containment": {
    "scenario": "early_containment",
    "num_seeds": 10,
    "final_mean_fitness": {
      "mean": -4.294955,
      "std": 0.07535423495066478,
      "min": -4.42165,
      "max": -4.1669
    },
    "final_best_fitness": {
      "mean": -2.1175000000000006,
      "std": 0.3993823356133819,
      "min": -2.725,
      "max": -1.35
    },
    "parameter_statistics": {
      "honesty": {
        "mean": 0.7001624136279141,
        "std": 0.29584198416579893
      },
      "work_tendency": {
        "mean": 0.6594094219882456,
        "std": 0.17019200728996456
      },
      "neighbor_help": {
        "mean": 0.46478303764998563,
        "std": 0.2616364685606432
      },
      "own_priority": {
        "mean": 0.26544794882981615,
        "std": 0.2814249783899169
      },
      "risk_aversion": {
        "mean": 0.7844199686390417,
        "std": 0.14916588803103134
      },
      "coordination": {
        "mean": 0.5025903397828054,
        "std": 0.23824105797461673
      },
      "exploration": {
        "mean": 0.06857694908029215,
        "std": 0.08264255593694313
      },
      "fatigue_memory": {
        "mean": 0.1770321752190113,
        "std": 0.1903766884629211
      },
      "rest_bias": {
        "mean": 0.2945485248986787,
        "std": 0.1851435275895283
      },
      "altruism": {
        "mean": 0.3548797183997195,
        "std": 0.24853539684560935
      }
    }
  },
  "easy": {
    "scenario": "easy",
    "num_seeds": 10,
    "final_mean_fitness": {
      "mean": -4.276595,
      "std": 0.1153917684455871,
      "min": -4.41855,
      "max": -3.9648000000000003
    },
    "final_best_fitness": {
      "mean": -2.1325,
      "std": 0.2502623623320135,
      "min": -2.725,
      "max": -1.8
    },
    "parameter_statistics": {
      "honesty": {
        "mean": 0.7234075829617812,
        "std": 0.24350127627491622
      },
      "work_tendency": {
        "mean": 0.6703802991440589,
        "std": 0.2642483174288422
      },
      "neighbor_help": {
        "mean": 0.3259964186215038,
        "std": 0.3020196770807529
      },
      "own_priority": {
        "mean": 0.24419112734361031,
        "std": 0.20641873161506039
      },
      "risk_aversion": {
        "mean": 0.6776752858551925,
        "std": 0.183193591450346
      },
      "coordination": {
        "mean": 0.4782946408941376,
        "std": 0.27131411192168664
      },
      "exploration": {
        "mean": 0.13452662022368153,
        "std": 0.11258793616996535
      },
      "fatigue_memory": {
        "mean": 0.29472144258595045,
        "std": 0.19379849588857606
      },
      "rest_bias": {
        "mean": 0.24607978937316916,
        "std": 0.14081096250674602
      },
      "altruism": {
        "mean": 0.5472953016018535,
        "std": 0.22683952819109915
      }
    }
  },
  "greedy_neighbor": {
    "scenario": "greedy_neighbor",
    "num_seeds": 10,
    "final_mean_fitness": {
      "mean": -4.0329250000000005,
      "std": 0.5532538030822742,
      "min": -4.371449999999999,
      "max": -2.8553499999999996
    },
    "final_best_fitness": {
      "mean": -1.8625,
      "std": 0.7790418794904418,
      "min": -2.525,
      "max": -0.225
    },
    "parameter_statistics": {
      "honesty": {
        "mean": 0.7928603783404229,
        "std": 0.20791864738024915
      },
      "work_tendency": {
        "mean": 0.6349366625730897,
        "std": 0.22740535378650634
      },
      "neighbor_help": {
        "mean": 0.2260172919232506,
        "std": 0.2043911559726036
      },
      "own_priority": {
        "mean": 0.35646341954608995,
        "std": 0.3091513185232095
      },