{
  "scenario": "early_containment",
  "fitness": 0.24,
  "generation": 1000,
  "genome": [
    1.0,
    0.674555681992538,
    0.050095007810275885,
    0.01886790242605591,
    1.0,
    0.0654237555435562,
    0.0,
    0.0,
    0.3256225662342126,
    0.0
  ],
  "parameters": {
    "honesty": 1.0,
    "work_tendency": 0.674555681992538,
    "neighbor_help": 0.050095007810275885,
    "own_priority": 0.01886790242605591,
    "risk_aversion": 1.0,
    "coordination": 0.0654237555435562,
    "exploration": 0.0,
    "fatigue_memory": 0.0,
    "rest_bias": 0.3256225662342126,
    "altruism": 0.0
  }
}
