{
  "scenario": "early_containment",
  "fitness": 1.2,
  "generation": 200,
  "genome": [
    1.0,
    0.6020956581402614,
    0.20346425582428077,
    0.0,
    0.9936820465202504,
    0.0,
    0.0019522228077383707,
    0.0,
    0.24832971866839051,
    0.0
  ],
  "parameters": {
    "honesty": 1.0,
    "work_tendency": 0.6020956581402614,
    "neighbor_help": 0.20346425582428077,
    "own_priority": 0.0,
    "risk_aversion": 0.9936820465202504,
    "coordination": 0.0,
    "exploration": 0.0019522228077383707,
    "fatigue_memory": 0.0,
    "rest_bias": 0.24832971866839051,
    "altruism": 0.0
  }
}