{
  "scenario": "early_containment",
  "fitness": 0.9,
  "generation": 10,
  "genome": [
    0.8642857602602064,
    0.8598724007606506,
    0.18973711133003235,
    0.9605182409286499,
    0.6197545757781157,
    0.20839806549748868,
    0.0,
    0.2602277994155884,
    0.45687609910964966,
    0.6210326552391052
  ],
  "parameters": {
    "honesty": 0.8642857602602064,
    "work_tendency": 0.8598724007606506,
    "neighbor_help": 0.18973711133003235,
    "own_priority": 0.9605182409286499,
    "risk_aversion": 0.6197545757781157,
    "coordination": 0.20839806549748868,
    "exploration": 0.0,
    "fatigue_memory": 0.2602277994155884,
    "rest_bias": 0.45687609910964966,
    "altruism": 0.6210326552391052
  }
}