{
  "trainer": "ippo",
  "scenario": "minimal_specialization",
  "seeds": [
    42,
    43,
    44,
    45
  ],
  "num_iterations": 200,
  "n_seeds_completed": 4,
  "n_seeds_failed": 0,
  "failed_seeds": [],
  "gap_closed_mean": -0.20559623468834265,
  "gap_closed_std": 0.03785231935551688,
  "gap_closed_per_seed": [
    -0.14250867616700366,
    -0.23962842570357273,
    -0.2108812168225481,
    -0.2293666200602461
  ],
  "trailing5_team_mean": -99.92008056640626,
  "iter0_gap_closed_mean": -0.1587135410083839,
  "min_iter_gap_closed_mean": -0.47112837567408156,
  "mean_traj_gap_closed": [
    -0.1587135410083839,
    -0.15835148548091507,
    -0.2043705944425135,
    -0.15226236979166669,
    -0.22972682416740395,
    -0.23383800582448602,
    -0.22700317917667256,
    -0.23590131090432256,
    -0.18836300872093023,
    -0.24490641358327014,
    -0.24451452961745873,
    -0.17214868106462758,
    -0.25089781542277556,
    -0.24823279874188997,
    -0.3070575648540192,
    -0.15056317737297775,
    -0.2539403161337209,
    -0.11272323191828869,
    -0.19924833158230115,
    -0.2382402718971183,
    -0.23336177937784378,
    -0.2031311714010364,
    -0.25512933940006743,
    -0.1326044003570526,
    -0.19936661676883216,
    -0.22678718014039856,
    -0.154260875160621,
    -0.2352461138276247,
    -0.19588388945062354,
    -0.21968801181485928,
    -0.20358168367669363,
    -0.2489538240963094,
    -0.2107343374778817,
    -0.25858738111413043,
    -0.23336177937784378,
    -0.2212082336034926,
    -0.2351864569509395,
    -0.2567976748135743,
    -0.17363187444704248,
    -0.2689933918283409,
    -0.23623045229293058,
    -0.1774200861165529,
    -0.17653654720150827,
    -0.22739917740984159,
    -0.2319588142089021,
    -0.2121578739836114,
    -0.23446543159652006,
    -0.20255517397097236,
    -0.15793800161147625,
    -0.20875434631203657,
    -0.2732465157092602,
    -0.17611792049787245,
    -0.20238134617511375,
    -0.2879611929137176,
    -0.2672160283298576,
    -0.18711021431054095,
    -0.15319219421448435,
    -0.25414294380108277,
    -0.2992939423502275,
    -0.2562473915544953,
    -0.1985005634900573,
    -0.2762663879497388,
    -0.1969114277231842,
    -0.26265947723131533,
    -0.08832254078720089,
    -0.16714676052462504,
    -0.2214160041050514,
    -0.21941647016925767,
    -0.19641668707343277,
    -0.31561729809150657,
    -0.16408265991005225,
    -0.18496359531671303,
    -0.17193988199622937,
    -0.22176571683044743,
    -0.29754743585692617,
    -0.07820761448854063,
    -0.15771274547364764,
    -0.17466455555380014,
    -0.2514933556227882,
    -0.11108472494312438,
    -0.22204342987708545,
    -0.16894778106041458,
    -0.2168759100759395,
    -0.2077257794726365,
    -0.2517690115357474,
    -0.18556119265040447,
    -0.17486512608748317,
    -0.12229301779206692,
    -0.12233004619828532,
    -0.2542262577150742,
    -0.22251759919004888,
    -0.18873226421627487,
    -0.2757973614709724,
    -0.28444658002348755,
    -0.20983125579288844,
    -0.2015389499336451,
    -0.21959029796511628,
    -0.12910418740257415,
    -0.24004334956658663,
    -0.16806938497956692,
    -0.18051607230314712,
    -0.21698699529459473,
    -0.25591310733169026,
    -0.1922736198443293,
    -0.2165364830189375,
    -0.2665083743443504,
    -0.2412015158277511,
    -0.20055975430253625,
    -0.22552512862845467,
    -0.21652825448422228,
    -0.278899519058603,
    -0.21570642957954164,
    -0.2306803056275278,
    -0.2334903502327688,
    -0.17490832589473795,
    -0.18226772163064545,
    -0.1497382667677789,
    -0.14212584358937902,
    -0.09684113135111225,
    -0.12865573226059573,
    -0.19309235904849176,
    -0.23361069255297862,
    -0.3260695943134901,
    -0.25726258702498317,
    -0.23547651279965032,
    -0.2123193589773972,
    -0.18899969159451888,
    -0.1666561341422312,
    -0.23738861855409504,
    -0.16548151081163634,
    -0.22678615157355916,
    -0.17948030549587127,
    -0.25995126074317493,
    -0.2523501518000084,
    -0.230657677157061,
    -0.22091303492058478,
    -0.2354487414949865,
    -0.27705838441607683,
    -0.26355535894843274,
    -0.2351298857747725,
    -0.1741255865299545,
    -0.19425155387649562,
    -0.24071294657903608,
    -0.169663663580637,
    -0.1926048183666161,
    -0.18859135055927706,
    -0.1906731698422228,
    -0.25286854948706605,
    -0.3267546198285305,
    -0.2720019498335861,
    -0.17845791005750758,
    -0.269708245781724,
    -0.20030055545900743,
    -0.15397596214610718,
    -0.2534630611202393,
    -0.17212090975996377,
    -0.20214374723521233,
    -0.2229372544605241,
    -0.22776843290518622,
    -0.22332810985949614,
    -0.18712872851365017,
    -0.2501449044963347,
    -0.2472422888755477,
    -0.18647970283798873,
    -0.20192980533261712,
    -0.24153785718423493,
    -0.24225065400393916,
    -0.18356165871461072,
    -0.21736653645833334,
    -0.23729604753854905,
    -0.1801694452782693,
    -0.21154279101365017,
    -0.20190100546111392,
    -0.19722205490868303,
    -0.18541307902553084,
    -0.2381291866784631,
    -0.1068881722383721,
    -0.14302583957385406,
    -0.29066015230030334,
    -0.11656390049660854,
    -0.2601117171701213,
    -0.20858668991721435,
    -0.2412704298059909,
    -0.20123449414918268,
    -0.2675811695578446,
    -0.18147572516430738,
    -0.19106813950855242,
    -0.2599430322084597,
    -0.22187165921490565,
    -0.22184491647708124,
    -0.17800842634868977,
    -0.1813934398171554,
    -0.29123820686404617,
    -0.24482515680295755,
    -0.25884246569030167,
    -0.23608851006909337,
    -0.2868770834649899,
    -0.1894862037095551,
    -0.15954256588094035,
    -0.15598681031713432
  ],
  "verdict_tier": "insufficient",
  "verdict_reason": "gap_closed_mean = -0.206 < 0.2",
  "command_invoked": "/home/sphere/GitHub/bucket-brigade/.venv/bin/python3 -m experiments.p3_specialization.train --scenario minimal_specialization --algorithm ppo --lambda-red 0.0 --seed 42 --output-dir experiments/p3_specialization/phase_diagram_ppo_longbudget/cell_b0.50_k0.10_c0.50/seed_42 --num-iterations 200 --rollout-steps 4096 --prob-fire-spreads-to-neighbor 0.5 --prob-solo-agent-extinguishes-fire 0.1 --cost-to-work-one-night 0.5 && /home/sphere/GitHub/bucket-brigade/.venv/bin/python3 -m experiments.p3_specialization.train --scenario minimal_specialization --algorithm ppo --lambda-red 0.0 --seed 43 --output-dir experiments/p3_specialization/phase_diagram_ppo_longbudget/cell_b0.50_k0.10_c0.50/seed_43 --num-iterations 200 --rollout-steps 4096 --prob-fire-spreads-to-neighbor 0.5 --prob-solo-agent-extinguishes-fire 0.1 --cost-to-work-one-night 0.5 && /home/sphere/GitHub/bucket-brigade/.venv/bin/python3 -m experiments.p3_specialization.train --scenario minimal_specialization --algorithm ppo --lambda-red 0.0 --seed 44 --output-dir experiments/p3_specialization/phase_diagram_ppo_longbudget/cell_b0.50_k0.10_c0.50/seed_44 --num-iterations 200 --rollout-steps 4096 --prob-fire-spreads-to-neighbor 0.5 --prob-solo-agent-extinguishes-fire 0.1 --cost-to-work-one-night 0.5 && /home/sphere/GitHub/bucket-brigade/.venv/bin/python3 -m experiments.p3_specialization.train --scenario minimal_specialization --algorithm ppo --lambda-red 0.0 --seed 45 --output-dir experiments/p3_specialization/phase_diagram_ppo_longbudget/cell_b0.50_k0.10_c0.50/seed_45 --num-iterations 200 --rollout-steps 4096 --prob-fire-spreads-to-neighbor 0.5 --prob-solo-agent-extinguishes-fire 0.1 --cost-to-work-one-night 0.5",
  "git_sha": "0a9448d7",
  "wall_clock_seconds": 3716.7376430053264,
  "cell": {
    "beta": 0.5,
    "kappa": 0.1,
    "c": 0.5,
    "tag": "b0.50_k0.10_c0.50",
    "ne_verdict": "no_convergence",
    "ne_verdict_detail": "No restart converged within max_iterations (20 attempted). Likely needs more iterations or a tighter epsilon. Compute budget?"
  },
  "rollout_steps": 4096,
  "sweep": "phase_diagram_ppo",
  "gap_closed_homogeneous_mean": -0.08365649664700496,