{
  "schema_version": 3,
  "trainer": "het_ppo",
  "scenario": "rest_trap",
  "seeds": [
    42,
    43,
    44,
    45,
    46,
    47,
    48,
    49,
    50,
    51,
    52,
    53,
    54,
    55,
    56,
    57,
    58,
    59,
    60,
    61
  ],
  "num_iterations": 800,
  "n_seeds_completed": 20,
  "n_seeds_failed": 0,
  "failed_seeds": [],
  "gap_closed_mean": null,
  "gap_closed_std": null,
  "gap_closed_per_seed": null,
  "gap_source": "degenerate_reference",
  "scenario_random_baseline": 302.87,
  "scenario_reference": {
    "value": null,
    "kind": null,
    "reason": "social_trap_ne_below_random",
    "provenance": "Frozen NE (rest_trap-v1.json, 3xfree_rider + 1xfirefighter) has team_payoff = 2984.04 PER EPISODE (<= 248.7/step at >= 12 nights), below the 302.87/step random baseline: rest_trap's equilibrium is team-suboptimal by construction (social trap). The gap fraction ladder is not applicable; degenerate rows are classified by the four-way trap-escape verdict (#436) against ne_per_step_bound / random (via its measured 95% upper bound random_ci95_hi) / scripted_best, with uplift_over_random as the quantitative headline."
  },
  "uplift_over_random_mean": 4.961892700195304,
  "uplift_over_random_std": 6.586260362156591,
  "uplift_over_random_per_seed": [
    4.377424316406234,
    7.463331298828109,
    5.1718701171874955,
    4.619916992187484,
    10.593171386718723,
    -0.4472460937499818,
    13.026063232421848,
    -6.159935302734368,
    5.732313232421859,
    -1.1553759765624818,
    9.199738769531223,
    2.103034667968757,
    -5.174620361328152,
    13.029865722656268,
    5.8050793457031205,
    14.310975341796848,
    1.4010693359375068,
    -1.1200183105468682,
    -2.256975097656266,
    18.718171386718723
  ],
  "trap_verdict": "escaped_trap",
  "trap_verdict_reason": "trailing-5 mean 307.83/step, seed-bootstrap 95% CI [305.00, 310.71]: CI lower bound clears the random anchor's measured 95% upper bound 304.31 (point 302.87), below the scripted_best anchor 387.03",
  "trap_anchors": {
    "ne_per_step_bound": 248.6703078397115,
    "random": 302.87,
    "random_ci95_hi": 304.3071270072002,
    "scripted_best_anchor": 387.0264070404707,
    "scripted_best_value": 386.60293309775534,
    "scripted_best_kind": "scripted_battery:specialist"
  },
  "trailing5_team_ci95": [
    305.0000564575195,
    310.70728607177733
  ],
  "gap_closed_minspec_legacy_mean": 6.665855960569519,
  "trailing5_team_mean": 307.8318927001953,
  "iter0_gap_closed_mean": null,
  "min_iter_gap_closed_mean": null,
  "mean_traj_gap_closed": null,
  "verdict_tier": "not_scored_degenerate_reference",
  "verdict_reason": "reference pair degenerate (social_trap_ne_below_random): fraction ladder not applicable; uplift_over_random = +4.962/step vs random = 302.87/step; trap_verdict = escaped_trap (trailing-5 mean 307.83/step, seed-bootstrap 95% CI [305.00, 310.71]: CI lower bound clears the random anchor's measured 95% upper bound 304.31 (point 302.87), below the scripted_best anchor 387.03)",
  "command_invoked": "/home/sphere/GitHub/bucket-brigade/.venv/bin/python3 -m experiments.p3_specialization.train --scenario rest_trap --lambda-red 0.0 --seed 42 --output-dir experiments/p3_specialization/tier1_runs_trap_escape/16x/het_ppo_rest_trap/seed_42 --num-iterations 800 --rollout-steps 2048 --algorithm ppo --per-agent-init-seed-offset 1000 && /home/sphere/GitHub/bucket-brigade/.venv/bin/python3 -m experiments.p3_specialization.train --scenario rest_trap --lambda-red 0.0 --seed 43 --output-dir experiments/p3_specialization/tier1_runs_trap_escape/16x/het_ppo_rest_trap/seed_43 --num-iterations 800 --rollout-steps 2048 --algorithm ppo --per-agent-init-seed-offset 1000 && /home/sphere/GitHub/bucket-brigade/.venv/bin/python3 -m experiments.p3_specialization.train --scenario rest_trap --lambda-red 0.0 --seed 44 --output-dir experiments/p3_specialization/tier1_runs_trap_escape/16x/het_ppo_rest_trap/seed_44 --num-iterations 800 --rollout-steps 2048 --algorithm ppo --per-agent-init-seed-offset 1000 && /home/sphere/GitHub/bucket-brigade/.venv/bin/python3 -m experiments.p3_specialization.train --scenario rest_trap --lambda-red 0.0 --seed 45 --output-dir experiments/p3_specialization/tier1_runs_trap_escape/16x/het_ppo_rest_trap/seed_45 --num-iterations 800 --rollout-steps 2048 --algorithm ppo --per-agent-init-seed-offset 1000 && /home/sphere/GitHub/bucket-brigade/.venv/bin/python3 -m experiments.p3_specialization.train --scenario rest_trap --lambda-red 0.0 --seed 46 --output-dir experiments/p3_specialization/tier1_runs_trap_escape/16x/het_ppo_rest_trap/seed_46 --num-iterations 800 --rollout-steps 2048 --algorithm ppo --per-agent-init-seed-offset 1000 && /home/sphere/GitHub/bucket-brigade/.venv/bin/python3 -m experiments.p3_specialization.train --scenario rest_trap --lambda-red 0.0 --seed 47 --output-dir experiments/p3_specialization/tier1_runs_trap_escape/16x/het_ppo_rest_trap/seed_47 --num-iterations 800 --rollout-steps 2048 --algorithm ppo --per-agent-init-seed-offset 1000 && /home/sphere/GitHub/bucket-brigade/.venv/bin/python3 -m experiments.p3_specialization.train --scenario rest_trap --lambda-red 0.0 --seed 48 --output-dir experiments/p3_specialization/tier1_runs_trap_escape/16x/het_ppo_rest_trap/seed_48 --num-iterations 800 --rollout-steps 2048 --algorithm ppo --per-agent-init-seed-offset 1000 && /home/sphere/GitHub/bucket-brigade/.venv/bin/python3 -m experiments.p3_specialization.train --scenario rest_trap --lambda-red 0.0 --seed 49 --output-dir experiments/p3_specialization/tier1_runs_trap_escape/16x/het_ppo_rest_trap/seed_49 --num-iterations 800 --rollout-steps 2048 --algorithm ppo --per-agent-init-seed-offset 1000 && /home/sphere/GitHub/bucket-brigade/.venv/bin/python3 -m experiments.p3_specialization.train --scenario rest_trap --lambda-red 0.0 --seed 50 --output-dir experiments/p3_specialization/tier1_runs_trap_escape/16x/het_ppo_rest_trap/seed_50 --num-iterations 800 --rollout-steps 2048 --algorithm ppo --per-agent-init-seed-offset 1000 && /home/sphere/GitHub/bucket-brigade/.venv/bin/python3 -m experiments.p3_specialization.train --scenario rest_trap --lambda-red 0.0 --seed 51 --output-dir experiments/p3_specialization/tier1_runs_trap_escape/16x/het_ppo_rest_trap/seed_51 --num-iterations 800 --rollout-steps 2048 --algorithm ppo --per-agent-init-seed-offset 1000",
  "git_sha": "ed0555af",
  "wall_clock_seconds": 23772.37965767295
}