{
  "trainer": "ippo",
  "scenario": "minimal_specialization",
  "seeds": [
    42,
    43,
    44,
    45
  ],
  "num_iterations": 200,
  "n_seeds_completed": 4,
  "n_seeds_failed": 0,
  "failed_seeds": [],
  "gap_closed_mean": -0.2767904427544131,
  "gap_closed_std": 0.04819401709993558,
  "gap_closed_per_seed": [
    -0.21951294973879346,
    -0.3495756380076676,
    -0.28624142915824063,
    -0.2518317541129508
  ],
  "trailing5_team_mean": -104.14474487304688,
  "iter0_gap_closed_mean": -0.2150892894759016,
  "min_iter_gap_closed_mean": -0.5369643676469814,
  "mean_traj_gap_closed": [
    -0.21508928947590158,
    -0.21785819140756657,
    -0.2615002824033114,
    -0.20119386575902637,
    -0.299805654352829,
    -0.29688709594603135,
    -0.28405315320741703,
    -0.27735769736634225,
    -0.27105669690817746,
    -0.29710000928178715,
    -0.279408659644106,
    -0.2153587739878244,
    -0.2912736924200055,
    -0.283641726471657,
    -0.3437378011972847,
    -0.21274158566497095,
    -0.30743299175040023,
    -0.16897503808165867,
    -0.27237223389577014,
    -0.2779069520585819,
    -0.335116868232853,
    -0.26971236004908156,
    -0.3191828250402869,
    -0.15972873647887176,
    -0.24698051861492037,
    -0.2653162653774857,
    -0.15697989160057507,
    -0.2722508630087209,
    -0.24335584907287455,
    -0.2860136016033135,
    -0.2546304844829584,
    -0.28657519909762597,
    -0.26632426088009775,
    -0.3540985549705616,
    -0.2702724146931349,
    -0.24927525123362193,
    -0.28028551287469455,
    -0.3207354466843613,
    -0.20096552392067957,
    -0.33214225293330807,
    -0.28011322792909504,
    -0.2809391671011333,
    -0.22637061057044153,
    -0.25783961302188657,
    -0.27293280282324317,
    -0.2600494888763376,
    -0.28813810641009435,
    -0.22369222252064375,
    -0.21882864422054055,
    -0.25419540070989216,
    -0.31503050070962885,
    -0.25239438017410265,
    -0.2566053328146065,
    -0.30556357151979063,
    -0.33982564722362657,
    -0.21571002956347954,
    -0.21172690447790277,
    -0.3111404609230178,
    -0.37890501571979274,
    -0.3203826482584471,
    -0.2650344380634901,
    -0.3090915557789328,
    -0.24462612911953363,
    -0.2716270372206248,
    -0.1281841343647308,
    -0.18169326705084052,
    -0.26595706251843193,
    -0.27029761458070023,
    -0.2559681356575982,
    -0.39032982188842896,
    -0.24196522670600565,
    -0.22355079458022625,
    -0.1911303678023361,
    -0.2716959511988646,
    -0.34461465442787326,
    -0.15072826235070147,
    -0.23948946632356968,
    -0.25105878613314164,
    -0.2890026168386101,
    -0.1818172093549882,
    -0.2676001980443735,
    -0.23703376299450202,
    -0.2763502161471499,
    -0.2840150962343592,
    -0.2847890927810078,
    -0.1846071969068609,
    -0.21311598399451256,
    -0.15027929292530334,
    -0.13313154086224513,
    -0.31850962804389954,
    -0.27109732529833375,
    -0.2640032998069915,
    -0.3384458248085714,
    -0.3114166311193967,
    -0.22990785193113836,
    -0.260964399079984,
    -0.2302971644798513,
    -0.16997480504955553,
    -0.3035491233648256,
    -0.21472929108211156,
    -0.26659580252569937,
    -0.2864039427188659,
    -0.2963964695636375,
    -0.25077953023624455,
    -0.26341393100801525,
    -0.2822742468586746,
    -0.33841033925261205,
    -0.2768531853316165,
    -0.27260109001753663,
    -0.22035658026046934,
    -0.3419352378112361,
    -0.28145242195399395,
    -0.23387606279754383,
    -0.2837183547011923,
    -0.2136883814406387,
    -0.26330438863961914,
    -0.20365419763887135,
    -0.21297815603803294,
    -0.1404112226680991,
    -0.18987860195878625,
    -0.24595349462577942,
    -0.2640644995339358,
    -0.3571636841519738,
    -0.27997231427209723,
    -0.28156042147213095,
    -0.2550691682399625,
    -0.2442944163138271,
    -0.2154492878696916,
    -0.25908315033072127,
    -0.19013882936915447,
    -0.28740988108779914,
    -0.22063120760658916,
    -0.2965065262154533,
    -0.2701052725817324,
    -0.2531586053357769,
    -0.30095816349637683,
    -0.28048968339231545,
    -0.34142044010811634,
    -0.31685157829878663,
    -0.294029737266178,
    -0.23728781900383383,
    -0.26018011686494147,
    -0.27281297478645306,
    -0.23862958444583124,
    -0.24826674144759017,
    -0.1879356391991595,
    -0.25411722963009775,
    -0.26470118240752444,
    -0.36930231570715366,
    -0.3312725996705953,
    -0.25125164241552916,
    -0.3267937053684277,
    -0.24342219163401585,
    -0.25248180835545164,
    -0.2683855088262555,
    -0.19873147674550262,
    -0.2712757816449697,
    -0.27530210653780124,
    -0.2897843276365542,
    -0.2930155703625295,
    -0.22400953539059867,
    -0.2911420358645623,
    -0.25514836788659634,
    -0.24497738469518876,
    -0.27271834663722827,
    -0.3124863406323728,
    -0.30007462458133216,
    -0.25820886851723124,
    -0.24752565903980242,
    -0.2703068716822548,
    -0.23099093281302663,
    -0.2689908204112424,
    -0.22381410769111265,
    -0.25705738794052285,
    -0.25079907300619314,
    -0.2818314488343129,
    -0.17414307216622432,
    -0.22549838589063026,
    -0.32627582196478977,
    -0.18086887072906135,
    -0.30096844916477083,
    -0.2762663879497388,
    -0.28682256942250167,
    -0.23770798855772876,
    -0.32627787909846856,
    -0.21616208468939585,
    -0.25609413509542467,
    -0.2763476447300514,
    -0.2841986954151921,
    -0.2828240158343339,
    -0.25536436692287035,
    -0.22862728621608527,
    -0.3239764607953109,
    -0.28464200772297354,
    -0.28931838685830596,
    -0.2947209341822548,
    -0.31817637238793395,
    -0.26612266177957533,
    -0.2636623298997304,
    -0.2412699155225712
  ],
  "verdict_tier": "insufficient",
  "verdict_reason": "gap_closed_mean = -0.277 < 0.2",
  "command_invoked": "/home/sphere/GitHub/bucket-brigade/.venv/bin/python3 -m experiments.p3_specialization.train --scenario minimal_specialization --algorithm ppo --lambda-red 0.0 --seed 42 --output-dir experiments/p3_specialization/phase_diagram_ppo_longbudget/cell_b0.90_k0.10_c2.00/seed_42 --num-iterations 200 --rollout-steps 4096 --prob-fire-spreads-to-neighbor 0.9 --prob-solo-agent-extinguishes-fire 0.1 --cost-to-work-one-night 2.0 && /home/sphere/GitHub/bucket-brigade/.venv/bin/python3 -m experiments.p3_specialization.train --scenario minimal_specialization --algorithm ppo --lambda-red 0.0 --seed 43 --output-dir experiments/p3_specialization/phase_diagram_ppo_longbudget/cell_b0.90_k0.10_c2.00/seed_43 --num-iterations 200 --rollout-steps 4096 --prob-fire-spreads-to-neighbor 0.9 --prob-solo-agent-extinguishes-fire 0.1 --cost-to-work-one-night 2.0 && /home/sphere/GitHub/bucket-brigade/.venv/bin/python3 -m experiments.p3_specialization.train --scenario minimal_specialization --algorithm ppo --lambda-red 0.0 --seed 44 --output-dir experiments/p3_specialization/phase_diagram_ppo_longbudget/cell_b0.90_k0.10_c2.00/seed_44 --num-iterations 200 --rollout-steps 4096 --prob-fire-spreads-to-neighbor 0.9 --prob-solo-agent-extinguishes-fire 0.1 --cost-to-work-one-night 2.0 && /home/sphere/GitHub/bucket-brigade/.venv/bin/python3 -m experiments.p3_specialization.train --scenario minimal_specialization --algorithm ppo --lambda-red 0.0 --seed 45 --output-dir experiments/p3_specialization/phase_diagram_ppo_longbudget/cell_b0.90_k0.10_c2.00/seed_45 --num-iterations 200 --rollout-steps 4096 --prob-fire-spreads-to-neighbor 0.9 --prob-solo-agent-extinguishes-fire 0.1 --cost-to-work-one-night 2.0",
  "git_sha": "0a9448d7",
  "wall_clock_seconds": 3687.2676760028116,
  "cell": {
    "beta": 0.9,
    "kappa": 0.1,
    "c": 2.0,
    "tag": "b0.90_k0.10_c2.00",
    "ne_verdict": "no_convergence",
    "ne_verdict_detail": "No restart converged within max_iterations (20 attempted). Likely needs more iterations or a tighter epsilon. Compute budget?"
  },
  "rollout_steps": 4096,
  "sweep": "phase_diagram_ppo",
  "gap_closed_homogeneous_mean": -0.14903919007746358,