{
  "trainer": "ippo",
  "scenario": "minimal_specialization",
  "seeds": [
    42,
    43,
    44,
    45
  ],
  "num_iterations": 50,
  "n_seeds_completed": 4,
  "n_seeds_failed": 0,
  "failed_seeds": [],
  "gap_closed_mean": -0.10657219650530839,
  "gap_closed_std": 0.07171323448272571,
  "gap_closed_per_seed": [
    -0.11142127201297604,
    0.0038308766220087435,
    -0.12201304189838226,
    -0.196685348731884
  ],
  "trailing5_team_mean": -94.043994140625,
  "iter0_gap_closed_mean": -0.1160156743712083,
  "min_iter_gap_closed_mean": -0.45003452693166496,
  "mean_traj_gap_closed": [
    -0.1160156743712083,
    -0.13264142876327098,
    -0.2671275715816692,
    -0.045432332151057485,
    -0.15965879393379256,
    -0.16904858061067576,
    -0.13593489978303,
    -0.08940253596857096,
    -0.24815565622893496,
    -0.19123785303705343,
    -0.19125431010648383,
    -0.2013116366621377,
    -0.17327907602112824,
    -0.21722356566765674,
    -0.1925605899925219,
    -0.17940419154975565,
    -0.11120712439701298,
    -0.17139268443766853,
    -0.3159340966780418,
    -0.11551579088725987,
    -0.1706397735112277,
    -0.22007372437963432,
    -0.09886843659156978,
    -0.14533188642778902,
    -0.18145823952803758,
    -0.10770588287569516,
    -0.16998663356820864,
    -0.1922026487324107,
    -0.1740309583807297,
    -0.1341266792793647,
    -0.09945677682370661,
    -0.10258464858232222,
    -0.07855218437973965,
    -0.2664435746334681,
    -0.08291227921195654,
    -0.0900587616121082,
    -0.18971557411474133,
    -0.1605526185172312,
    -0.20190820542898974,
    -0.13604495643484582,
    -0.29399373742679896,
    -0.09420491454172987,
    -0.19308721621429475,
    -0.17229165185530418,
    -0.1740484440169995,
    -0.16378026125926864,
    -0.06971370952877487,
    -0.07031336399614511,
    -0.16381626109864764,
    -0.06523738664370578
  ],
  "verdict_tier": "insufficient",
  "verdict_reason": "gap_closed_mean = -0.107 < 0.2",
  "command_invoked": "/home/sphere/GitHub/bucket-brigade/.venv/bin/python3 -m experiments.p3_specialization.train --scenario minimal_specialization --algorithm ppo --lambda-red 0.0 --seed 42 --output-dir experiments/p3_specialization/phase_diagram_ppo_v2/cell_b0.90_k0.30_c2.00/seed_42 --num-iterations 50 --rollout-steps 2048 --prob-fire-spreads-to-neighbor 0.9 --prob-solo-agent-extinguishes-fire 0.3 --cost-to-work-one-night 2.0 && /home/sphere/GitHub/bucket-brigade/.venv/bin/python3 -m experiments.p3_specialization.train --scenario minimal_specialization --algorithm ppo --lambda-red 0.0 --seed 43 --output-dir experiments/p3_specialization/phase_diagram_ppo_v2/cell_b0.90_k0.30_c2.00/seed_43 --num-iterations 50 --rollout-steps 2048 --prob-fire-spreads-to-neighbor 0.9 --prob-solo-agent-extinguishes-fire 0.3 --cost-to-work-one-night 2.0 && /home/sphere/GitHub/bucket-brigade/.venv/bin/python3 -m experiments.p3_specialization.train --scenario minimal_specialization --algorithm ppo --lambda-red 0.0 --seed 44 --output-dir experiments/p3_specialization/phase_diagram_ppo_v2/cell_b0.90_k0.30_c2.00/seed_44 --num-iterations 50 --rollout-steps 2048 --prob-fire-spreads-to-neighbor 0.9 --prob-solo-agent-extinguishes-fire 0.3 --cost-to-work-one-night 2.0 && /home/sphere/GitHub/bucket-brigade/.venv/bin/python3 -m experiments.p3_specialization.train --scenario minimal_specialization --algorithm ppo --lambda-red 0.0 --seed 45 --output-dir experiments/p3_specialization/phase_diagram_ppo_v2/cell_b0.90_k0.30_c2.00/seed_45 --num-iterations 50 --rollout-steps 2048 --prob-fire-spreads-to-neighbor 0.9 --prob-solo-agent-extinguishes-fire 0.3 --cost-to-work-one-night 2.0",
  "git_sha": "0a9448d7",
  "wall_clock_seconds": 469.8505177340121,
  "cell": {
    "beta": 0.9,
    "kappa": 0.3,
    "c": 2.0,
    "tag": "b0.90_k0.30_c2.00",
    "ne_verdict": "symmetric_only",
    "ne_verdict_detail": "All 1 converged restarts produced symmetric profiles; best symmetric team payoff = -3538.30."
  },
  "rollout_steps": 2048,
  "sweep": "phase_diagram_ppo",
  "gap_closed_homogeneous_mean": 0.05697744437179818,
  "gap_closed_homogeneous_per_seed": [
    0.04936759086701475,
    0.2302375249063825,
    0.032745491034404196,
    -0.08444082932060873
  ],
  "gap_closed_ne_mean": 0.2689169062946044,
  "gap_closed_ne_per_seed": [
    0.23300061899137078,
    1.0866539135510425,
    0.154549159604432,
    -0.39853606696842764
  ],
  "baseline_source": "per_cell"
}