{
  "version": "v7",
  "scenario": "trivial_cooperation",
  "config": {
    "population_size": 20,
    "num_generations": 10,
    "mutation_rate": 0.15,
    "mutation_scale": 0.1,
    "elite_size": 10,
    "games_per_individual": 20,
    "fitness_type": "heterogeneous_tournament",
    "seed": null
  },
  "best_individual": {
    "id": "778dc27d-ffe3-4188-b5cd-20762e44ea96",
    "genome": [
      0.5655400156974792,
      0.32131460309028625,
      0.8065035343170166,
      0.3897024095058441,
      0.6673142910003662,
      0.2853182256221771,
      0.8678345524009597,
      0.8573391437530518,
      1.0,
      0.6954401731491089
    ],
    "generation": 10,
    "fitness": 6.5,
    "parents": [
      "683b7d97-a697-4c33-a9a3-85ab64f16a88",
      "144a776b-85a4-45d1-b46c-fd6b120c0bce"
    ]
  },
  "final_population": {
    "individuals": [
      {
        "id": "778dc27d-ffe3-4188-b5cd-20762e44ea96",
        "genome": [
          0.5655400156974792,
          0.32131460309028625,
          0.8065035343170166,
          0.3897024095058441,
          0.6673142910003662,
          0.2853182256221771,
          0.8678345524009597,
          0.8573391437530518,
          1.0,
          0.6954401731491089
        ],
        "generation": 10,
        "fitness": 6.5,
        "parents": [
          "683b7d97-a697-4c33-a9a3-85ab64f16a88",
          "144a776b-85a4-45d1-b46c-fd6b120c0bce"
        ]
      },
      {
        "id": "c1ee3a68-b90d-4d29-bbac-f52d756edef6",
        "genome": [
          0.5655400156974792,
          0.32131460309028625,
          0.8065035343170166,
          0.54082609348883,
          0.6673142910003662,
          0.2853182256221771,
          0.8678345524009597,
          1.0,
          1.0,
          0.6954401731491089
        ],
        "generation": 10,
        "fitness": 6.5,
        "parents": [
          "683b7d97-a697-4c33-a9a3-85ab64f16a88",
          "144a776b-85a4-45d1-b46c-fd6b120c0bce"
        ]
      },
      {
        "id": "509f57e3-7700-4f83-b3dd-8d9ed14e8383",
        "genome": [
          0.5655400156974792,
          0.32131460309028625,
          0.8065035343170166,
          0.3897024095058441,
          0.6673142910003662,
          0.2853182256221771,
          0.8678345524009597,
          0.7044562674758144,
          1.0,
          0.6954401731491089
        ],
        "generation": 10,
        "fitness": 6.5,
        "parents": [
          "683b7d97-a697-4c33-a9a3-85ab64f16a88",
          "144a776b-85a4-45d1-b46c-fd6b120c0bce"
        ]
      },
      {
        "id": "32f77b72-6092-4746-b6ff-5f69ac22bd8e",
        "genome": [
          0.5655400156974792,
          0.32131460309028625,
          0.8065035343170166,
          0.3897024095058441,
          0.6673142910003662,
          0.2853182256221771,
          0.8678345524009597,
          0.8573391437530518,
          1.0,
          0.6954401731491089
        ],
        "generation": 10,
        "fitness": 6.5,
        "parents": [
          "8201c0f1-b4c0-4ad6-86aa-d3bc3595181f",
          "8201c0f1-b4c0-4ad6-86aa-d3bc3595181f"
        ]
      },
      {
        "id": "61a138a9-2055-4e15-b5b1-f18dcdda94dd",
        "genome": [
          0.5655400156974792,
          0.42393860016938767,
          0.8065035343170166,
          0.3897024095058441,
          0.6673142910003662,
          0.2853182256221771,
          0.8678345524009597,
          0.8573391437530518,
          1.0,
          0.6954401731491089
        ],
        "generation": 10,
        "fitness": 6.5,
        "parents": [
          "683b7d97-a697-4c33-a9a3-85ab64f16a88",
          "144a776b-85a4-45d1-b46c-fd6b120c0bce"
        ]
      },
      {
        "id": "93056c4f-1322-456b-8e71-5a41287e5657",
        "genome": [
          0.5655400156974792,
          0.32131460309028625,
          0.8065035343170166,
          0.3897024095058441,
          0.7673661561173649,
          0.2853182256221771,
          0.8678345524009597,
          0.8573391437530518,
          1.0,
          0.6954401731491089
        ],
        "generation": 10,
        "fitness": 6.5,
        "parents": [
          "8201c0f1-b4c0-4ad6-86aa-d3bc3595181f",
          "8201c0f1-b4c0-4ad6-86aa-d3bc3595181f"
        ]
      },
      {
        "id": "6773bedc-0c9f-4b10-a0cc-cccd6d89974a",
        "genome": [
          0.5655400156974792,
          0.36616516172236757,
          0.7957709072244363,
          0.54082609348883,
          0.6673142910003662,
          0.2853182256221771,
          0.7889603258970928,
          1.0,
          1.0,
          0.6954401731491089
        ],
        "generation": 10,
        "fitness": 6.5,
        "parents": [
          "0a5a3553-3950-4fe3-bd49-6e9afb249e0f",
          "0a5a3553-3950-4fe3-bd49-6e9afb249e0f"
        ]
      },
      {
        "id": "5e941fa9-3c06-4e4b-ad2e-53dd060fdda1",
        "genome": [
          0.5655400156974792,
          0.32131460309028625,
          0.8065035343170166,
          0.54082609348883,
          0.5224555621651656,
          0.27834690345463703,
          0.8678345524009597,
          1.0,
          1.0,
          0.66194936050512
        ],
        "generation": 10,
        "fitness": 6.5,
        "parents": [
          "0a5a3553-3950-4fe3-bd49-6e9afb249e0f",
          "0a5a3553-3950-4fe3-bd49-6e9afb249e0f"
        ]
      },
      {
        "id": "9089b3c5-c443-405b-ae3f-f2b9f912186e",
        "genome": [
          0.9812128536711814,
          0.32131460309028625,
          0.8065035343170166,
          0.42231772473043827,
          0.6536381291433143,
          0.31740032704569576,
          0.9736252427101135,
          0.8573391437530518,
          1.0,
          0.6954401731491089
        ],
        "generation": 10,
        "fitness": 6.5,
        "parents": [
          "c877f704-8cb8-4110-a5e1-d2f5a1d74418",
          "d55d273d-9dc2-4302-b720-3a0b41f7f9ff"
        ]
      },
      {
        "id": "e2d5cad4-3322-4cb9-bb6a-ee968a2a4177",
        "genome": [
          0.7838454501488682,
          0.32131460309028625,
          0.8065035343170166,
          0.54082609348883,
          0.6673142910003662,
          0.2853182256221771,
          0.8678345524009597,
          1.0,
          1.0,
          0.6954401731491089
        ],
        "generation": 10,
        "fitness": 6.5,
        "parents": [
          "0a5a3553-3950-4fe3-bd49-6e9afb249e0f",
          "0a5a3553-3950-4fe3-bd49-6e9afb249e0f"
        ]
      },
      {
        "id": "e968d669-40cf-4f2a-b61b-35ef75bce845",
        "genome": [
          0.7838454501488682,
          0.32131460309028625,
          0.8065035343170166,
          0.3897024095058441,
          0.6673142910003662,
          0.2853182256221771,
          0.8678345524009597,
          1.0,
          1.0,
          0.6954401731491089
        ],
        "generation": 10,
        "fitness": 6.5,
        "parents": [
          "a4bc91cc-8960-4f8d-9e89-b870f47d2b04",
          "2edffc43-e815-4183-ac32-672bcfe1274e"
        ]
      },
      {
        "id": "c8a4292d-c862-4b1b-a2ff-c3332872eed1",
        "genome": [
          0.5655400156974792,
          0.16796075857342535,
          0.8065035343170166,
          0.54082609348883,
          0.6673142910003662,
          0.2853182256221771,
          0.8678345524009597,
          0.8573391437530518,
          1.0,
          0.6954401731491089
        ],
        "generation": 10,
        "fitness": 6.5,
        "parents": [
          "a4bc91cc-8960-4f8d-9e89-b870f47d2b04",
          "2edffc43-e815-4183-ac32-672bcfe1274e"
        ]
      },
      {
        "id": "ad30365a-9d43-42c5-a3b6-6048c8a4831c",
        "genome": [
          0.9812128536711814,
          0.32131460309028625,
          0.8065035343170166,
          0.3897024095058441,
          0.6536381291433143,
          0.2853182256221771,
          0.8678345524009597,
          1.0,
          1.0,
          0.6954401731491089
        ],
        "generation": 10,
        "fitness": 6.5,