{
  "trainer": "ippo",
  "scenario": "minimal_specialization",
  "seeds": [
    42,
    43,
    44,
    45
  ],
  "num_iterations": 50,
  "n_seeds_completed": 4,
  "n_seeds_failed": 0,
  "failed_seeds": [],
  "gap_closed_mean": -0.20254900256993597,
  "gap_closed_std": 0.05235427202895443,
  "gap_closed_per_seed": [
    -0.2396926082743512,
    -0.11561617901078541,
    -0.24728590010953816,
    -0.2076013228850691
  ],
  "trailing5_team_mean": -99.7392578125,
  "iter0_gap_closed_mean": -0.1432953240857769,
  "min_iter_gap_closed_mean": -0.5273992103239804,
  "mean_traj_gap_closed": [
    -0.1432953240857769,
    -0.1649672273919363,
    -0.2706277845361476,
    -0.07232421216717225,
    -0.15013323643410853,
    -0.19731565449106842,
    -0.17038571750189585,
    -0.11771280965621841,
    -0.2803230555643327,
    -0.15292270970256153,
    -0.2475940587346225,
    -0.2153484883194304,
    -0.19800273713978767,
    -0.2809134529301483,
    -0.24934262236160262,
    -0.22357290876727334,
    -0.20498876311299294,
    -0.16024610559909,
    -0.37797724843065383,
    -0.1465270810951719,
    -0.23871958404427873,
    -0.2380942154059235,
    -0.1585695416508679,
    -0.1174556679463684,
    -0.3103962928147118,
    -0.18332714547522752,
    -0.1783529962398888,
    -0.25775629910789516,
    -0.32164469977039095,
    -0.28757033751474553,
    -0.1649528274561847,
    -0.14920752627864847,
    -0.21584220040234245,
    -0.2504185032756151,
    -0.17930544913317326,
    -0.10622371806011967,
    -0.25873343760532524,
    -0.178330367769422,
    -0.22066000747809236,
    -0.22694660800050556,
    -0.3206675612729609,
    -0.19505692171174588,
    -0.18485148153121841,
    -0.23328875113224637,
    -0.16581270933392317,
    -0.3658298740573391,
    -0.07673676390819853,
    -0.160071249236392,
    -0.26024543085924334,
    -0.14986169478850692
  ],
  "verdict_tier": "insufficient",
  "verdict_reason": "gap_closed_mean = -0.203 < 0.2",
  "command_invoked": "/home/sphere/GitHub/bucket-brigade/.venv/bin/python3 -m experiments.p3_specialization.train --scenario minimal_specialization --algorithm ppo --lambda-red 0.0 --seed 42 --output-dir experiments/p3_specialization/phase_diagram_ppo_v2/cell_b0.90_k0.10_c0.50/seed_42 --num-iterations 50 --rollout-steps 2048 --prob-fire-spreads-to-neighbor 0.9 --prob-solo-agent-extinguishes-fire 0.1 --cost-to-work-one-night 0.5 && /home/sphere/GitHub/bucket-brigade/.venv/bin/python3 -m experiments.p3_specialization.train --scenario minimal_specialization --algorithm ppo --lambda-red 0.0 --seed 43 --output-dir experiments/p3_specialization/phase_diagram_ppo_v2/cell_b0.90_k0.10_c0.50/seed_43 --num-iterations 50 --rollout-steps 2048 --prob-fire-spreads-to-neighbor 0.9 --prob-solo-agent-extinguishes-fire 0.1 --cost-to-work-one-night 0.5 && /home/sphere/GitHub/bucket-brigade/.venv/bin/python3 -m experiments.p3_specialization.train --scenario minimal_specialization --algorithm ppo --lambda-red 0.0 --seed 44 --output-dir experiments/p3_specialization/phase_diagram_ppo_v2/cell_b0.90_k0.10_c0.50/seed_44 --num-iterations 50 --rollout-steps 2048 --prob-fire-spreads-to-neighbor 0.9 --prob-solo-agent-extinguishes-fire 0.1 --cost-to-work-one-night 0.5 && /home/sphere/GitHub/bucket-brigade/.venv/bin/python3 -m experiments.p3_specialization.train --scenario minimal_specialization --algorithm ppo --lambda-red 0.0 --seed 45 --output-dir experiments/p3_specialization/phase_diagram_ppo_v2/cell_b0.90_k0.10_c0.50/seed_45 --num-iterations 50 --rollout-steps 2048 --prob-fire-spreads-to-neighbor 0.9 --prob-solo-agent-extinguishes-fire 0.1 --cost-to-work-one-night 0.5",
  "git_sha": "0a9448d7",
  "wall_clock_seconds": 474.19945339497644,
  "cell": {
    "beta": 0.9,
    "kappa": 0.1,
    "c": 0.5,
    "tag": "b0.90_k0.10_c0.50",
    "ne_verdict": "no_convergence",
    "ne_verdict_detail": "No restart converged within max_iterations (20 attempted). Likely needs more iterations or a tighter epsilon. Compute budget?"
  },
  "rollout_steps": 2048,
  "sweep": "phase_diagram_ppo",
  "gap_closed_homogeneous_mean": -0.06923680997598898,
  "gap_closed_homogeneous_per_seed": [
    -0.2450025984940889,
    0.3421345685211355,
    -0.28093451467585684,
    -0.09314469525514568
  ],
  "gap_closed_ne_mean": null,
  "gap_closed_ne_per_seed": [],
  "baseline_source": "per_cell"
}