{
  "trainer": "ippo",
  "scenario": "minimal_specialization",
  "seeds": [
    42,
    43,
    44,
    45
  ],
  "num_iterations": 50,
  "n_seeds_completed": 4,
  "n_seeds_failed": 0,
  "failed_seeds": [],
  "gap_closed_mean": -0.1079593217449233,
  "gap_closed_std": 0.03755142402268424,
  "gap_closed_per_seed": [
    -0.11592228050219074,
    -0.05031205895053923,
    -0.11022319735844278,
    -0.15537975016852046
  ],
  "trailing5_team_mean": -94.12630615234374,
  "iter0_gap_closed_mean": -0.04752957993659422,
  "min_iter_gap_closed_mean": -0.4002806917762049,
  "mean_traj_gap_closed": [
    -0.04752957993659422,
    -0.07699699131856674,
    -0.20944451466127403,
    -0.035246434740478616,
    -0.11273557472036148,
    -0.08212336844613669,
    -0.1375199212825455,
    -0.06994822276815808,
    -0.181443839592286,
    -0.12862281812173493,
    -0.13961819763492164,
    -0.17452672759732055,
    -0.08514221211977588,
    -0.2089826881503834,
    -0.1463923388392105,
    -0.13025926796322043,
    -0.1326702286347742,
    -0.1510764322258384,
    -0.24940227923828784,
    -0.0870070037996082,
    -0.11298757359601451,
    -0.12260673067808393,
    -0.07678304941597154,
    -0.09382331624431245,
    -0.1663681354271992,
    -0.1097733022228893,
    -0.15491710080415824,
    -0.132461429566376,
    -0.13214771668035896,
    -0.14701153607652934,
    -0.11756778173186301,
    -0.14316572466401248,
    -0.10729445613993513,
    -0.19140036659767865,
    -0.09026961781418522,
    0.041611165200012616,
    -0.18242303522339484,
    -0.11525556347689166,
    -0.11813863632773004,
    -0.14112299092096395,
    -0.26022074525509775,
    -0.041693491689838234,
    -0.09402388677799546,
    -0.15010546512944473,
    -0.08050851850827857,
    -0.19021031476449277,
    -0.06139363236486773,
    -0.07224089825318084,
    -0.21111490720845974,
    -0.004836856133615624
  ],
  "verdict_tier": "insufficient",
  "verdict_reason": "gap_closed_mean = -0.108 < 0.2",
  "command_invoked": "/home/sphere/GitHub/bucket-brigade/.venv/bin/python3 -m experiments.p3_specialization.train --scenario minimal_specialization --algorithm ppo --lambda-red 0.0 --seed 42 --output-dir experiments/p3_specialization/phase_diagram_ppo_v2/cell_b0.10_k0.30_c1.00/seed_42 --num-iterations 50 --rollout-steps 2048 --prob-fire-spreads-to-neighbor 0.1 --prob-solo-agent-extinguishes-fire 0.3 --cost-to-work-one-night 1.0 && /home/sphere/GitHub/bucket-brigade/.venv/bin/python3 -m experiments.p3_specialization.train --scenario minimal_specialization --algorithm ppo --lambda-red 0.0 --seed 43 --output-dir experiments/p3_specialization/phase_diagram_ppo_v2/cell_b0.10_k0.30_c1.00/seed_43 --num-iterations 50 --rollout-steps 2048 --prob-fire-spreads-to-neighbor 0.1 --prob-solo-agent-extinguishes-fire 0.3 --cost-to-work-one-night 1.0 && /home/sphere/GitHub/bucket-brigade/.venv/bin/python3 -m experiments.p3_specialization.train --scenario minimal_specialization --algorithm ppo --lambda-red 0.0 --seed 44 --output-dir experiments/p3_specialization/phase_diagram_ppo_v2/cell_b0.10_k0.30_c1.00/seed_44 --num-iterations 50 --rollout-steps 2048 --prob-fire-spreads-to-neighbor 0.1 --prob-solo-agent-extinguishes-fire 0.3 --cost-to-work-one-night 1.0 && /home/sphere/GitHub/bucket-brigade/.venv/bin/python3 -m experiments.p3_specialization.train --scenario minimal_specialization --algorithm ppo --lambda-red 0.0 --seed 45 --output-dir experiments/p3_specialization/phase_diagram_ppo_v2/cell_b0.10_k0.30_c1.00/seed_45 --num-iterations 50 --rollout-steps 2048 --prob-fire-spreads-to-neighbor 0.1 --prob-solo-agent-extinguishes-fire 0.3 --cost-to-work-one-night 1.0",
  "git_sha": "0a9448d7",
  "wall_clock_seconds": 475.81673393398523,
  "cell": {
    "beta": 0.1,
    "kappa": 0.3,
    "c": 1.0,
    "tag": "b0.10_k0.30_c1.00",
    "ne_verdict": "symmetric_only",
    "ne_verdict_detail": "Symmetric NE (-3479.64) dominates best asymmetric NE (-3543.26) by gap=63.63 > epsilon=50.0."
  },
  "rollout_steps": 2048,
  "sweep": "phase_diagram_ppo",
  "gap_closed_homogeneous_mean": 0.0020192506517276456,
  "gap_closed_homogeneous_per_seed": [
    -0.01110521717903461,
    0.09703288429461027,
    -0.0017120461649696359,
    -0.07613861834369544
  ],
  "gap_closed_ne_mean": 0.0072611492029397585,
  "gap_closed_ne_per_seed": [
    -0.03993394222704768,
    0.3489265930665589,
    -0.006156453452437511,
    -0.27379160057531465
  ],
  "baseline_source": "per_cell"
}