{
  "trainer": "ippo",
  "scenario": "minimal_specialization",
  "seeds": [
    42,
    43,
    44,
    45
  ],
  "num_iterations": 200,
  "n_seeds_completed": 4,
  "n_seeds_failed": 0,
  "failed_seeds": [],
  "gap_closed_mean": -0.20025077282398043,
  "gap_closed_std": 0.05742493574517751,
  "gap_closed_per_seed": [
    -0.11417783114256821,
    -0.2755673739256824,
    -0.2107034804726997,
    -0.2005544057549714
  ],
  "trailing5_team_mean": -99.602880859375,
  "iter0_gap_closed_mean": -0.15869811250579288,
  "min_iter_gap_closed_mean": -0.4561246711877528,
  "mean_traj_gap_closed": [
    -0.1586981125057929,
    -0.1707652586656345,
    -0.2121835881545964,
    -0.14974752386933352,
    -0.23948792347331058,
    -0.24968204941860467,
    -0.23637445165044657,
    -0.22538215783777807,
    -0.2210313201071158,
    -0.2566444183545037,
    -0.20097220960513568,
    -0.16931395085524098,
    -0.2515643267347068,
    -0.24509875558223795,
    -0.28638542851575666,
    -0.147946503333544,
    -0.21311032687689585,
    -0.13837054605872937,
    -0.2046009934145391,
    -0.2384891850722531,
    -0.28146682188974553,
    -0.20187014845593193,
    -0.25268340745597406,
    -0.1432932669520981,
    -0.1813862398492796,
    -0.193774298863014,
    -0.1462946249894675,
    -0.24365464773972026,
    -0.17316799080247305,
    -0.20414019547048787,
    -0.22894511336945988,
    -0.20431608040002527,
    -0.21910172871640127,
    -0.288142220677452,
    -0.18720484245976576,
    -0.16775052925935288,
    -0.19894181866415994,
    -0.2685377367184867,
    -0.18361617275709893,
    -0.2750115364056707,
    -0.23742153269295585,
    -0.17305381988329963,
    -0.2012488940849343,
    -0.24451144391694052,
    -0.2472392031750295,
    -0.23080476221509522,
    -0.24459990066512893,
    -0.17962739055390547,
    -0.1620193548302157,
    -0.21722767993501432,
    -0.24478812839673914,
    -0.1832890885021697,
    -0.2182562467744144,
    -0.25869435206542807,
    -0.2798036293104356,
    -0.19615851679674334,
    -0.1647059714147287,
    -0.24083020319872767,
    -0.31554838411326674,
    -0.27216343482737193,
    -0.20787903593170712,
    -0.2743583964626517,
    -0.19031522858211156,
    -0.2949461903200834,
    -0.0793616664823475,
    -0.1328810848368512,
    -0.21481157642926357,
    -0.21870161621587464,
    -0.18995214448780334,
    -0.34428859873978346,
    -0.2093180009400278,
    -0.16239581029343614,
    -0.18891843481420628,
    -0.21759179259616196,
    -0.30333723859590916,
    -0.06893097016399143,
    -0.2090824591338052,
    -0.16456402919089147,
    -0.2527091216269591,
    -0.09744798578635828,
    -0.22971242423165233,
    -0.19580057553663213,
    -0.23483160139134648,
    -0.20713949637417847,
    -0.22348342345224553,
    -0.2091554873794026,
    -0.144925602526226,
    -0.09633816216664562,
    -0.13305491263270983,
    -0.2567297894021739,
    -0.22038023729777553,
    -0.21033936781155207,
    -0.2871259966401247,
    -0.24689874755118807,
    -0.1956000050029491,
    -0.20553184640419617,
    -0.1940756689469582,
    -0.11795143716295924,
    -0.24656960616258006,
    -0.18383114322653354,
    -0.17574763643568841,
    -0.1892784332079963,
    -0.25879309448201043,
    -0.21643054063447928,
    -0.17688214565954669,
    -0.24299739352934363,
    -0.2380181014598079,
    -0.19637348726617795,
    -0.22812637416529744,
    -0.18414999894674758,
    -0.2978128061014914,
    -0.23141470235085945,
    -0.1844997116721436,
    -0.23993637861528902,
    -0.18989351617795755,
    -0.1832860028016515,
    -0.157405203988667,
    -0.16695441852565723,
    -0.062133171922396375,
    -0.17962841912074487,
    -0.22153428929158242,
    -0.2287157429642737,
    -0.35706031318461406,
    -0.21015628291413888,
    -0.2197589829267779,
    -0.21394140888313112,
    -0.17010594732157905,
    -0.16129730090895686,
    -0.20902074512344118,
    -0.18432896957680317,
    -0.24378630429516346,
    -0.18959523179453153,
    -0.22312033935793732,
    -0.22307508241700372,
    -0.20350556973057804,
    -0.23013722233632458,
    -0.23759433192197507,
    -0.22769951892694643,
    -0.257768641909968,
    -0.22913334110107011,
    -0.21570025817850524,
    -0.18847615107326424,
    -0.2306083059487698,
    -0.17766179932381193,
    -0.1908603690069936,
    -0.15921959589336873,
    -0.20114192313363669,
    -0.21881064430085104,
    -0.3142616469971773,
    -0.27124698177346646,
    -0.19465989491173746,
    -0.23554748391156893,
    -0.24889828148698181,
    -0.17484764045121334,
    -0.21600059969561006,
    -0.1831049750379171,
    -0.1892105477965959,
    -0.2240727922512218,
    -0.2105985666550809,
    -0.22330548138902934,
    -0.2119789033535558,
    -0.2771859267041625,
    -0.22925676912179813,
    -0.18810792414475902,
    -0.23136327400888945,
    -0.2598257755887681,
    -0.23757581771886585,
    -0.21604585663654366,
    -0.22148286094961242,
    -0.2259139268937479,
    -0.1951165785884311,
    -0.20556681767673576,
    -0.175571751506151,
    -0.15137368804242501,
    -0.18400085675503455,
    -0.23845832806707112,
    -0.12467826429263568,
    -0.16567282424376475,
    -0.21914801422417426,
    -0.133052855499031,
    -0.26336198838262553,
    -0.2120632458343866,
    -0.22489358858906303,
    -0.21596151415571285,
    -0.2884014195209808,
    -0.19475658019464107,
    -0.17133199899414392,
    -0.23572234027426694,
    -0.2229166831237361,
    -0.2320133282513903,
    -0.2260332406471183,
    -0.20546396099279576,
    -0.2882183346235676,
    -0.24361556219982305,
    -0.2537798597067745,
    -0.22535232939943547,
    -0.27962363011354063,
    -0.17325747611750086,
    -0.16441385843233908,
    -0.15860657005708628
  ],
  "verdict_tier": "insufficient",
  "verdict_reason": "gap_closed_mean = -0.200 < 0.2",
  "command_invoked": "/home/sphere/GitHub/bucket-brigade/.venv/bin/python3 -m experiments.p3_specialization.train --scenario minimal_specialization --algorithm ppo --lambda-red 0.0 --seed 42 --output-dir experiments/p3_specialization/phase_diagram_ppo_longbudget/cell_b0.90_k0.10_c0.50/seed_42 --num-iterations 200 --rollout-steps 4096 --prob-fire-spreads-to-neighbor 0.9 --prob-solo-agent-extinguishes-fire 0.1 --cost-to-work-one-night 0.5 && /home/sphere/GitHub/bucket-brigade/.venv/bin/python3 -m experiments.p3_specialization.train --scenario minimal_specialization --algorithm ppo --lambda-red 0.0 --seed 43 --output-dir experiments/p3_specialization/phase_diagram_ppo_longbudget/cell_b0.90_k0.10_c0.50/seed_43 --num-iterations 200 --rollout-steps 4096 --prob-fire-spreads-to-neighbor 0.9 --prob-solo-agent-extinguishes-fire 0.1 --cost-to-work-one-night 0.5 && /home/sphere/GitHub/bucket-brigade/.venv/bin/python3 -m experiments.p3_specialization.train --scenario minimal_specialization --algorithm ppo --lambda-red 0.0 --seed 44 --output-dir experiments/p3_specialization/phase_diagram_ppo_longbudget/cell_b0.90_k0.10_c0.50/seed_44 --num-iterations 200 --rollout-steps 4096 --prob-fire-spreads-to-neighbor 0.9 --prob-solo-agent-extinguishes-fire 0.1 --cost-to-work-one-night 0.5 && /home/sphere/GitHub/bucket-brigade/.venv/bin/python3 -m experiments.p3_specialization.train --scenario minimal_specialization --algorithm ppo --lambda-red 0.0 --seed 45 --output-dir experiments/p3_specialization/phase_diagram_ppo_longbudget/cell_b0.90_k0.10_c0.50/seed_45 --num-iterations 200 --rollout-steps 4096 --prob-fire-spreads-to-neighbor 0.9 --prob-solo-agent-extinguishes-fire 0.1 --cost-to-work-one-night 0.5",
  "git_sha": "0a9448d7",
  "wall_clock_seconds": 3698.1586169633083,
  "cell": {
    "beta": 0.9,
    "kappa": 0.1,
    "c": 0.5,
    "tag": "b0.90_k0.10_c0.50",
    "ne_verdict": "no_convergence",
    "ne_verdict_detail": "No restart converged within max_iterations (20 attempted). Likely needs more iterations or a tighter epsilon. Compute budget?"
  },
  "rollout_steps": 4096,
  "sweep": "phase_diagram_ppo",
  "gap_closed_homogeneous_mean": -0.05836144782864609,