{
  "scenario": "early_containment",
  "strategies": {
    "best_heuristic": [
      0.9,
      0.6,
      0.7,
      0.6,
      0.8,
      1.0,
      0.05,
      0.0,
      0.2,
      0.6
    ],
    "evolved": [
      0.8642857602602064,
      0.8598724007606506,
      0.18973711133003235,
      0.9605182409286499,
      0.6197545757781157,
      0.20839806549748868,
      0.0,
      0.2602277994155884,
      0.45687609910964966,
      0.6210326552391052
    ]
  },
  "tournament": {
    "best_heuristic": {
      "mean_payoff": 47.95,
      "std_payoff": 19.838976788130985,
      "payoffs": [
        64.0,
        30.5,
        54.75,
        66.5,
        35.75,
        13.0,
        54.25,
        75.75,
        23.25,
        61.75
      ]
    },
    "evolved": {
      "mean_payoff": 46.125,
      "std_payoff": 26.633684029814575,
      "payoffs": [
        10.75,
        54.0,
        65.5,
        67.5,
        97.0,
        12.0,
        25.5,
        46.5,
        60.25,
        22.25
      ]
    }
  },
  "distances": {
    "best_heuristic_vs_evolved": 1.1202316882338788
  },
  "ranking": [
    {
      "name": "best_heuristic",
      "mean_payoff": 47.95,
      "std_payoff": 19.838976788130985
    },
    {
      "name": "evolved",
      "mean_payoff": 46.125,
      "std_payoff": 26.633684029814575
    }
  ],
  "insights": {}
}