{
  "scenario": "early_containment",
  "strategies": {
    "best_heuristic": [
      0.9,
      0.6,
      0.7,
      0.6,
      0.8,
      1.0,
      0.05,
      0.0,
      0.2,
      0.6
    ],
    "evolved": [
      1.0,
      0.674555681992538,
      0.050095007810275885,
      0.01886790242605591,
      1.0,
      0.0654237555435562,
      0.0,
      0.0,
      0.3256225662342126,
      0.0
    ],
    "nash_strategy_1": [
      0.7,
      0.2,
      0.0,
      0.9,
      0.0,
      0.0,
      0.1,
      0.0,
      0.9,
      0.0
    ],
    "nash_strategy_2": [
      0.6999998881218165,
      0.19999996803480474,
      0.0,
      0.8999998561566213,
      0.0,
      0.0,
      0.09999998401740237,
      0.0,
      0.8999998561566213,
      0.0
    ]
  },
  "tournament": {
    "best_heuristic": {
      "mean_payoff": 46.9125,
      "std_payoff": 27.042937502238914,
      "payoffs": [
        61.5,
        63.75,
        33.0,
        66.5,
        5.0,
        14.0,
        26.25,
        47.75,
        75.75,
        59.25,
        35.0,
        55.5,
        34.75,
        5.5,
        68.25,
        94.75,
        14.75,
        19.5,
        60.5,
        97.0
      ]
    },
    "evolved": {
      "mean_payoff": 68.8,
      "std_payoff": 26.343950918569522,
      "payoffs": [
        67.0,
        67.0,
        68.75,
        103.0,
        8.5,
        99.5,
        68.75,
        51.0,
        97.75,
        88.0,
        38.5,
        36.25,
        38.5,
        42.5,
        99.5,
        88.0,
        68.75,
        53.5,
        91.75,
        99.5
      ]
    },
    "nash_strategy_1": {
      "mean_payoff": 32.975,
      "std_payoff": 22.32555990339324,
      "payoffs": [
        45.0,
        32.0,
        28.25,
        69.0,
        7.75,
        16.25,
        58.25,
        80.0,
        52.5,
        40.5,
        37.0,
        57.25,
        5.0,
        -13.75,
        37.25,
        24.25,
        17.0,
        22.25,
        24.75,
        19.0
      ]
    },
    "nash_strategy_2": {
      "mean_payoff": 23.25,
      "std_payoff": 23.95490555189062,
      "payoffs": [
        12.0,
        33.25,
        56.75,
        68.25,
        8.0,
        -13.25,
        26.5,
        18.5,
        26.0,
        15.5,
        38.0,
        25.5,
        5.5,
        -39.75,
        4.5,
        57.75,
        34.75,
        22.25,
        26.0,
        39.0
      ]
    }
  },
  "distances": {
    "best_heuristic_vs_evolved": 1.437832865555232,
    "best_heuristic_vs_nash_strategy_1": 1.8090052515125543,
    "best_heuristic_vs_nash_strategy_2": 1.8090051909926814,
    "evolved_vs_nash_strategy_1": 1.5615044292933553,
    "evolved_vs_nash_strategy_2": 1.561504325399365,
    "nash_strategy_1_vs_nash_strategy_2": 2.3489525390311466e-07
  },
  "ranking": [
    {
      "name": "evolved",
      "mean_payoff": 68.8,
      "std_payoff": 26.343950918569522
    },
    {
      "name": "best_heuristic",
      "mean_payoff": 46.9125,
      "std_payoff": 27.042937502238914
    },
    {
      "name": "nash_strategy_1",
      "mean_payoff": 32.975,
      "std_payoff": 22.32555990339324
    },
    {
      "name": "nash_strategy_2",
      "mean_payoff": 23.25,
      "std_payoff": 23.95490555189062
    }
  ],
  "insights": {
    "evolution_vs_nash": {
      "evolved_payoff": 68.8,
      "best_nash_payoff": 32.975,
      "gap": 35.824999999999996
    }
  }
}