{
  "schema_version": 2,
  "trainer": "influence",
  "scenario": "minimal_specialization",
  "seeds": [
    42,
    43,
    44
  ],
  "num_iterations": 50,
  "n_seeds_completed": 3,
  "n_seeds_failed": 0,
  "failed_seeds": [],
  "gap_closed_mean": 0.11966889692871581,
  "gap_closed_std": 0.03573539489457578,
  "gap_closed_per_seed": [
    0.14754881825075822,
    0.14223318482473868,
    0.06922468771065056
  ],
  "gap_source": "scenario",
  "scenario_random_baseline": -87.72,
  "scenario_reference": {
    "value": -28.38,
    "kind": "specialist_homogeneous",
    "reason": null,
    "provenance": "MINSPEC_RANDOM (issue #237 / PR #244, n=1000x5 seeds) and MINSPEC_SPECIALIST (issue #416 re-derivation, n=10000 at the canonical cell b=0.25 k=0.50 c=0.50)."
  },
  "uplift_over_random_mean": 7.101152343749997,
  "uplift_over_random_std": 2.1205383330441268,
  "uplift_over_random_per_seed": [
    8.755546874999993,
    8.440117187499993,
    4.1077929687500045
  ],
  "gap_closed_minspec_legacy_mean": 0.11966889692871581,
  "trailing5_team_mean": -80.61884765625,
  "iter0_gap_closed_mean": -0.004468972060723539,
  "min_iter_gap_closed_mean": -0.17665380382119988,
  "mean_traj_gap_closed": [
    -0.004468972060723453,
    -0.016526518263397388,
    -0.021181126067295747,
    0.1869212597250308,
    0.05792800668464223,
    0.07591284072716546,
    0.021659368504943165,
    0.15530997219413548,
    0.08832421392259303,
    0.04922495980086497,
    -0.08901990910431413,
    -0.01409087198769803,
    0.07213320044798327,
    0.0032795647960903074,
    0.03463028206100436,
    0.0054080124424221,
    0.08656879318335016,
    0.10149261231181879,
    0.04844599184782607,
    0.1610891464091114,
    0.052883914904224304,
    0.04202224908015959,
    0.2083812782622738,
    -0.013775444823615262,
    0.09455321470199983,
    -0.039758414609313654,
    0.11184685182844621,
    0.0026514533128299198,
    -0.04849711847685663,
    0.014832427536231863,
    0.10423820006179087,
    0.06861687327968773,
    0.09138248599174248,
    0.08812672908942822,
    0.21895220252640157,
    0.1273960395952701,
    0.01373254672930014,
    0.18623829134366915,
    0.03948511754297268,
    0.06431883531344791,
    -0.09078081553336705,
    -0.002760179684866888,
    0.0740586775713402,
    0.047027941031906426,
    -0.06578252706858781,
    0.18599966383692831,
    0.04936210204611847,
    0.1246120520166274,
    0.14624212693798447,
    0.09212853980592058
  ],
  "verdict_tier": "insufficient",
  "verdict_reason": "gap_closed_mean = 0.120 < 0.2",
  "command_invoked": "/Users/rwalters/GitHub/bucket-brigade/.venv/bin/python3 -m experiments.p3_specialization.train --scenario minimal_specialization --lambda-red 0.0 --seed 42 --output-dir /Users/rwalters/GitHub/bucket-brigade/experiments/p3_specialization/tier1_runs/influence_minimal_specialization/seed_42 --num-iterations 50 --rollout-steps 2048 --influence-coef 0.5 && /Users/rwalters/GitHub/bucket-brigade/.venv/bin/python3 -m experiments.p3_specialization.train --scenario minimal_specialization --lambda-red 0.0 --seed 43 --output-dir /Users/rwalters/GitHub/bucket-brigade/experiments/p3_specialization/tier1_runs/influence_minimal_specialization/seed_43 --num-iterations 50 --rollout-steps 2048 --influence-coef 0.5 && /Users/rwalters/GitHub/bucket-brigade/.venv/bin/python3 -m experiments.p3_specialization.train --scenario minimal_specialization --lambda-red 0.0 --seed 44 --output-dir /Users/rwalters/GitHub/bucket-brigade/experiments/p3_specialization/tier1_runs/influence_minimal_specialization/seed_44 --num-iterations 50 --rollout-steps 2048 --influence-coef 0.5",
  "git_sha": "734bec7e",
  "wall_clock_seconds": 3292.407260000007
}