{
  "trainer": "influence",
  "scenario": "minimal_specialization",
  "seeds": [
    42,
    43,
    44
  ],
  "num_iterations": 50,
  "n_seeds_completed": 3,
  "n_seeds_failed": 0,
  "failed_seeds": [],
  "gap_closed_mean": 0.10816682930312256,
  "gap_closed_std": 0.032300660061601316,
  "gap_closed_per_seed": [
    0.1333670506473723,
    0.1285623333968011,
    0.06257110386519428
  ],
  "trailing5_team_mean": -80.61884765625,
  "iter0_gap_closed_mean": -0.004039433390454451,
  "min_iter_gap_closed_mean": -0.15967458825209443,
  "mean_traj_gap_closed": [
    -0.004039433390454375,
    -0.014938059310738782,
    -0.019145285922822997,
    0.16895517977278487,
    0.052360211982736785,
    0.06861641993526274,
    0.019577561722518313,
    0.14038223533891847,
    0.07983486449606504,
    0.044493665111703384,
    -0.08046369240289415,
    -0.012736517041127205,
    0.06520006267453658,
    0.0029643469154607594,
    0.03130176599390706,
    0.004888217187103236,
    0.07824816736481338,
    0.09173757219471937,
    0.043789568259710566,
    0.14560593980071088,
    0.04780093694465606,
    0.037983248445036866,
    0.18835255220233552,
    -0.012451407400355365,
    0.08546516009774059,
    -0.03593700415714657,
    0.10109660605483622,
    0.002396606848184729,
    -0.043835780813658375,
    0.013406797410510263,
    0.0942192656765677,
    0.0620217099834984,
    0.08259918840441734,
    0.07965636106879924,
    0.19790744398959131,
    0.1151512717377506,
    0.012412632489210514,
    0.1683378554201573,
    0.03568997524752473,
    0.05813678122619952,
    -0.0820553479626809,
    -0.002494882901751731,
    0.06694047109037818,
    0.04250781448337132,
    -0.05945978912795127,
    0.1681221637788778,
    0.04461762582508256,
    0.11263486925615643,
    0.132185952970297,
    0.0832735346851992
  ],
  "verdict_tier": "insufficient",
  "verdict_reason": "gap_closed_mean = 0.108 < 0.2",
  "command_invoked": "/Users/rwalters/GitHub/bucket-brigade/.venv/bin/python3 -m experiments.p3_specialization.train --scenario minimal_specialization --lambda-red 0.0 --seed 42 --output-dir /Users/rwalters/GitHub/bucket-brigade/experiments/p3_specialization/tier1_runs/influence_minimal_specialization/seed_42 --num-iterations 50 --rollout-steps 2048 --influence-coef 0.5 && /Users/rwalters/GitHub/bucket-brigade/.venv/bin/python3 -m experiments.p3_specialization.train --scenario minimal_specialization --lambda-red 0.0 --seed 43 --output-dir /Users/rwalters/GitHub/bucket-brigade/experiments/p3_specialization/tier1_runs/influence_minimal_specialization/seed_43 --num-iterations 50 --rollout-steps 2048 --influence-coef 0.5 && /Users/rwalters/GitHub/bucket-brigade/.venv/bin/python3 -m experiments.p3_specialization.train --scenario minimal_specialization --lambda-red 0.0 --seed 44 --output-dir /Users/rwalters/GitHub/bucket-brigade/experiments/p3_specialization/tier1_runs/influence_minimal_specialization/seed_44 --num-iterations 50 --rollout-steps 2048 --influence-coef 0.5",
  "git_sha": "734bec7e",
  "wall_clock_seconds": 3292.407260000007
}