{
  "scenario": "greedy_neighbor",
  "fitness": 70.0,
  "generation": 2500,
  "genome": [
    0.6971615552902222,
    0.0,
    0.7351320385932922,
    0.7515122294425964,
    0.3281692862510681,
    0.815967321395874,
    0.4322204887866974,
    0.022038482129573822,
    0.8323236703872681,
    0.1086265817284584
  ],
  "parameters": {
    "honesty": 0.6971615552902222,
    "work_tendency": 0.0,
    "neighbor_help": 0.7351320385932922,
    "own_priority": 0.7515122294425964,
    "risk_aversion": 0.3281692862510681,
    "coordination": 0.815967321395874,
    "exploration": 0.4322204887866974,
    "fatigue_memory": 0.022038482129573822,
    "rest_bias": 0.8323236703872681,
    "altruism": 0.1086265817284584
  }
}