{
  "trainer": "ippo",
  "scenario": "minimal_specialization",
  "seeds": [
    42,
    43,
    44,
    45
  ],
  "num_iterations": 50,
  "n_seeds_completed": 4,
  "n_seeds_failed": 0,
  "failed_seeds": [],
  "gap_closed_mean": 0.2061001314975247,
  "gap_closed_std": 0.19262878807209274,
  "gap_closed_per_seed": [
    0.4285343678598628,
    0.3188975628332064,
    0.16102615670220868,
    -0.08405756140517907
  ],
  "trailing5_team_mean": -74.1895263671875,
  "iter0_gap_closed_mean": 0.2598530916793602,
  "min_iter_gap_closed_mean": -0.059549040841584175,
  "mean_traj_gap_closed": [
    0.2598530916793602,
    0.16663897384329776,
    0.11848767433834727,
    0.2619876951637471,
    0.11954753843773798,
    0.1742904488766184,
    0.1629164336205255,
    0.21811118085967246,
    0.08716032285319876,
    0.1877377070639756,
    0.19534455624047978,
    0.13726586300456967,
    0.18574813761424216,
    0.13135851520849198,
    0.13718776775514088,
    0.2188103192831302,
    0.1435116235481721,
    0.10664322817498094,
    0.14828659022753235,
    0.2493957658987052,
    0.11935230031416601,
    0.19831031630807308,
    0.2119992978865194,
    0.15638618323971817,
    0.19570714132711345,
    0.16170223843297787,
    0.242179392969345,
    0.17456006342821778,
    0.15457697662795122,
    0.253564564689642,
    0.22460796184786744,
    0.2204466006997334,
    0.21762401525609287,
    0.3185974539461157,
    0.3001037551170982,
    0.24851998345868237,
    0.23462832611386134,
    0.16421616170030462,
    0.23713109291698398,
    0.1404045482673267,
    0.15756690903465342,
    0.2740850211824067,
    0.20699376428027413,
    0.0840737010900609,
    0.1542757520944402,
    0.26130343202589484,
    0.23174066129569684,
    0.20882342440974863,
    0.23353871144325966,
    0.09509442831302359
  ],
  "verdict_tier": "partial_lower",
  "verdict_reason": "0.2 <= gap_closed_mean < 0.49",
  "command_invoked": "/home/sphere/GitHub/bucket-brigade/.venv/bin/python3 -m experiments.p3_specialization.train --scenario minimal_specialization --algorithm ppo --lambda-red 0.0 --seed 42 --output-dir experiments/p3_specialization/phase_diagram_ppo/cell_b0.90_k0.90_c0.50/seed_42 --num-iterations 50 --rollout-steps 2048 --prob-fire-spreads-to-neighbor 0.9 --prob-solo-agent-extinguishes-fire 0.9 --cost-to-work-one-night 0.5 && /home/sphere/GitHub/bucket-brigade/.venv/bin/python3 -m experiments.p3_specialization.train --scenario minimal_specialization --algorithm ppo --lambda-red 0.0 --seed 43 --output-dir experiments/p3_specialization/phase_diagram_ppo/cell_b0.90_k0.90_c0.50/seed_43 --num-iterations 50 --rollout-steps 2048 --prob-fire-spreads-to-neighbor 0.9 --prob-solo-agent-extinguishes-fire 0.9 --cost-to-work-one-night 0.5 && /home/sphere/GitHub/bucket-brigade/.venv/bin/python3 -m experiments.p3_specialization.train --scenario minimal_specialization --algorithm ppo --lambda-red 0.0 --seed 44 --output-dir experiments/p3_specialization/phase_diagram_ppo/cell_b0.90_k0.90_c0.50/seed_44 --num-iterations 50 --rollout-steps 2048 --prob-fire-spreads-to-neighbor 0.9 --prob-solo-agent-extinguishes-fire 0.9 --cost-to-work-one-night 0.5 && /home/sphere/GitHub/bucket-brigade/.venv/bin/python3 -m experiments.p3_specialization.train --scenario minimal_specialization --algorithm ppo --lambda-red 0.0 --seed 45 --output-dir experiments/p3_specialization/phase_diagram_ppo/cell_b0.90_k0.90_c0.50/seed_45 --num-iterations 50 --rollout-steps 2048 --prob-fire-spreads-to-neighbor 0.9 --prob-solo-agent-extinguishes-fire 0.9 --cost-to-work-one-night 0.5",
  "git_sha": "d65c90c9",
  "wall_clock_seconds": 471.2551628559886,
  "cell": {
    "beta": 0.9,
    "kappa": 0.9,
    "c": 0.5,
    "tag": "b0.90_k0.90_c0.50",
    "ne_verdict": "asymmetric_only",
    "ne_verdict_detail": "All 14 converged restarts produced asymmetric profiles; best asymmetric team payoff = 72.01."
  },
  "rollout_steps": 2048,
  "sweep": "phase_diagram_ppo"
}