{
  "n_steps": 265,
  "n_agents": 4,
  "magnitudes": {
    "mean_abs_team": 73.05660377358491,
    "mean_abs_ownership_per_agent": 12.60377358490566,
    "mean_abs_work_per_agent": 0.5
  },
  "ratios": {
    "team_over_ownership": {
      "median": 3.0,
      "p75": 8.0,
      "p95": 8.0,
      "n": 171
    },
    "team_over_work_cost": {
      "median": 160.0,
      "p75": 200.0,
      "p95": 200.0,
      "n": 265
    },
    "frac_steps_ownership_zero": 0.35471698113207545
  },
  "pairwise_corr": [
    [
      1.0,
      0.7558995101272177,
      0.8059060811315234,
      0.7598113564091397
    ],
    [
      0.7558995101272177,
      1.0,
      0.7145144195940472,
      0.7451270757404365
    ],
    [
      0.8059060811315233,
      0.7145144195940472,
      1.0,
      0.762830014766811
    ],
    [
      0.7598113564091397,
      0.7451270757404364,
      0.762830014766811,
      1.0
    ]
  ],
  "mean_off_diag_corr": 0.7573480762948624,
  "min_off_diag_corr": 0.7145144195940472,
  "team_var": 580.4684941260234,
  "mean_per_agent_var": 1583.6987255250976,
  "team_share_lower_bound_on_corr": 0.3665270955708832,
  "scenario": "default"
}