{
  "n_steps": 265,
  "n_agents": 4,
  "magnitudes": {
    "mean_abs_team": 73.05660377358491,
    "mean_abs_ownership_per_agent": 12.60377358490566,
    "mean_abs_work_per_agent": 0.6320754716981132
  },
  "ratios": {
    "team_over_ownership": {
      "median": 3.0,
      "p75": 8.0,
      "p95": 8.0,
      "n": 171
    },
    "team_over_work_cost": {
      "median": 120.0,
      "p75": 148.14814814814815,
      "p95": 180.0,
      "n": 265
    },
    "frac_steps_ownership_zero": 0.35471698113207545
  },
  "pairwise_corr": [
    [
      1.0,
      0.7555672578962892,
      0.8059394474973867,
      0.7600270818484157
    ],
    [
      0.7555672578962892,
      0.9999999999999999,
      0.7142071785008107,
      0.7451452562900553
    ],
    [
      0.8059394474973868,
      0.7142071785008107,
      1.0,
      0.762816146677914
    ],
    [
      0.7600270818484157,
      0.7451452562900555,
      0.7628161466779139,
      1.0
    ]
  ],
  "mean_off_diag_corr": 0.7572837281184785,
  "min_off_diag_corr": 0.7142071785008107,
  "team_var": 580.4684941260234,
  "mean_per_agent_var": 1583.7118072737348,
  "team_share_lower_bound_on_corr": 0.3665240679901637,
  "scenario": "positional_default"
}