{
  "n_steps": 265,
  "n_agents": 4,
  "magnitudes": {
    "mean_abs_team": 7.305660377358491,
    "mean_abs_ownership_per_agent": 31.50943396226415,
    "mean_abs_work_per_agent": 0.5
  },
  "ratios": {
    "team_over_ownership": {
      "median": 0.12,
      "p75": 0.32,
      "p95": 0.32,
      "n": 171
    },
    "team_over_work_cost": {
      "median": 16.0,
      "p75": 20.0,
      "p95": 20.0,
      "n": 265
    },
    "frac_steps_ownership_zero": 0.35471698113207545
  },
  "pairwise_corr": [
    [
      0.9999999999999999,
      0.21367094593171965,
      0.28198039252594503,
      0.10110702632805901
    ],
    [
      0.21367094593171962,
      0.9999999999999999,
      0.043676141184064786,
      0.13150959169234816
    ],
    [
      0.281980392525945,
      0.04367614118406478,
      1.0,
      0.10693440672044688
    ],
    [
      0.101107026328059,
      0.13150959169234816,
      0.10693440672044688,
      1.0
    ]
  ],
  "mean_off_diag_corr": 0.1464797507304306,
  "min_off_diag_corr": 0.04367614118406478,
  "team_var": 5.804684941260235,
  "mean_per_agent_var": 2888.3572872908526,
  "team_share_lower_bound_on_corr": 0.00200968383198353,
  "scenario": "minimal_specialization"
}