{
  "n_steps": 265,
  "n_agents": 4,
  "magnitudes": {
    "mean_abs_team": 73.05660377358491,
    "mean_abs_ownership_per_agent": 0.630188679245283,
    "mean_abs_work_per_agent": 0.5
  },
  "ratios": {
    "team_over_ownership": {
      "median": 60.0,
      "p75": 160.0,
      "p95": 160.0,
      "n": 171
    },
    "team_over_work_cost": {
      "median": 160.0,
      "p75": 200.0,
      "p95": 200.0,
      "n": 265
    },
    "frac_steps_ownership_zero": 0.35471698113207545
  },
  "pairwise_corr": [
    [
      1.0,
      0.9977493544651398,
      0.9984420748181303,
      0.9981994128301844
    ],
    [
      0.9977493544651398,
      1.0,
      0.9975680699326052,
      0.998018502073106
    ],
    [
      0.9984420748181303,
      0.9975680699326052,
      1.0,
      0.9983107969419059
    ],
    [
      0.9981994128301844,
      0.998018502073106,
      0.9983107969419059,
      0.9999999999999999
    ]
  ],
  "mean_off_diag_corr": 0.9980480351768453,
  "min_off_diag_corr": 0.9975680699326052,
  "team_var": 580.4684941260234,
  "mean_per_agent_var": 609.4056461374157,
  "team_share_lower_bound_on_corr": 0.9525157796045965
}