{
  "scenario": "trivial_cooperation",
  "strategies": {
    "best_heuristic": [
      0.9,
      0.6,
      0.7,
      0.6,
      0.8,
      1.0,
      0.05,
      0.0,
      0.2,
      0.6
    ],
    "evolved": [
      0.5201295155757455,
      0.7551446557044983,
      0.35647669434547424,
      0.6924539804458618,
      0.9491265468814459,
      0.7148098349571228,
      0.2960223853588104,
      0.22940528392791748,
      0.8880606889724731,
      0.8515665028030001
    ]
  },
  "tournament": {
    "best_heuristic": {
      "mean_payoff": 118.825,
      "std_payoff": 15.90049134460945,
      "payoffs": [
        132.0,
        131.75,
        130.75,
        133.5,
        99.0,
        132.25,
        99.5,
        130.5,
        99.25,
        99.75
      ]
    },
    "evolved": {
      "mean_payoff": 109.35,
      "std_payoff": 14.976314633447041,
      "payoffs": [
        131.75,
        101.25,
        98.75,
        101.25,
        98.75,
        132.5,
        99.5,
        132.25,
        97.5,
        100.0
      ]
    }
  },
  "distances": {
    "best_heuristic_vs_evolved": 1.0238977594535223
  },
  "ranking": [
    {
      "name": "best_heuristic",
      "mean_payoff": 118.825,
      "std_payoff": 15.90049134460945
    },
    {
      "name": "evolved",
      "mean_payoff": 109.35,
      "std_payoff": 14.976314633447041
    }
  ],
  "insights": {}
}