{
  "scenario": "trivial_cooperation",
  "strategies": {
    "best_heuristic": [
      0.9,
      0.6,
      0.7,
      0.6,
      0.8,
      1.0,
      0.05,
      0.0,
      0.2,
      0.6
    ],
    "evolved": [
      1.0,
      0.49355767666632977,
      0.42423917747856044,
      0.07300943075327009,
      0.9467876939416052,
      0.0,
      0.0,
      0.03561004693985575,
      0.03296084855811968,
      0.0
    ],
    "nash_strategy_1": [
      0.7000000379141723,
      0.20000010743981217,
      2.570708960401543e-08,
      0.9000000139306837,
      1.4329647113686809e-07,
      0.0,
      0.10000011907550513,
      1.3661332512609006e-07,
      0.8999999974089545,
      1.364883587374508e-07
    ],
    "nash_strategy_2": [
      0.7000004938882637,
      0.1999996649296722,
      1.8455404318221585e-08,
      0.8999985977802218,
      1.6371064560523942e-06,
      3.8454063893827334e-08,
      0.10000146090452859,
      9.807621902344144e-08,
      0.9000001333257113,
      1.6527473486465554e-06
    ]
  },
  "tournament": {
    "best_heuristic": {
      "mean_payoff": 119.925,
      "std_payoff": 15.214733812985358,
      "payoffs": [
        130.75,
        130.75,
        98.5,
        99.0,
        98.5,
        131.75,
        131.0,
        131.0,
        100.0,
        132.25,
        130.5,
        130.75,
        100.5,
        131.0,
        131.5,
        132.25,
        98.5,
        129.5,
        99.5,
        131.0
      ]
    },
    "evolved": {
      "mean_payoff": 132.2625,
      "std_payoff": 9.754638319794331,
      "payoffs": [
        135.5,
        135.5,
        135.25,
        135.75,
        103.0,
        135.5,
        135.5,
        135.5,
        135.5,
        135.5,
        135.5,
        135.5,
        135.5,
        103.0,
        135.5,
        135.75,
        135.5,
        135.5,
        135.5,
        135.5
      ]
    },
    "nash_strategy_1": {
      "mean_payoff": 107.4,
      "std_payoff": 13.1959747650562,
      "payoffs": [
        101.0,
        99.75,
        101.5,
        134.5,
        100.75,
        101.0,
        100.25,
        101.5,
        99.75,
        133.75,
        100.25,
        133.5,
        102.25,
        102.25,
        101.5,
        100.25,
        100.0,
        100.0,
        133.25,
        101.0
      ]
    },
    "nash_strategy_2": {
      "mean_payoff": 107.4625,
      "std_payoff": 12.681747464367833,
      "payoffs": [
        101.0,
        133.0,
        101.25,
        100.5,
        101.75,
        101.0,
        101.25,
        101.0,
        100.25,
        132.25,
        101.25,
        101.0,
        101.25,
        133.25,
        132.75,
        100.5,
        101.25,
        101.75,
        101.75,
        101.25
      ]
    }
  },
  "distances": {
    "best_heuristic_vs_evolved": 1.3372770244640932,
    "best_heuristic_vs_nash_strategy_1": 1.8090051095756348,
    "best_heuristic_vs_nash_strategy_2": 1.8090038298778126,
    "evolved_vs_nash_strategy_1": 1.6430155043354782,
    "evolved_vs_nash_strategy_2": 1.6430140826366226,
    "nash_strategy_1_vs_nash_strategy_2": 2.9600192948214482e-06
  },
  "ranking": [
    {
      "name": "evolved",
      "mean_payoff": 132.2625,
      "std_payoff": 9.754638319794331
    },
    {
      "name": "best_heuristic",
      "mean_payoff": 119.925,
      "std_payoff": 15.214733812985358
    },
    {
      "name": "nash_strategy_2",
      "mean_payoff": 107.4625,
      "std_payoff": 12.681747464367833
    },
    {
      "name": "nash_strategy_1",
      "mean_payoff": 107.4,
      "std_payoff": 13.1959747650562
    }
  ],
  "insights": {
    "evolution_vs_nash": {
      "evolved_payoff": 132.2625,
      "best_nash_payoff": 107.4625,
      "gap": 24.799999999999983
    }
  }
}
