{
  "trainer": "ippo",
  "scenario": "minimal_specialization",
  "seeds": [
    42,
    43,
    44,
    45
  ],
  "num_iterations": 50,
  "n_seeds_completed": 4,
  "n_seeds_failed": 0,
  "failed_seeds": [],
  "gap_closed_mean": 0.2847466746845509,
  "gap_closed_std": 0.228210073750198,
  "gap_closed_per_seed": [
    0.4539325483969498,
    0.5177950291750926,
    0.23277339800303334,
    -0.06551427683687223
  ],
  "trailing5_team_mean": -70.82313232421875,
  "iter0_gap_closed_mean": 0.2533714775288591,
  "min_iter_gap_closed_mean": -0.07119896004486857,
  "mean_traj_gap_closed": [
    0.2533714775288591,
    0.14348453924155288,
    0.14942759843960648,
    0.28606138881867205,
    0.1069940734801567,
    0.19392237134521398,
    0.17904312344645262,
    0.18083282974700873,
    0.06743025000263311,
    0.1678122021270433,
    0.14496156122293138,
    0.10822423942007918,
    0.12900128957596055,
    0.13640594225280162,
    0.12408885435098582,
    0.16148034466369646,
    0.1707837317260701,
    0.11451803991036819,
    0.10780458414960395,
    0.29506546293078023,
    0.16989299284314963,
    0.27422155593033787,
    0.23419899164244182,
    0.21616204354672225,
    0.2335705373035684,
    0.2322035719740057,
    0.3743648805480072,
    0.17553262482358017,
    0.15836584427399306,
    0.24016879357831983,
    0.26046344588652254,
    0.10483099741689836,
    0.15040267980335775,
    0.1575131623641304,
    0.27487881014071447,
    0.29363678359085355,
    0.22429286441217977,
    0.21929300100585605,
    0.27776188299155286,
    0.1760962794515714,
    0.17624439307644504,
    0.23736492037411525,
    0.25142234336819597,
    0.19328054563742836,
    0.19190329463947167,
    0.23333088122998816,
    0.36591828966285384,
    0.25595626599627147,
    0.33976492063742836,
    0.22876301589621248
  ],
  "verdict_tier": "partial_lower",
  "verdict_reason": "0.2 <= gap_closed_mean < 0.49",
  "command_invoked": "/home/sphere/GitHub/bucket-brigade/.venv/bin/python3 -m experiments.p3_specialization.train --scenario minimal_specialization --algorithm ppo --lambda-red 0.0 --seed 42 --output-dir experiments/p3_specialization/phase_diagram_ppo_v2/cell_b0.10_k0.90_c1.00/seed_42 --num-iterations 50 --rollout-steps 2048 --prob-fire-spreads-to-neighbor 0.1 --prob-solo-agent-extinguishes-fire 0.9 --cost-to-work-one-night 1.0 && /home/sphere/GitHub/bucket-brigade/.venv/bin/python3 -m experiments.p3_specialization.train --scenario minimal_specialization --algorithm ppo --lambda-red 0.0 --seed 43 --output-dir experiments/p3_specialization/phase_diagram_ppo_v2/cell_b0.10_k0.90_c1.00/seed_43 --num-iterations 50 --rollout-steps 2048 --prob-fire-spreads-to-neighbor 0.1 --prob-solo-agent-extinguishes-fire 0.9 --cost-to-work-one-night 1.0 && /home/sphere/GitHub/bucket-brigade/.venv/bin/python3 -m experiments.p3_specialization.train --scenario minimal_specialization --algorithm ppo --lambda-red 0.0 --seed 44 --output-dir experiments/p3_specialization/phase_diagram_ppo_v2/cell_b0.10_k0.90_c1.00/seed_44 --num-iterations 50 --rollout-steps 2048 --prob-fire-spreads-to-neighbor 0.1 --prob-solo-agent-extinguishes-fire 0.9 --cost-to-work-one-night 1.0 && /home/sphere/GitHub/bucket-brigade/.venv/bin/python3 -m experiments.p3_specialization.train --scenario minimal_specialization --algorithm ppo --lambda-red 0.0 --seed 45 --output-dir experiments/p3_specialization/phase_diagram_ppo_v2/cell_b0.10_k0.90_c1.00/seed_45 --num-iterations 50 --rollout-steps 2048 --prob-fire-spreads-to-neighbor 0.1 --prob-solo-agent-extinguishes-fire 0.9 --cost-to-work-one-night 1.0",
  "git_sha": "0a9448d7",
  "wall_clock_seconds": 472.92005541198887,
  "cell": {
    "beta": 0.1,
    "kappa": 0.9,
    "c": 1.0,
    "tag": "b0.10_k0.90_c1.00",
    "ne_verdict": "mixed",
    "ne_verdict_detail": "Symmetric NE (67.37) and asymmetric NE (66.27) both converge within epsilon=50.0 (|gap|=1.10)."
  },
  "rollout_steps": 2048,
  "sweep": "phase_diagram_ppo",
  "gap_closed_homogeneous_mean": 0.07028420101704072,
  "gap_closed_homogeneous_per_seed": [
    0.16117330502703286,
    0.19548115550187642,
    0.04236340333817185,
    -0.11788105979891828
  ],
  "gap_closed_ne_mean": 0.14201767787745884,
  "gap_closed_ne_per_seed": [
    0.32567003941931305,
    0.3949931758696092,
    0.08560034946708243,
    -0.2381928532461693
  ],
  "baseline_source": "per_cell"
}