{
  "trainer": "ippo",
  "scenario": "minimal_specialization",
  "seeds": [
    42,
    43,
    44,
    45
  ],
  "num_iterations": 50,
  "n_seeds_completed": 4,
  "n_seeds_failed": 0,
  "failed_seeds": [],
  "gap_closed_mean": -0.2044991652974385,
  "gap_closed_std": 0.06833397785961812,
  "gap_closed_per_seed": [
    -0.25697253117627233,
    -0.08789095414138853,
    -0.24819762175598253,
    -0.2249355541161106
  ],
  "trailing5_team_mean": -99.85498046875,
  "iter0_gap_closed_mean": -0.14330766688784968,
  "min_iter_gap_closed_mean": -0.5479684899783029,
  "mean_traj_gap_closed": [
    -0.14330766688784968,
    -0.16495488458986352,
    -0.2705454991889956,
    -0.07364900625631952,
    -0.14879815667656726,
    -0.19705234138018202,
    -0.17206845285115438,
    -0.11845337778058647,
    -0.27631575915803,
    -0.14818307370660602,
    -0.24049694754276205,
    -0.2230257112087125,
    -0.2428256228671638,
    -0.27904557554979775,
    -0.2270782645559488,
    -0.2197486972583839,
    -0.17344467528227167,
    -0.21348678234011628,
    -0.39977257975754127,
    -0.16909383755160937,
    -0.21434666421785475,
    -0.1983833068703657,
    -0.1403207087862319,
    -0.1099203872809235,
    -0.26179856678673746,
    -0.1938555556433266,
    -0.24458858642989553,
    -0.2165807113930317,
    -0.3027149556580721,
    -0.24789440025172735,
    -0.15950553747472196,
    -0.1555167552715285,
    -0.20714875347573308,
    -0.2822320756182592,
    -0.11761612437331481,
    -0.11248563297838728,
    -0.2592703494954921,
    -0.19439041039981464,
    -0.2286972287611645,
    -0.1812617832617122,
    -0.3268225052399309,
    -0.17489906879318337,
    -0.22912716970003372,
    -0.24757554453151331,
    -0.184752739114636,
    -0.33947799163190934,
    -0.10148613919784295,
    -0.19188070731167847,
    -0.2590666932612909,
    -0.13058429508447086
  ],
  "verdict_tier": "insufficient",
  "verdict_reason": "gap_closed_mean = -0.204 < 0.2",
  "command_invoked": "/home/sphere/GitHub/bucket-brigade/.venv/bin/python3 -m experiments.p3_specialization.train --scenario minimal_specialization --algorithm ppo --lambda-red 0.0 --seed 42 --output-dir experiments/p3_specialization/phase_diagram_ppo_v2/cell_b0.50_k0.10_c0.50/seed_42 --num-iterations 50 --rollout-steps 2048 --prob-fire-spreads-to-neighbor 0.5 --prob-solo-agent-extinguishes-fire 0.1 --cost-to-work-one-night 0.5 && /home/sphere/GitHub/bucket-brigade/.venv/bin/python3 -m experiments.p3_specialization.train --scenario minimal_specialization --algorithm ppo --lambda-red 0.0 --seed 43 --output-dir experiments/p3_specialization/phase_diagram_ppo_v2/cell_b0.50_k0.10_c0.50/seed_43 --num-iterations 50 --rollout-steps 2048 --prob-fire-spreads-to-neighbor 0.5 --prob-solo-agent-extinguishes-fire 0.1 --cost-to-work-one-night 0.5 && /home/sphere/GitHub/bucket-brigade/.venv/bin/python3 -m experiments.p3_specialization.train --scenario minimal_specialization --algorithm ppo --lambda-red 0.0 --seed 44 --output-dir experiments/p3_specialization/phase_diagram_ppo_v2/cell_b0.50_k0.10_c0.50/seed_44 --num-iterations 50 --rollout-steps 2048 --prob-fire-spreads-to-neighbor 0.5 --prob-solo-agent-extinguishes-fire 0.1 --cost-to-work-one-night 0.5 && /home/sphere/GitHub/bucket-brigade/.venv/bin/python3 -m experiments.p3_specialization.train --scenario minimal_specialization --algorithm ppo --lambda-red 0.0 --seed 45 --output-dir experiments/p3_specialization/phase_diagram_ppo_v2/cell_b0.50_k0.10_c0.50/seed_45 --num-iterations 50 --rollout-steps 2048 --prob-fire-spreads-to-neighbor 0.5 --prob-solo-agent-extinguishes-fire 0.1 --cost-to-work-one-night 0.5",
  "git_sha": "0a9448d7",
  "wall_clock_seconds": 473.0539730860037,
  "cell": {
    "beta": 0.5,
    "kappa": 0.1,
    "c": 0.5,
    "tag": "b0.50_k0.10_c0.50",
    "ne_verdict": "no_convergence",
    "ne_verdict_detail": "No restart converged within max_iterations (20 attempted). Likely needs more iterations or a tighter epsilon. Compute budget?"
  },
  "rollout_steps": 2048,
  "sweep": "phase_diagram_ppo",
  "gap_closed_homogeneous_mean": -0.07846509794204784,
  "gap_closed_homogeneous_per_seed": [
    -0.3267722386996737,
    0.47333200933480185,
    -0.28524883664479983,
    -0.1751713257585197
  ],
  "gap_closed_ne_mean": null,
  "gap_closed_ne_per_seed": [],
  "baseline_source": "per_cell"
}