{
  "trainer": "ippo",
  "scenario": "minimal_specialization",
  "seeds": [
    42,
    43,
    44,
    45
  ],
  "num_iterations": 50,
  "n_seeds_completed": 4,
  "n_seeds_failed": 0,
  "failed_seeds": [],
  "gap_closed_mean": -0.06916136913601703,
  "gap_closed_std": 0.07507933935050982,
  "gap_closed_per_seed": [
    -0.11398775199064703,
    0.05725052399309064,
    -0.08515332064164145,
    -0.1347549279048703
  ],
  "trailing5_team_mean": -91.82403564453125,
  "iter0_gap_closed_mean": -0.08310873547828196,
  "min_iter_gap_closed_mean": -0.4307838699654533,
  "mean_traj_gap_closed": [
    -0.08310873547828194,
    -0.10736645581869314,
    -0.19265933240910432,
    -0.04181074830952985,
    -0.11059204142705174,
    -0.11376722726027975,
    -0.13259514325549798,
    -0.08580255203067072,
    -0.19784639498019888,
    -0.07593653890714527,
    -0.15852017044257669,
    -0.1769664881403775,
    -0.11579556106757669,
    -0.18097069884616196,
    -0.10104591259057973,
    -0.1283636192782061,
    -0.08799854223278987,
    -0.12947447146475818,
    -0.27993220016536063,
    -0.10779536819072297,
    -0.1572735474332238,
    -0.16291420798049377,
    -0.04220468940902007,
    -0.11046758483948434,
    -0.20816600607989974,
    -0.0823043962098711,
    -0.09245737948158916,
    -0.12623962875484498,
    -0.2124664440354314,
    -0.11555590499399647,
    -0.07028764982516011,
    -0.08496324148972027,
    -0.12569757403048112,
    -0.11909931775572971,
    -0.0808602883673534,
    -0.01485921141672988,
    -0.17503998245018118,
    -0.06437339049860973,
    -0.14458000406818758,
    -0.08328873467517696,
    -0.24410721714905628,
    -0.08406735977260281,
    -0.10807102410368219,
    -0.1482026164765546,
    -0.06174334509026375,
    -0.1420415011085482,
    -0.001801555390546025,
    -0.014362413633299648,
    -0.14399577810340833,
    -0.04360559744428296
  ],
  "verdict_tier": "insufficient",
  "verdict_reason": "gap_closed_mean = -0.069 < 0.2",
  "command_invoked": "/home/sphere/GitHub/bucket-brigade/.venv/bin/python3 -m experiments.p3_specialization.train --scenario minimal_specialization --algorithm ppo --lambda-red 0.0 --seed 42 --output-dir experiments/p3_specialization/phase_diagram_ppo_v2/cell_b0.90_k0.30_c1.00/seed_42 --num-iterations 50 --rollout-steps 2048 --prob-fire-spreads-to-neighbor 0.9 --prob-solo-agent-extinguishes-fire 0.3 --cost-to-work-one-night 1.0 && /home/sphere/GitHub/bucket-brigade/.venv/bin/python3 -m experiments.p3_specialization.train --scenario minimal_specialization --algorithm ppo --lambda-red 0.0 --seed 43 --output-dir experiments/p3_specialization/phase_diagram_ppo_v2/cell_b0.90_k0.30_c1.00/seed_43 --num-iterations 50 --rollout-steps 2048 --prob-fire-spreads-to-neighbor 0.9 --prob-solo-agent-extinguishes-fire 0.3 --cost-to-work-one-night 1.0 && /home/sphere/GitHub/bucket-brigade/.venv/bin/python3 -m experiments.p3_specialization.train --scenario minimal_specialization --algorithm ppo --lambda-red 0.0 --seed 44 --output-dir experiments/p3_specialization/phase_diagram_ppo_v2/cell_b0.90_k0.30_c1.00/seed_44 --num-iterations 50 --rollout-steps 2048 --prob-fire-spreads-to-neighbor 0.9 --prob-solo-agent-extinguishes-fire 0.3 --cost-to-work-one-night 1.0 && /home/sphere/GitHub/bucket-brigade/.venv/bin/python3 -m experiments.p3_specialization.train --scenario minimal_specialization --algorithm ppo --lambda-red 0.0 --seed 45 --output-dir experiments/p3_specialization/phase_diagram_ppo_v2/cell_b0.90_k0.30_c1.00/seed_45 --num-iterations 50 --rollout-steps 2048 --prob-fire-spreads-to-neighbor 0.9 --prob-solo-agent-extinguishes-fire 0.3 --cost-to-work-one-night 1.0",
  "git_sha": "0a9448d7",
  "wall_clock_seconds": 475.42293734499253,
  "cell": {
    "beta": 0.9,
    "kappa": 0.3,
    "c": 1.0,
    "tag": "b0.90_k0.30_c1.00",
    "ne_verdict": "symmetric_only",
    "ne_verdict_detail": "Symmetric NE (-3479.64) dominates best asymmetric NE (-3543.26) by gap=63.63 > epsilon=50.0."
  },
  "rollout_steps": 2048,
  "sweep": "phase_diagram_ppo",
  "gap_closed_homogeneous_mean": 0.06596564249386833,
  "gap_closed_homogeneous_per_seed": [
    -0.007916746914225612,
    0.27431644216171225,
    0.03960787027821742,
    -0.042144995550230734
  ],
  "gap_closed_ne_mean": 0.23720996301570932,
  "gap_closed_ne_per_seed": [
    -0.028468323383687905,
    0.9864315822563117,
    0.1424284080110383,
    -0.1515518148208248
  ],
  "baseline_source": "per_cell"
}