{
  "trainer": "ippo",
  "scenario": "minimal_specialization",
  "seeds": [
    42,
    43,
    44,
    45
  ],
  "num_iterations": 50,
  "n_seeds_completed": 4,
  "n_seeds_failed": 0,
  "failed_seeds": [],
  "gap_closed_mean": 0.1029546857884648,
  "gap_closed_std": 0.10566127155508961,
  "gap_closed_per_seed": [
    0.15233124262723285,
    0.20166624536568928,
    0.1326173191565555,
    -0.07479606399561843
  ],
  "trailing5_team_mean": -81.6106689453125,
  "iter0_gap_closed_mean": 0.003960476043773153,
  "min_iter_gap_closed_mean": -0.2507599874662959,
  "mean_traj_gap_closed": [
    0.003960476043773152,
    0.022904620091843592,
    -0.061843116073685554,
    0.09223619646844453,
    0.012390609859496105,
    0.007194290186846964,
    0.04379069833270136,
    0.04260578933371248,
    -0.06763806164686553,
    -0.04357988327329796,
    0.0035202494365099233,
    -0.04080686707427538,
    0.08346046419468316,
    -0.01944147668625718,
    -0.027814010758973728,
    0.06442786339842431,
    -0.013531331627064392,
    -0.026357560114383234,
    -0.0747331157050472,
    0.07904996958733566,
    -0.00111035847446918,
    -0.0457275308339653,
    0.08047762036042297,
    -0.07117427444072297,
    0.012388552725817304,
    -0.016096577324528162,
    -0.0018077267915824254,
    0.02045457388039263,
    -0.14985552338747052,
    0.06934852715811424,
    0.0978521714115689,
    0.05369991126348161,
    0.09421927333480787,
    -0.019229591917340767,
    0.1376289082248483,
    0.07570095595824905,
    -0.07135530220445738,
    0.08036242087441016,
    0.033976113551145916,
    0.007714745007583398,
    -0.11721086903859118,
    -0.030537655749705107,
    0.09675160489341082,
    -0.006954675255940362,
    0.01564705247303672,
    0.07781568938005559,
    0.16655220774877819,
    0.05419568048007244,
    0.11222947869270304,
    0.1039803726407145
  ],
  "verdict_tier": "insufficient",
  "verdict_reason": "gap_closed_mean = 0.103 < 0.2",
  "command_invoked": "/home/sphere/GitHub/bucket-brigade/.venv/bin/python3 -m experiments.p3_specialization.train --scenario minimal_specialization --algorithm ppo --lambda-red 0.0 --seed 42 --output-dir experiments/p3_specialization/phase_diagram_ppo_v2/cell_b0.50_k0.50_c0.50/seed_42 --num-iterations 50 --rollout-steps 2048 --prob-fire-spreads-to-neighbor 0.5 --prob-solo-agent-extinguishes-fire 0.5 --cost-to-work-one-night 0.5 && /home/sphere/GitHub/bucket-brigade/.venv/bin/python3 -m experiments.p3_specialization.train --scenario minimal_specialization --algorithm ppo --lambda-red 0.0 --seed 43 --output-dir experiments/p3_specialization/phase_diagram_ppo_v2/cell_b0.50_k0.50_c0.50/seed_43 --num-iterations 50 --rollout-steps 2048 --prob-fire-spreads-to-neighbor 0.5 --prob-solo-agent-extinguishes-fire 0.5 --cost-to-work-one-night 0.5 && /home/sphere/GitHub/bucket-brigade/.venv/bin/python3 -m experiments.p3_specialization.train --scenario minimal_specialization --algorithm ppo --lambda-red 0.0 --seed 44 --output-dir experiments/p3_specialization/phase_diagram_ppo_v2/cell_b0.50_k0.50_c0.50/seed_44 --num-iterations 50 --rollout-steps 2048 --prob-fire-spreads-to-neighbor 0.5 --prob-solo-agent-extinguishes-fire 0.5 --cost-to-work-one-night 0.5 && /home/sphere/GitHub/bucket-brigade/.venv/bin/python3 -m experiments.p3_specialization.train --scenario minimal_specialization --algorithm ppo --lambda-red 0.0 --seed 45 --output-dir experiments/p3_specialization/phase_diagram_ppo_v2/cell_b0.50_k0.50_c0.50/seed_45 --num-iterations 50 --rollout-steps 2048 --prob-fire-spreads-to-neighbor 0.5 --prob-solo-agent-extinguishes-fire 0.5 --cost-to-work-one-night 0.5",
  "git_sha": "0a9448d7",
  "wall_clock_seconds": 472.523973008967,
  "cell": {
    "beta": 0.5,
    "kappa": 0.5,
    "c": 0.5,
    "tag": "b0.50_k0.50_c0.50",
    "ne_verdict": "symmetric_only",
    "ne_verdict_detail": "Symmetric NE (-821.68) dominates best asymmetric NE (-876.56) by gap=54.88 > epsilon=50.0."
  },
  "rollout_steps": 2048,
  "sweep": "phase_diagram_ppo",
  "gap_closed_homogeneous_mean": 0.10610003982335636,
  "gap_closed_homogeneous_per_seed": [
    0.15529977160678185,
    0.2044580981015293,
    0.1356564467325215,
    -0.07101415714740718
  ],
  "gap_closed_ne_mean": 0.33396398795009513,
  "gap_closed_ne_per_seed": [
    0.4888266879059418,
    0.6435590592082634,
    0.42699671006117235,
    -0.22352650537499694
  ],
  "baseline_source": "per_cell"
}