{
  "trainer": "ippo",
  "scenario": "minimal_specialization",
  "seeds": [
    42,
    43,
    44,
    45
  ],
  "num_iterations": 50,
  "n_seeds_completed": 4,
  "n_seeds_failed": 0,
  "failed_seeds": [],
  "gap_closed_mean": 0.09305911736005333,
  "gap_closed_std": 0.09550555756403682,
  "gap_closed_per_seed": [
    0.13768980864432595,
    0.18228293983244478,
    0.11987070401751719,
    -0.0676069830540746
  ],
  "trailing5_team_mean": -81.6106689453125,
  "iter0_gap_closed_mean": 0.0035798118573876457,
  "min_iter_gap_closed_mean": -0.22665799933358718,
  "mean_traj_gap_closed": [
    0.0035798118573876444,
    0.020703124999999982,
    -0.05589901763613862,
    0.0833708438452018,
    0.01119967690879663,
    0.006502805478865176,
    0.039581721844059385,
    0.03851070128046456,
    -0.06113697757996955,
    -0.03939116943545318,
    0.003181897967440957,
    -0.036884683810929186,
    0.07543859779607766,
    -0.01757284427361007,
    -0.025140645825399863,
    0.058235329993335846,
    -0.012230757330540763,
    -0.02382418304931456,
    -0.06755008508663367,
    0.07145202125380805,
    -0.0010036355198019974,
    -0.04133239420696879,
    0.07274245228008376,
    -0.06433330457444784,
    0.011197817498095945,
    -0.014549442474295522,
    -0.001633975747334366,
    0.018488566855483606,
    -0.13545204505426506,
    0.06268304038937546,
    0.0884470350580731,
    0.048538503189261215,
    0.08516331576066258,
    -0.017381324971439467,
    0.124400600366527,
    0.06842490063309213,
    -0.06449693271610817,
    0.07263832528084536,
    0.03071047339108909,
    0.006973236386138596,
    -0.10594505664508759,
    -0.027602505593107403,
    0.08745225033320637,
    -0.006286221320449369,
    0.014143124047981702,
    0.07033637483339678,
    0.15054391481816448,
    0.04898662116812641,
    0.10144245644516373,
    0.09398621953541506
  ],
  "verdict_tier": "insufficient",
  "verdict_reason": "gap_closed_mean = 0.093 < 0.2",
  "command_invoked": "/home/sphere/GitHub/bucket-brigade/.venv/bin/python3 -m experiments.p3_specialization.train --scenario minimal_specialization --algorithm ppo --lambda-red 0.0 --seed 42 --output-dir experiments/p3_specialization/phase_diagram_ppo/cell_b0.50_k0.50_c0.50/seed_42 --num-iterations 50 --rollout-steps 2048 --prob-fire-spreads-to-neighbor 0.5 --prob-solo-agent-extinguishes-fire 0.5 --cost-to-work-one-night 0.5 && /home/sphere/GitHub/bucket-brigade/.venv/bin/python3 -m experiments.p3_specialization.train --scenario minimal_specialization --algorithm ppo --lambda-red 0.0 --seed 43 --output-dir experiments/p3_specialization/phase_diagram_ppo/cell_b0.50_k0.50_c0.50/seed_43 --num-iterations 50 --rollout-steps 2048 --prob-fire-spreads-to-neighbor 0.5 --prob-solo-agent-extinguishes-fire 0.5 --cost-to-work-one-night 0.5 && /home/sphere/GitHub/bucket-brigade/.venv/bin/python3 -m experiments.p3_specialization.train --scenario minimal_specialization --algorithm ppo --lambda-red 0.0 --seed 44 --output-dir experiments/p3_specialization/phase_diagram_ppo/cell_b0.50_k0.50_c0.50/seed_44 --num-iterations 50 --rollout-steps 2048 --prob-fire-spreads-to-neighbor 0.5 --prob-solo-agent-extinguishes-fire 0.5 --cost-to-work-one-night 0.5 && /home/sphere/GitHub/bucket-brigade/.venv/bin/python3 -m experiments.p3_specialization.train --scenario minimal_specialization --algorithm ppo --lambda-red 0.0 --seed 45 --output-dir experiments/p3_specialization/phase_diagram_ppo/cell_b0.50_k0.50_c0.50/seed_45 --num-iterations 50 --rollout-steps 2048 --prob-fire-spreads-to-neighbor 0.5 --prob-solo-agent-extinguishes-fire 0.5 --cost-to-work-one-night 0.5",
  "git_sha": "d65c90c9",
  "wall_clock_seconds": 469.9984085840115,
  "cell": {
    "beta": 0.5,
    "kappa": 0.5,
    "c": 0.5,
    "tag": "b0.50_k0.50_c0.50",
    "ne_verdict": "symmetric_only",
    "ne_verdict_detail": "Symmetric NE (-821.68) dominates best asymmetric NE (-876.56) by gap=54.88 > epsilon=50.0."
  },
  "rollout_steps": 2048,
  "sweep": "phase_diagram_ppo"
}