{
  "scenario": "rest_trap",
  "fitness": 70.0,
  "generation": 2500,
  "genome": [
    0.16506822407245636,
    0.0,
    0.9978720545768738,
    0.7068356871604919,
    0.20819349586963654,
    0.13879097998142242,
    0.41093909740448,
    0.6536166071891785,
    0.9537848830223083,
    0.5656121969223022
  ],
  "parameters": {
    "honesty": 0.16506822407245636,
    "work_tendency": 0.0,
    "neighbor_help": 0.9978720545768738,
    "own_priority": 0.7068356871604919,
    "risk_aversion": 0.20819349586963654,
    "coordination": 0.13879097998142242,
    "exploration": 0.41093909740448,
    "fatigue_memory": 0.6536166071891785,
    "rest_bias": 0.9537848830223083,
    "altruism": 0.5656121969223022
  }
}
