{
  "scenario": "rest_trap",
  "strategies": {
    "best_heuristic": [
      1.0,
      0.9,
      0.5,
      0.8,
      0.5,
      0.7,
      0.1,
      0.0,
      0.0,
      0.8
    ],
    "evolved": [
      1.0,
      0.517583440152282,
      0.017256734864663614,
      0.0,
      1.0,
      0.1872055459309746,
      0.0,
      0.0,
      0.08920390707932603,
      0.16055777337935695
    ],
    "nash_strategy_1": [
      0.9,
      0.6,
      0.7,
      0.6,
      0.8,
      1.0,
      0.05,
      0.0,
      0.2,
      0.6
    ]
  },
  "tournament": {
    "best_heuristic": {
      "mean_payoff": 105.09875216782093,
      "std_payoff": 19.592892016988408,
      "payoffs": [
        123.10000228881836,
        126.60000228881836,
        126.42500233650208,
        127.75000238418579,
        94.50000238418579,
        126.60000228881836,
        112.10000228881836,
        106.17500233650208,
        118.10000228881836,
        109.15000247955322,
        96.92500233650208,
        94.67500233650208,
        57.3250008225441,
        98.67500233650208,
        96.35000228881836,
        117.17500233650208,
        74.77500128746033,
        94.85000228881836,
        126.0750024318695,
        74.6500015258789
      ]
    },
    "evolved": {
      "mean_payoff": 127.11375074088573,
      "std_payoff": 13.13625347677012,
      "payoffs": [
        130.9250009059906,
        132.37500071525574,
        132.55000066757202,
        134.92500042915344,
        100.9750006198883,
        132.37500071525574,
        133.4750006198883,
        132.02500081062317,
        130.75000095367432,
        129.47500109672546,
        134.17500042915344,
        134.00000047683716,
        131.85000085830688,
        130.1750009059906,
        132.20000076293945,
        129.1250011920929,
        132.02500081062317,
        115.7250006198883,
        132.7250006198883,
        80.42500060796738
      ]
    },
    "nash_strategy_1": {
      "mean_payoff": 101.62750094234943,
      "std_payoff": 21.30169899994111,
      "payoffs": [
        104.67500138282776,
        130.80000114440918,
        131.6750009059906,
        100.6750009059906,
        68.45000046491623,
        130.10000133514404,
        86.47500091791153,
        78.6750003695488,
        123.1750009059906,
        105.60000115633011,
        102.1750009059906,
        86.12500083446503,
        62.22500038146973,
        96.95000123977661,
        124.32500147819519,
        127.55000162124634,
        78.80000054836273,
        114.6750009059906,
        99.35000085830688,
        80.07500058412552
      ]
    }
  },
  "distances": {
    "best_heuristic_vs_evolved": 1.3996732960326927,
    "best_heuristic_vs_nash_strategy_1": 0.6652067347825036,
    "evolved_vs_nash_strategy_1": 1.323423939912662
  },
  "ranking": [
    {
      "name": "evolved",
      "mean_payoff": 127.11375074088573,
      "std_payoff": 13.13625347677012
    },
    {
      "name": "best_heuristic",
      "mean_payoff": 105.09875216782093,
      "std_payoff": 19.592892016988408
    },
    {
      "name": "nash_strategy_1",
      "mean_payoff": 101.62750094234943,
      "std_payoff": 21.30169899994111
    }
  ],
  "insights": {
    "evolution_vs_nash": {
      "evolved_payoff": 127.11375074088573,
      "best_nash_payoff": 101.62750094234943,
      "gap": 25.486249798536306
    }
  }
}
