{
  "scenario": "rest_trap",
  "strategies": {
    "best_heuristic": [
      1.0,
      0.9,
      0.5,
      0.8,
      0.5,
      0.7,
      0.1,
      0.0,
      0.0,
      0.8
    ],
    "evolved": [
      0.3165586590766907,
      1.0,
      0.4629952311515808,
      0.9478677853821443,
      0.7125926839793253,
      0.9346832036972046,
      0.1749609828881719,
      0.2500357925891876,
      0.07300294666211062,
      0.6042573891240952
    ]
  },
  "tournament": {
    "best_heuristic": {
      "mean_payoff": 114.28000235557556,
      "std_payoff": 11.966791619257258,
      "payoffs": [
        101.52500224113464,
        108.25000238418579,
        123.50000238418579,
        127.75000238418579,
        94.3250024318695,
        126.0750024318695,
        126.8250024318695,
        118.50000238418579,
        117.40000247955322,
        98.65000200271606
      ]
    },
    "evolved": {
      "mean_payoff": 86.90000096559524,
      "std_payoff": 11.909602422357057,
      "payoffs": [
        71.52500039339066,
        92.70000106096268,
        84.9000015258789,
        99.6250011920929,
        69.32500070333481,
        80.12500083446503,
        85.95000094175339,
        77.9750007390976,
        103.67500138282776,
        103.20000088214874
      ]
    }
  },
  "distances": {
    "best_heuristic_vs_evolved": 0.8440259493633142
  },
  "ranking": [
    {
      "name": "best_heuristic",
      "mean_payoff": 114.28000235557556,
      "std_payoff": 11.966791619257258
    },
    {
      "name": "evolved",
      "mean_payoff": 86.90000096559524,
      "std_payoff": 11.909602422357057
    }
  ],
  "insights": {}
}
