{
  "scenario": "rest_trap",
  "profile_label": "free_rider(d=0.96) | free_rider(d=0.96) | free_rider(d=0.96) | free_rider(d=0.96)",
  "profile_genomes": [
    [
      1.0,
      0.2,
      0.0,
      1.0,
      0.0,
      0.0,
      0.0,
      0.0,
      0.0,
      0.0
    ],
    [
      1.0,
      0.2,
      0.0,
      1.0,
      0.0,
      0.0,
      0.0,
      0.0,
      0.0,
      0.0
    ],
    [
      1.0,
      0.2,
      0.0,
      1.0,
      0.0,
      0.0,
      0.0,
      0.0,
      0.0,
      0.0
    ],
    [
      1.0,
      0.2,
      0.0,
      1.0,
      0.0,
      0.0,
      0.0,
      0.0,
      0.0,
      0.0
    ]
  ],
  "epsilon": 50.0,
  "num_simulations": 1000,
  "opt_simulations": 300,
  "seed": 42,
  "equilibrium_team_payoff": 1936.7117634534836,
  "equilibrium_per_position_payoffs": [
    1906.472065639496,
    1913.9291608924866,
    1961.1298564567567,
    1965.3159708251953
  ],
  "positions_tested": [
    0,
    1,
    2,
    3
  ],
  "per_position": [
    {
      "position": 0,
      "equilibrium_payoff": 1906.472065639496,
      "best_response_payoff": 2511.3826928710937,
      "gap": 604.9106272315978,
      "exploitable_flag": true,
      "best_response_closest_archetype": "hero(d=0.00)",
      "best_response_genome": [
        1.0,
        1.0,
        1.0,
        0.5,
        0.1,
        0.5,
        0.0,
        0.9,
        0.0,
        1.0
      ],
      "elapsed_seconds": 3.934232711791992
    },
    {
      "position": 1,
      "equilibrium_payoff": 1913.9291608924866,
      "best_response_payoff": 2765.215782877604,
      "gap": 851.2866219851173,
      "exploitable_flag": true,
      "best_response_closest_archetype": "firefighter(d=0.00)",
      "best_response_genome": [
        1.0,
        0.9,
        0.5,
        0.8,
        0.5,
        0.7,
        0.1,
        0.0,
        0.0,
        0.8
      ],
      "elapsed_seconds": 3.9561007022857666
    },
    {
      "position": 2,
      "equilibrium_payoff": 1961.1298564567567,
      "best_response_payoff": 2830.688946609497,
      "gap": 869.5590901527405,
      "exploitable_flag": true,
      "best_response_closest_archetype": "firefighter(d=0.00)",
      "best_response_genome": [
        0.9999996457592462,
        0.8999996385756465,
        0.500000175902794,
        0.8000000504524113,
        0.5000002231451807,
        0.6999997254098205,
        0.10000035456685873,
        3.96470646359444e-07,
        3.731985472512451e-07,
        0.8000000268056837
      ],
      "elapsed_seconds": 5.00346040725708
    },
    {
      "position": 3,
      "equilibrium_payoff": 1965.3159708251953,
      "best_response_payoff": 2801.7707897949217,
      "gap": 836.4548189697264,
      "exploitable_flag": true,
      "best_response_closest_archetype": "firefighter(d=0.00)",
      "best_response_genome": [
        1.0,
        0.9,
        0.5,
        0.8,
        0.5,
        0.7,
        0.1,
        0.0,
        0.0,
        0.8
      ],
      "elapsed_seconds": 6.285456657409668
    }
  ],
  "any_exploitable": true,
  "elapsed_seconds": 19.27588129043579,
  "smoke_test": false
}