{
  "trainer": "ippo",
  "scenario": "minimal_specialization",
  "seeds": [
    42,
    43,
    44,
    45
  ],
  "num_iterations": 50,
  "n_seeds_completed": 4,
  "n_seeds_failed": 0,
  "failed_seeds": [],
  "gap_closed_mean": 0.11657044218170712,
  "gap_closed_std": 0.16713171934701393,
  "gap_closed_per_seed": [
    0.13427783746208288,
    0.3350549073664476,
    0.1322462122408999,
    -0.13529718834260196
  ],
  "trailing5_team_mean": -80.8027099609375,
  "iter0_gap_closed_mean": 0.055360018142273315,
  "min_iter_gap_closed_mean": -0.2105913666872051,
  "mean_traj_gap_closed": [
    0.055360018142273315,
    0.015903165616047335,
    0.006185266117395498,
    0.14635115502296087,
    0.03237257784852121,
    0.03406354173249492,
    0.058690517568250736,
    0.11296696111655288,
    0.036502273708712486,
    0.07664620888365771,
    -0.045788216277489906,
    -0.0010435016299081754,
    0.05388402472773422,
    -0.0411730368691018,
    0.051367121671722256,
    0.04988907112350436,
    0.055724130803420945,
    0.039900658546090303,
    0.029649961424629234,
    0.10304437681686043,
    0.04759228137112401,
    0.047955365465432234,
    0.11103016975796257,
    0.04500646433687224,
    0.021447140880413697,
    0.05117580823959384,
    0.1466679536094961,
    0.06841664560161777,
    -0.022874832796174607,
    0.16393553370934444,
    0.14147883390472277,
    0.08707073380097739,
    0.014591742895812249,
    0.08046219185783196,
    0.1926078629244607,
    0.13861633239067236,
    0.05425739449043645,
    0.10455945577129674,
    0.03016733054484747,
    0.05543407495471012,
    -0.061636374138966145,
    0.14787034824475478,
    0.12820929310962248,
    0.05989394077034881,
    0.011944211851196474,
    0.15330735255782352,
    0.13444343672322628,
    0.03136355377906975,
    0.11041405822116192,
    0.15332380962725392
  ],
  "verdict_tier": "insufficient",
  "verdict_reason": "gap_closed_mean = 0.117 < 0.2",
  "command_invoked": "/home/sphere/GitHub/bucket-brigade/.venv/bin/python3 -m experiments.p3_specialization.train --scenario minimal_specialization --algorithm ppo --lambda-red 0.0 --seed 42 --output-dir experiments/p3_specialization/phase_diagram_ppo_v2/cell_b0.90_k0.70_c2.00/seed_42 --num-iterations 50 --rollout-steps 2048 --prob-fire-spreads-to-neighbor 0.9 --prob-solo-agent-extinguishes-fire 0.7 --cost-to-work-one-night 2.0 && /home/sphere/GitHub/bucket-brigade/.venv/bin/python3 -m experiments.p3_specialization.train --scenario minimal_specialization --algorithm ppo --lambda-red 0.0 --seed 43 --output-dir experiments/p3_specialization/phase_diagram_ppo_v2/cell_b0.90_k0.70_c2.00/seed_43 --num-iterations 50 --rollout-steps 2048 --prob-fire-spreads-to-neighbor 0.9 --prob-solo-agent-extinguishes-fire 0.7 --cost-to-work-one-night 2.0 && /home/sphere/GitHub/bucket-brigade/.venv/bin/python3 -m experiments.p3_specialization.train --scenario minimal_specialization --algorithm ppo --lambda-red 0.0 --seed 44 --output-dir experiments/p3_specialization/phase_diagram_ppo_v2/cell_b0.90_k0.70_c2.00/seed_44 --num-iterations 50 --rollout-steps 2048 --prob-fire-spreads-to-neighbor 0.9 --prob-solo-agent-extinguishes-fire 0.7 --cost-to-work-one-night 2.0 && /home/sphere/GitHub/bucket-brigade/.venv/bin/python3 -m experiments.p3_specialization.train --scenario minimal_specialization --algorithm ppo --lambda-red 0.0 --seed 45 --output-dir experiments/p3_specialization/phase_diagram_ppo_v2/cell_b0.90_k0.70_c2.00/seed_45 --num-iterations 50 --rollout-steps 2048 --prob-fire-spreads-to-neighbor 0.9 --prob-solo-agent-extinguishes-fire 0.7 --cost-to-work-one-night 2.0",
  "git_sha": "0a9448d7",
  "wall_clock_seconds": 471.348640643002,
  "cell": {
    "beta": 0.9,
    "kappa": 0.7,
    "c": 2.0,
    "tag": "b0.90_k0.70_c2.00",
    "ne_verdict": "asymmetric_only",
    "ne_verdict_detail": "All 3 converged restarts produced asymmetric profiles; best asymmetric team payoff = -138.91."
  },
  "rollout_steps": 2048,
  "sweep": "phase_diagram_ppo",
  "gap_closed_homogeneous_mean": 0.05551845219605046,
  "gap_closed_homogeneous_per_seed": [
    0.06767874374918494,
    0.20555942402783314,
    0.06628355520648235,
    -0.11744791419929858
  ],
  "gap_closed_ne_mean": 0.14537592945184608,
  "gap_closed_ne_per_seed": [
    0.17721784177137068,
    0.5382605448024047,
    0.17356451890063,
    -0.30753918766702104
  ],
  "baseline_source": "per_cell"
}