{
  "aggregate": {
    "trivial_cooperation__0.0": {
      "n_seeds": 20,
      "team_reward": {
        "mean": 400.28857421875,
        "ci_lo": 399.9704479980469,
        "ci_hi": 400.5704760742188,
        "n": 20
      },
      "mi_mean": {
        "mean": 1.077517204076147,
        "ci_lo": 0.9062073541882846,
        "ci_hi": 1.234397038210908,
        "n": 20
      },
      "cmi_mean": {
        "mean": 1.0766563554685145,
        "ci_lo": 0.9052636379209478,
        "ci_hi": 1.2338353523204402,
        "n": 20
      },
      "action_entropy_mean": {
        "mean": 0.5010258962984675,
        "ci_lo": 0.41644151069396057,
        "ci_hi": 0.60221361563296,
        "n": 20
      },
      "dropout_baseline": {
        "mean": 5203.756,
        "ci_lo": 5199.70155,
        "ci_hi": 5207.381324999999,
        "n": 20
      },
      "dropout_mean_drop": {
        "mean": -5.597250000000031,
        "ci_lo": -6.622031250000117,
        "ci_hi": -4.672743750000041,
        "n": 20
      }
    },
    "trivial_cooperation__0.01": {
      "n_seeds": 20,
      "team_reward": {
        "mean": 400.3070556640625,
        "ci_lo": 399.9978503417969,
        "ci_hi": 400.5801300048828,
        "n": 20
      },
      "mi_mean": {
        "mean": 1.1108075896046636,
        "ci_lo": 0.9150165115160953,
        "ci_hi": 1.2861506991582092,
        "n": 20
      },
      "cmi_mean": {
        "mean": 1.1099007470558107,
        "ci_lo": 0.9138845874136257,
        "ci_hi": 1.2857605109727224,
        "n": 20
      },
      "action_entropy_mean": {
        "mean": 0.5107802569917503,
        "ci_lo": 0.4180900100361642,
        "ci_hi": 0.6175756013516603,
        "n": 20
      },
      "dropout_baseline": {
        "mean": 5204.108,
        "ci_lo": 5200.2219,
        "ci_hi": 5207.6274,
        "n": 20
      },
      "dropout_mean_drop": {
        "mean": -5.469000000000006,
        "ci_lo": -6.417181250000006,
        "ci_hi": -4.598987500000203,
        "n": 20
      }
    },
    "trivial_cooperation__0.001": {
      "n_seeds": 20,
      "team_reward": {
        "mean": 400.2933349609375,
        "ci_lo": 399.9789715576172,
        "ci_hi": 400.5734692382813,
        "n": 20
      },
      "mi_mean": {
        "mean": 1.073470519357183,
        "ci_lo": 0.9003537209221087,
        "ci_hi": 1.2326072338801928,
        "n": 20
      },
      "cmi_mean": {
        "mean": 1.0725247755547869,
        "ci_lo": 0.8996117790513573,
        "ci_hi": 1.2317084521776929,
        "n": 20
      },
      "action_entropy_mean": {
        "mean": 0.5003992287684242,
        "ci_lo": 0.41155153738530065,
        "ci_hi": 0.6069855447714079,
        "n": 20
      },
      "dropout_baseline": {
        "mean": 5203.884,
        "ci_lo": 5199.847275,
        "ci_hi": 5207.513275,
        "n": 20
      },
      "dropout_mean_drop": {
        "mean": -5.539999999999873,
        "ci_lo": -6.558637499999902,
        "ci_hi": -4.6122000000001275,
        "n": 20
      }
    },
    "trivial_cooperation__0.1": {
      "n_seeds": 20,
      "team_reward": {
        "mean": 400.2820556640625,
        "ci_lo": 399.9728985595703,
        "ci_hi": 400.5705578613281,
        "n": 20
      },
      "mi_mean": {
        "mean": 1.1214721350449968,
        "ci_lo": 0.926931967494538,
        "ci_hi": 1.2948664492535955,
        "n": 20
      },
      "cmi_mean": {
        "mean": 1.1207072449415834,
        "ci_lo": 0.9257391337910464,
        "ci_hi": 1.2947728256643176,
        "n": 20
      },
      "action_entropy_mean": {
        "mean": 0.5243756756241442,
        "ci_lo": 0.431664637828735,
        "ci_hi": 0.6329781628673717,
        "n": 20
      },
      "dropout_baseline": {
        "mean": 5203.807,
        "ci_lo": 5199.7979,
        "ci_hi": 5207.54835,
        "n": 20
      },
      "dropout_mean_drop": {
        "mean": -5.5502500000000055,
        "ci_lo": -6.55061250000001,
        "ci_hi": -4.5692062500001445,
        "n": 20
      }
    },
    "chain_reaction__0.0": {
      "n_seeds": 20,
      "team_reward": {
        "mean": 224.46943206787108,
        "ci_lo": 221.18169443130495,
        "ci_hi": 227.8926748085022,
        "n": 20
      },
      "mi_mean": {
        "mean": 0.9075215789166057,
        "ci_lo": 0.7966174482635905,
        "ci_hi": 1.015932943129686,
        "n": 20
      },
      "cmi_mean": {
        "mean": 0.7755835213288939,
        "ci_lo": 0.6504354639159364,
        "ci_hi": 0.8977408600810597,
        "n": 20
      },
      "action_entropy_mean": {
        "mean": 0.41413847563094147,
        "ci_lo": 0.3191168519759802,
        "ci_hi": 0.5037584373504593,
        "n": 20
      },
      "dropout_baseline": {
        "mean": 3330.904035134315,
        "ci_lo": 3285.4446139523025,
        "ci_hi": 3380.0875927715065,
        "n": 20
      },
      "dropout_mean_drop": {
        "mean": 65.29688230061522,
        "ci_lo": 49.995422775226636,
        "ci_hi": 81.43708301215166,
        "n": 20
      }
    },
    "chain_reaction__0.01": {
      "n_seeds": 20,
      "team_reward": {
        "mean": 224.28085479736328,
        "ci_lo": 220.8212134552002,
        "ci_hi": 228.0968754196167,
        "n": 20
      },
      "mi_mean": {
        "mean": 0.9356337827813215,
        "ci_lo": 0.8081232185510148,
        "ci_hi": 1.0546931750711068,
        "n": 20
      },
      "cmi_mean": {
        "mean": 0.810496348867022,
        "ci_lo": 0.6689938941449239,
        "ci_hi": 0.9423704902138792,
        "n": 20
      },
      "action_entropy_mean": {
        "mean": 0.3803028272468967,
        "ci_lo": 0.29196694221432956,
        "ci_hi": 0.4628272576141011,
        "n": 20
      },
      "dropout_baseline": {
        "mean": 3321.799034999847,
        "ci_lo": 3279.2013889794343,
        "ci_hi": 3372.352422686529,
        "n": 20
      },
      "dropout_mean_drop": {
        "mean": 62.397332371234896,
        "ci_lo": 48.53635628133415,
        "ci_hi": 76.60444964718825,
        "n": 20
      }
    },
    "chain_reaction__0.001": {
      "n_seeds": 20,
      "team_reward": {
        "mean": 224.11166763305664,
        "ci_lo": 220.21411458969115,
        "ci_hi": 227.9951948738098,
        "n": 20
      },
      "mi_mean": {
        "mean": 0.9226422830762852,
        "ci_lo": 0.7965587838718895,
        "ci_hi": 1.0491965222463255,
        "n": 20
      },
      "cmi_mean": {
        "mean": 0.7930817642589008,
        "ci_lo": 0.6522039311324103,
        "ci_hi": 0.9302389780473661,
        "n": 20
      },
      "action_entropy_mean": {
        "mean": 0.4150238103539607,
        "ci_lo": 0.32367842087759896,
        "ci_hi": 0.5039039557975699,
        "n": 20
      },
      "dropout_baseline": {
        "mean": 3325.6232308244703,
        "ci_lo": 3288.3655837611677,
        "ci_hi": 3368.649992684221,
        "n": 20
      },
      "dropout_mean_drop": {
        "mean": 59.67638033890721,
        "ci_lo": 45.01243748713134,
        "ci_hi": 76.09120974006646,
        "n": 20
      }
    },
    "chain_reaction__0.1": {
      "n_seeds": 20,
      "team_reward": {
        "mean": 222.37034454345704,
        "ci_lo": 218.2858088874817,
        "ci_hi": 226.748753490448,
        "n": 20
      },
      "mi_mean": {
        "mean": 0.9275528717538449,
        "ci_lo": 0.8165185415212635,
        "ci_hi": 1.033712290392261,
        "n": 20
      },
      "cmi_mean": {
        "mean": 0.7931132580907042,
        "ci_lo": 0.6757404664768526,
        "ci_hi": 0.9137386014871166,
        "n": 20
      },
      "action_entropy_mean": {
        "mean": 0.33526739617590184,
        "ci_lo": 0.2589017204112544,
        "ci_hi": 0.4073855350607559,
        "n": 20
      },
      "dropout_baseline": {
        "mean": 3302.2834222650526,
        "ci_lo": 3261.0142954853773,
        "ci_hi": 3346.32769480257,
        "n": 20
      },
      "dropout_mean_drop": {
        "mean": 45.27187536048884,
        "ci_lo": 31.235600483578416,