{
  "scenario": "greedy_neighbor",
  "strategies": {
    "best_heuristic": [
      0.7,
      0.2,
      0.0,
      0.9,
      0.0,
      0.0,
      0.1,
      0.0,
      0.9,
      0.0
    ],
    "evolved": [
      0.9930066554653539,
      0.6862182557258053,
      0.0,
      0.0,
      0.9842104728388602,
      0.0,
      0.061588896326120614,
      0.04220779833905844,
      0.31502925346089433,
      0.13182598450930327
    ],
    "nash_strategy_1": [
      0.9000002301553957,
      0.6000009206215826,
      0.700000690466187,
      0.6000009206215826,
      0.8000004603107914,
      0.9999976984460434,
      0.05000218647625878,
      2.3015539566046633e-06,
      0.1999995396892087,
      0.6000009206215826
    ]
  },
  "tournament": {
    "best_heuristic": {
      "mean_payoff": 49.875,
      "std_payoff": 21.28276885182001,
      "payoffs": [
        41.25,
        55.75,
        53.75,
        65.875,
        39.25,
        38.125,
        84.5,
        48.125,
        83.5,
        64.0,
        34.5,
        55.625,
        36.75,
        -12.875,
        36.75,
        57.125,
        47.75,
        83.125,
        48.125,
        36.5
      ]
    },
    "evolved": {
      "mean_payoff": 96.06875,
      "std_payoff": 26.85823532340686,
      "payoffs": [
        63.625,
        91.25,
        98.75,
        132.375,
        67.375,
        107.0,
        99.875,
        91.25,
        119.75,
        114.5,
        131.25,
        115.875,
        36.0,
        46.375,
        93.0,
        108.375,
        65.875,
        98.0,
        129.75,
        111.125
      ]
    },
    "nash_strategy_1": {
      "mean_payoff": 62.8375,
      "std_payoff": 24.38045131350115,
      "payoffs": [
        60.75,
        52.375,
        81.5,
        95.0,
        64.375,
        34.375,
        61.0,
        98.625,
        48.625,
        85.5,
        63.25,
        82.25,
        32.625,
        30.75,
        63.25,
        74.0,
        45.5,
        93.5,
        85.0,
        4.5
      ]
    }
  },
  "distances": {
    "best_heuristic_vs_evolved": 1.5696359841753666,
    "best_heuristic_vs_nash_strategy_1": 1.8090049493521962,
    "evolved_vs_nash_strategy_1": 1.4609413344458517
  },
  "ranking": [
    {
      "name": "evolved",
      "mean_payoff": 96.06875,
      "std_payoff": 26.85823532340686
    },
    {
      "name": "nash_strategy_1",
      "mean_payoff": 62.8375,
      "std_payoff": 24.38045131350115
    },
    {
      "name": "best_heuristic",
      "mean_payoff": 49.875,
      "std_payoff": 21.28276885182001
    }
  ],
  "insights": {
    "evolution_vs_nash": {
      "evolved_payoff": 96.06875,
      "best_nash_payoff": 62.8375,
      "gap": 33.231249999999996
    }
  }
}
