{
  "scenario": "greedy_neighbor",
  "strategies": {
    "best_heuristic": [
      0.7,
      0.2,
      0.0,
      0.9,
      0.0,
      0.0,
      0.1,
      0.0,
      0.9,
      0.0
    ],
    "evolved": [
      0.7121008038520813,
      0.7681680093758094,
      0.16605840623378754,
      0.034318170667867076,
      0.5155315936107128,
      0.6157363057136536,
      0.7378039956092834,
      0.011504362675271718,
      0.7016385197639465,
      0.546686053276062
    ]
  },
  "tournament": {
    "best_heuristic": {
      "mean_payoff": 54.5125,
      "std_payoff": 19.966882737422985,
      "payoffs": [
        43.5,
        56.875,
        57.5,
        68.125,
        37.375,
        17.5,
        54.875,
        91.625,
        76.0,
        41.75
      ]
    },
    "evolved": {
      "mean_payoff": 54.9125,
      "std_payoff": 19.47490773405615,
      "payoffs": [
        39.75,
        48.25,
        50.375,
        95.375,
        34.75,
        42.25,
        80.375,
        73.0,
        44.75,
        40.25
      ]
    }
  },
  "distances": {
    "best_heuristic_vs_evolved": 1.57796862050457
  },
  "ranking": [
    {
      "name": "evolved",
      "mean_payoff": 54.9125,
      "std_payoff": 19.47490773405615
    },
    {
      "name": "best_heuristic",
      "mean_payoff": 54.5125,
      "std_payoff": 19.966882737422985
    }
  ],
  "insights": {}
}