{
  "trainer": "ippo",
  "scenario": "minimal_specialization",
  "seeds": [
    42,
    43,
    44,
    45
  ],
  "num_iterations": 50,
  "n_seeds_completed": 4,
  "n_seeds_failed": 0,
  "failed_seeds": [],
  "gap_closed_mean": 0.17026286547859792,
  "gap_closed_std": 0.14198701538985414,
  "gap_closed_per_seed": [
    0.29874732078909677,
    0.2744180121966633,
    0.16845094213431072,
    -0.06056481320567911
  ],
  "trailing5_team_mean": -77.6166015625,
  "iter0_gap_closed_mean": 0.10473739783451295,
  "min_iter_gap_closed_mean": -0.13851454541624536,
  "mean_traj_gap_closed": [
    0.10473739783451295,
    0.09323184916898379,
    0.0672728792762049,
    0.1897124472715495,
    0.09226499633994774,
    0.05903611602628916,
    0.11336295934972192,
    0.12911031766093695,
    0.08971826484559317,
    0.061763875284378135,
    0.09555023882499154,
    0.0245462127675261,
    0.08722501882688741,
    0.06693448078604228,
    0.06369860950928967,
    0.1556391135827435,
    0.07449136135511457,
    0.07130588985349257,
    0.07484415978102879,
    0.19009507413580634,
    0.06809161848036735,
    0.126768270967623,
    0.13663222695746963,
    0.08097956097805019,
    0.14470853378043896,
    0.1587854995444683,
    0.20750973929368888,
    0.12464736614478006,
    0.011770384055337863,
    0.24347666453383043,
    0.15527088665423827,
    0.1696091083954752,
    0.13668982670047605,
    0.2537695328957069,
    0.21881266029185623,
    0.23039638003717977,
    0.13053282559982723,
    0.16922442439753957,
    0.15115147646244098,
    0.11414364158082657,
    0.07678815110749491,
    0.1435688817223837,
    0.15070507845414136,
    0.12190520695093947,
    0.11450261140777719,
    0.25752483042635654,
    0.17339320579762804,
    0.08968535070673236,
    0.24584236826445058,
    0.08486857219782185
  ],
  "verdict_tier": "insufficient",
  "verdict_reason": "gap_closed_mean = 0.170 < 0.2",
  "command_invoked": "/home/sphere/GitHub/bucket-brigade/.venv/bin/python3 -m experiments.p3_specialization.train --scenario minimal_specialization --algorithm ppo --lambda-red 0.0 --seed 42 --output-dir experiments/p3_specialization/phase_diagram_ppo_v2/cell_b0.10_k0.70_c1.00/seed_42 --num-iterations 50 --rollout-steps 2048 --prob-fire-spreads-to-neighbor 0.1 --prob-solo-agent-extinguishes-fire 0.7 --cost-to-work-one-night 1.0 && /home/sphere/GitHub/bucket-brigade/.venv/bin/python3 -m experiments.p3_specialization.train --scenario minimal_specialization --algorithm ppo --lambda-red 0.0 --seed 43 --output-dir experiments/p3_specialization/phase_diagram_ppo_v2/cell_b0.10_k0.70_c1.00/seed_43 --num-iterations 50 --rollout-steps 2048 --prob-fire-spreads-to-neighbor 0.1 --prob-solo-agent-extinguishes-fire 0.7 --cost-to-work-one-night 1.0 && /home/sphere/GitHub/bucket-brigade/.venv/bin/python3 -m experiments.p3_specialization.train --scenario minimal_specialization --algorithm ppo --lambda-red 0.0 --seed 44 --output-dir experiments/p3_specialization/phase_diagram_ppo_v2/cell_b0.10_k0.70_c1.00/seed_44 --num-iterations 50 --rollout-steps 2048 --prob-fire-spreads-to-neighbor 0.1 --prob-solo-agent-extinguishes-fire 0.7 --cost-to-work-one-night 1.0 && /home/sphere/GitHub/bucket-brigade/.venv/bin/python3 -m experiments.p3_specialization.train --scenario minimal_specialization --algorithm ppo --lambda-red 0.0 --seed 45 --output-dir experiments/p3_specialization/phase_diagram_ppo_v2/cell_b0.10_k0.70_c1.00/seed_45 --num-iterations 50 --rollout-steps 2048 --prob-fire-spreads-to-neighbor 0.1 --prob-solo-agent-extinguishes-fire 0.7 --cost-to-work-one-night 1.0",
  "git_sha": "0a9448d7",
  "wall_clock_seconds": 474.8524405169883,
  "cell": {
    "beta": 0.1,
    "kappa": 0.7,
    "c": 1.0,
    "tag": "b0.10_k0.70_c1.00",
    "ne_verdict": "asymmetric_only",
    "ne_verdict_detail": "All 4 converged restarts produced asymmetric profiles; best asymmetric team payoff = -101.26."
  },
  "rollout_steps": 2048,
  "sweep": "phase_diagram_ppo",
  "gap_closed_homogeneous_mean": 0.07072703600433125,
  "gap_closed_homogeneous_per_seed": [
    0.16083835723252565,
    0.14377523363103967,
    0.06945626121586869,
    -0.09116170806210898
  ],
  "gap_closed_ne_mean": 0.1676329910737695,
  "gap_closed_ne_per_seed": [
    0.3812094557536471,
    0.34076746061329705,
    0.16462107666584672,
    -0.21606602873771294
  ],
  "baseline_source": "per_cell"
}