{
  "scenario": "sparse_heroics",
  "strategies": {
    "best_heuristic": [
      1.0,
      0.9,
      0.5,
      0.8,
      0.5,
      0.7,
      0.1,
      0.0,
      0.0,
      0.8
    ],
    "evolved": [
      1.0,
      0.704908467303351,
      0.13264544877513004,
      0.006298552943205759,
      0.6883097542436302,
      0.11198441020776737,
      0.0,
      0.0,
      0.3054876793203792,
      0.0
    ],
    "nash_strategy_1": [
      0.9,
      0.6,
      0.7,
      0.6,
      0.8,
      1.0,
      0.05,
      0.0,
      0.2,
      0.6
    ]
  },
  "tournament": {
    "best_heuristic": {
      "mean_payoff": 91.43874807655811,
      "std_payoff": 49.55533306956918,
      "payoffs": [
        64.49999958276749,
        59.92499977350235,
        154.89999639987946,
        194.82499623298645,
        72.32499915361404,
        50.32499951124191,
        141.14999628067017,
        28.999999806284904,
        83.1749986410141,
        51.92499811947346,
        167.39999628067017,
        108.49999755620956,
        73.99999763071537,
        -5.225000277161598,
        70.32499879598618,
        155.42499613761902,
        83.84999626874924,
        106.64999788999557,
        114.04999762773514,
        51.75000011920929
      ]
    },
    "evolved": {
      "mean_payoff": 155.11249938309192,
      "std_payoff": 35.84499217465619,
      "payoffs": [
        158.49999904632568,
        162.5999994277954,
        200.49999916553497,
        166.69999980926514,
        142.79999947547913,
        114.84999966621399,
        215.0999994277954,
        145.49999940395355,
        123.2499994635582,
        128.44999915361404,
        213.04999923706055,
        164.64999961853027,
        98.7499994635582,
        110.94999927282333,
        162.5999994277954,
        157.99999904632568,
        92.34999960660934,
        156.349999666214,
        212.29999923706055,
        174.99999904632568
      ]
    },
    "nash_strategy_1": {
      "mean_payoff": 92.17499921992422,
      "std_payoff": 37.24894327843713,
      "payoffs": [
        57.17500019073486,
        124.87499910593033,
        104.62499916553497,
        103.47499924898148,
        120.07499885559082,
        61.6999996304512,
        121.24999874830246,
        171.49999809265137,
        66.64999917149544,
        94.27499860525131,
        95.59999924898148,
        123.44999903440475,
        56.32499949634075,
        41.25000035762787,
        83.97499895095825,
        114.72499924898148,
        85.19999873638153,
        148.22499841451645,
        48.750000059604645,
        20.400000035762787
      ]
    }
  },
  "distances": {
    "best_heuristic_vs_evolved": 1.3883507046471208,
    "best_heuristic_vs_nash_strategy_1": 0.6652067347825036,
    "evolved_vs_nash_strategy_1": 1.3674986035621417
  },
  "ranking": [
    {
      "name": "evolved",
      "mean_payoff": 155.11249938309192,
      "std_payoff": 35.84499217465619
    },
    {
      "name": "nash_strategy_1",
      "mean_payoff": 92.17499921992422,
      "std_payoff": 37.24894327843713
    },
    {
      "name": "best_heuristic",
      "mean_payoff": 91.43874807655811,
      "std_payoff": 49.55533306956918
    }
  ],
  "insights": {
    "evolution_vs_nash": {
      "evolved_payoff": 155.11249938309192,
      "best_nash_payoff": 92.17499921992422,
      "gap": 62.9375001631677
    }
  }
}
