{
  "scenario": "sparse_heroics",
  "strategies": {
    "best_heuristic": [
      1.0,
      0.9,
      0.5,
      0.8,
      0.5,
      0.7,
      0.1,
      0.0,
      0.0,
      0.8
    ],
    "evolved": [
      0.03669112175703049,
      0.2563321435453734,
      0.6309286378092851,
      0.43606205845600826,
      0.7724276781082153,
      0.29825612902641296,
      0.1984812468290329,
      0.40879201889038086,
      0.7748205421705867,
      0.8200708242178729
    ]
  },
  "tournament": {
    "best_heuristic": {
      "mean_payoff": 95.76499798893929,
      "std_payoff": 46.444903258076664,
      "payoffs": [
        68.59999942779541,
        110.24999743700027,
        107.42499762773514,
        194.17499613761902,
        59.24999916553497,
        39.92499929666519,
        141.47499632835388,
        92.92499703168869,
        32.39999997615814,
        111.22499746084213
      ]
    },
    "evolved": {
      "mean_payoff": 59.69999993443489,
      "std_payoff": 25.02735002173543,
      "payoffs": [
        38.69999998807907,
        61.55000001192093,
        70.35000002384186,
        109.64999961853027,
        52.65000003576279,
        72.42499995231628,
        83.20000004768372,
        52.72500002384186,
        41.5249999165535,
        14.224999725818634
      ]
    }
  },
  "distances": {
    "best_heuristic_vs_evolved": 1.58273168816845
  },
  "ranking": [
    {
      "name": "best_heuristic",
      "mean_payoff": 95.76499798893929,
      "std_payoff": 46.444903258076664
    },
    {
      "name": "evolved",
      "mean_payoff": 59.69999993443489,
      "std_payoff": 25.02735002173543
    }
  ],
  "insights": {}
}