{
  "scenario": "chain_reaction",
  "strategies": {
    "best_heuristic": [
      0.9,
      0.6,
      0.7,
      0.6,
      0.8,
      1.0,
      0.05,
      0.0,
      0.2,
      0.6
    ],
    "evolved": [
      1.0,
      0.6084875927416177,
      0.0,
      0.0,
      0.9715241005655197,
      0.0623798951269138,
      0.0,
      0.0,
      0.236598773550739,
      0.13270286667796355
    ],
    "evolved_v3": [
      0.03877902776002884,
      0.0,
      0.6734379529953003,
      0.6538131833076477,
      0.2735898792743683,
      0.9018696546554565,
      0.6868285536766052,
      0.7517117857933044,
      0.1826997846364975,
      0.3525717258453369
    ],
    "evolved_v4": [
      0.3060885233641002,
      0.06352264031873198,
      0.014818693619284187,
      0.9073119055652519,
      0.9477873275024511,
      0.5571028379732136,
      0.5980114834945792,
      0.7947088089477861,
      1.0,
      0.8501413166770448
    ],
    "nash_strategy_1": [
      0.7,
      0.2,
      0.0,
      0.9,
      0.0,
      0.0,
      0.1,
      0.0,
      0.9,
      0.0
    ]
  },
  "tournament": {
    "best_heuristic": {
      "mean_payoff": 35.10200038060546,
      "std_payoff": 37.83179165523108,
      "payoffs": [
        -2.7999995201826096,
        13.75000037252903,
        40.35000020265579,
        39.450000166893005,
        3.900000035762787,
        3.450000047683716,
        47.25000023841858,
        53.550000071525574,
        32.14999973773956,
        71.40000051259995,
        -7.999999716877937,
        2.149999737739563,
        29.200000256299973,
        -29.149999916553497,
        36.30000013113022,
        52.500001311302185,
        39.44999986886978,
        54.44999998807907,
        82.30000078678131,
        43.8000003695488,
        73.90000021457672,
        120.95000100135803,
        2.0000002831220627,
        -17.84999980032444,
        78.75000077486038,
        27.65000092983246,
        78.70000040531158,
        -38.94999985396862,
        39.45000022649765,
        -5.299999222159386,
        -38.54999989271164,
        13.849999964237213,
        62.45000046491623,
        20.49999988079071,
        56.750000298023224,
        -13.999999701976776,
        9.850000336766243,
        75.35000079870224,
        45.549999952316284,
        78.25000089406967,
        29.000000417232513,
        41.39999973773956,
        56.200000286102295,
        -3.8000001907348633,
        54.30000030994415,
        120.80000114440918,
        92.35000133514404,
        32.30000030994415,
        6.399999678134918,
        101.35000139474869,
        11.999999970197678,
        72.40000063180923,
        54.10000079870224,
        77.35000067949295,
        80.05000048875809,
        9.050000190734863,
        10.200000375509262,
        -75.89999902248383,
        2.100000709295273,
        67.00000017881393,
        1.999999761581421,
        36.74999964237213,
        -39.049999371171,
        2.1000002026557922,
        48.600000753998756,
        45.64999997615814,
        38.05000042915344,
        33.20000022649765,
        -7.749999940395355,
        44.500000059604645,
        22.200000509619713,
        40.55000001192093,
        -29.59999978542328,
        91.85000067949295,
        17.600000217556953,
        78.85000044107437,
        15.699999809265137,
        67.80000120401382,
        4.250000432133675,
        7.950000375509262,
        56.100000500679016,
        65.3500006198883,
        27.150000393390656,
        18.950000673532486,
        53.800000071525574,
        5.650000378489494,
        80.50000035762787,
        109.90000116825104,
        14.500000655651093,
        68.55000019073486,
        2.8000005036592484,
        67.80000126361847,
        -21.199999570846558,
        31.20000058412552,
        18.899999976158142,
        16.000000298023224,
        63.45000046491623,
        113.50000166893005,
        13.199999928474426,
        69.50000023841858
      ]
    },
    "evolved": {
      "mean_payoff": 75.22750046402216,
      "std_payoff": 39.075913187167146,
      "payoffs": [
        77.80000108480453,
        23.200000047683716,
        99.35000079870224,
        125.15000057220459,
        82.30000025033951,
        16.200000405311584,
        110.1000007390976,
        85.40000081062317,
        118.40000104904175,
        91.30000084638596,
        81.70000046491623,
        79.75000041723251,
        -6.250000238418579,
        120.40000081062317,
        82.30000025033951,
        136.4500014781952,
        44.25,
        122.30000066757202,
        98.65000081062317,
        147.90000104904175,
        122.00000071525574,
        123.65000057220459,
        26.750000298023224,
        40.900000274181366,
        79.75000041723251,
        89.90000081062317,
        80.80000013113022,
        27.149999797344208,
        72.35000020265579,
        82.35000079870224,
        17.34999980032444,
        121.40000081062317,
        55.70000010728836,
        123.3500006198883,
        84.75000059604645,
        34.000000298023224,
        45.30000025033951,
        77.60000026226044,
        121.70000076293945,
        123.95000052452087,
        49.80000066757202,
        45.59999990463257,
        111.95000123977661,
        48.50000023841858,
        108.40000104904175,
        165.60000038146973,
        107.2000013589859,
        87.60000050067902,
        83.65000015497208,
        113.40000116825104,
        17.700000077486038,
        107.95000112056732,
        57.700000286102295,
        84.25000011920929,
        123.65000057220459,
        46.1000000834465,
        61.25000101327896,
        -9.249999910593033,
        150.4500012397766,
        71.200000166893,
        41.999999940395355,
        81.55000019073486,
        44.1000000834465,
        44.650000154972076,
        72.2500011920929,
        82.00000023841858,
        39.55000030994415,
        32.30000001192093,
        -10.599999472498894,
        102.35000032186508,
        97.8500007390976,
        49.79999989271164,
        13.20000022649765,
        56.750000059604645,
        45.95000034570694,
        18.69999986886978,
        19.900000035762787,
        42.000000178813934,
        107.20000106096268,
        -2.25,
        87.35000085830688,
        47.550000071525574,
        58.20000022649765,
        95.50000059604645,
        156.4500012397766,
        42.54999989271164,
        123.95000052452087,
        112.60000067949295,
        52.6500004529953,
        77.80000054836273,
        86.2000008225441,
        80.9500002861023,
        61.50000023841858,
        19.849999964237213,
        84.55000013113022,
        82.30000019073486,
        80.05000084638596,
        133.40000128746033,
        58.35000002384186,
        81.70000034570694
      ]
    },
    "evolved_v3": {
      "mean_payoff": -7.011999813318252,
      "std_payoff": 34.657368497081286,