{
  "scenario": "chain_reaction",
  "strategies": {
    "best_heuristic": [
      0.9,
      0.6,
      0.7,
      0.6,
      0.8,
      1.0,
      0.05,
      0.0,
      0.2,
      0.6
    ],
    "evolved": [
      0.28335046768188477,
      0.42864770413423653,
      0.831150233745575,
      0.610755163563718,
      0.8296320073367707,
      0.8633829708692186,
      0.18908766657875412,
      0.0,
      1.0,
      0.9066137671470642
    ]
  },
  "tournament": {
    "best_heuristic": {
      "mean_payoff": 34.77000028342009,
      "std_payoff": 39.31113229366789,
      "payoffs": [
        -27.699999883770943,
        52.45000034570694,
        58.700000166893005,
        81.25000059604645,
        1.5000000596046448,
        -23.700000047683716,
        87.15000110864639,
        50.60000026226044,
        11.549999713897705,
        55.900000512599945
      ]
    },
    "evolved": {
      "mean_payoff": 28.56000013798475,
      "std_payoff": 18.53501818085002,
      "payoffs": [
        3.2000001668930054,
        6.80000014603138,
        63.50000023841858,
        44.8500000834465,
        45.599999845027924,
        15.600000381469727,
        20.30000002682209,
        19.000000193715096,
        42.55000019073486,
        24.20000010728836
      ]
    }
  },
  "distances": {
    "best_heuristic_vs_evolved": 1.0953693267876292
  },
  "ranking": [
    {
      "name": "best_heuristic",
      "mean_payoff": 34.77000028342009,
      "std_payoff": 39.31113229366789
    },
    {
      "name": "evolved",
      "mean_payoff": 28.56000013798475,
      "std_payoff": 18.53501818085002
    }
  ],
  "insights": {}
}