{
  "scenario": "chain_reaction",
  "strategies": {
    "best_heuristic": [
      0.9,
      0.6,
      0.7,
      0.6,
      0.8,
      1.0,
      0.05,
      0.0,
      0.2,
      0.6
    ],
    "evolved": [
      1.0,
      0.6084875927416177,
      0.0,
      0.0,
      0.9715241005655197,
      0.0623798951269138,
      0.0,
      0.0,
      0.236598773550739,
      0.13270286667796355
    ],
    "evolved_v3": [
      0.03877902776002884,
      0.0,
      0.6734379529953003,
      0.6538131833076477,
      0.2735898792743683,
      0.9018696546554565,
      0.6868285536766052,
      0.7517117857933044,
      0.1826997846364975,
      0.3525717258453369
    ],
    "nash_strategy_1": [
      0.7,
      0.2,
      0.0,
      0.9,
      0.0,
      0.0,
      0.1,
      0.0,
      0.9,
      0.0
    ]
  },
  "tournament": {
    "best_heuristic": {
      "mean_payoff": 33.950000315159556,
      "std_payoff": 34.32127269090975,
      "payoffs": [
        -1.8999997228384018,
        32.000000059604645,
        -11.499999463558197,
        37.950000166893005,
        42.599999845027924,
        10.500000536441803,
        47.85000014305115,
        45.25000047683716,
        30.049999833106995,
        5.5500002801418304,
        37.1999996304512,
        -28.39999958872795,
        60.10000014305115,
        -30.650000035762787,
        70.35000020265579,
        27.00000062584877,
        53.15000057220459,
        90.35000133514404,
        94.15000104904175,
        67.40000021457672
      ]
    },
    "evolved": {
      "mean_payoff": 92.05750062167644,
      "std_payoff": 27.591019027414173,
      "payoffs": [
        34.40000033378601,
        80.05000048875809,
        119.3000009059906,
        124.55000066757202,
        120.40000081062317,
        81.40000081062317,
        110.1000007390976,
        129.90000104904175,
        103.75000071525574,
        78.10000050067902,
        118.20000064373016,
        79.45000040531158,
        75.85000056028366,
        50.10000020265579,
        77.10000026226044,
        136.75000143051147,
        56.450000405311584,
        82.30000019073486,
        107.35000050067902,
        75.65000081062317
      ]
    },
    "evolved_v3": {
      "mean_payoff": -4.112499809265136,
      "std_payoff": 22.18844204343491,
      "payoffs": [
        -28.30000016093254,
        2.000000610947609,
        18.200000405311584,
        -38.59999939799309,
        3.0,
        15.90000033378601,
        17.000000074505806,
        14.200000822544098,
        -9.599999755620956,
        -4.499999955296516,
        24.29999953508377,
        -31.69999897480011,
        -13.20000022649765,
        -59.29999929666519,
        3.499999761581421,
        -28.799999356269836,
        17.500000059604645,
        -1.300000175833702,
        15.999999701976776,
        1.4499998092651367
      ]
    },
    "nash_strategy_1": {
      "mean_payoff": -2.6749998264014723,
      "std_payoff": 23.48135153673849,
      "payoffs": [
        -21.69999985396862,
        7.70000022649765,
        5.7500001192092896,
        -36.49999938905239,
        6.6000001430511475,
        18.300000250339508,
        47.70000022649765,
        -11.099999845027924,
        16.049999952316284,
        -4.49999962747097,
        -3.7999999970197678,
        -23.59999978542328,
        -52.299999475479126,
        -25.250000059604645,
        6.4999998807907104,
        -26.69999949634075,
        18.100000262260437,
        23.54999989271164,
        18.69999986886978,
        -16.999999821186066
      ]
    }
  },
  "distances": {
    "best_heuristic_vs_evolved": 1.4109677878690168,
    "best_heuristic_vs_evolved_v3": 1.556978293980276,
    "best_heuristic_vs_nash_strategy_1": 1.8090052515125543,
    "evolved_vs_evolved_v3": 2.110710776985326,
    "evolved_vs_nash_strategy_1": 1.5755391714579685,
    "evolved_v3_vs_nash_strategy_1": 1.8514385964822393
  },
  "ranking": [
    {
      "name": "evolved",
      "mean_payoff": 92.05750062167644,
      "std_payoff": 27.591019027414173
    },
    {
      "name": "best_heuristic",
      "mean_payoff": 33.950000315159556,
      "std_payoff": 34.32127269090975
    },
    {
      "name": "nash_strategy_1",
      "mean_payoff": -2.6749998264014723,
      "std_payoff": 23.48135153673849
    },
    {
      "name": "evolved_v3",
      "mean_payoff": -4.112499809265136,
      "std_payoff": 22.18844204343491
    }
  ],
  "insights": {
    "evolution_vs_nash": {
      "evolved": {
        "evolved_payoff": 92.05750062167644,
        "best_nash_payoff": -2.6749998264014723,
        "gap": 94.73250044807791
      },
      "evolved_v3": {
        "evolved_payoff": -4.112499809265136,
        "best_nash_payoff": -2.6749998264014723,
        "gap": -1.437499982863664
      }
    }
  }
}