{
  "scenario": "chain_reaction",
  "strategies": {
    "best_heuristic": [
      0.9,
      0.6,
      0.7,
      0.6,
      0.8,
      1.0,
      0.05,
      0.0,
      0.2,
      0.6
    ],
    "evolved": [
      1.0,
      0.6084875927416177,
      0.0,
      0.0,
      0.9715241005655197,
      0.0623798951269138,
      0.0,
      0.0,
      0.236598773550739,
      0.13270286667796355
    ],
    "nash_strategy_1": [
      0.7,
      0.2,
      0.0,
      0.9,
      0.0,
      0.0,
      0.1,
      0.0,
      0.9,
      0.0
    ]
  },
  "tournament": {
    "best_heuristic": {
      "mean_payoff": 40.63500031158328,
      "std_payoff": 33.44535908549697,
      "payoffs": [
        8.000000238418579,
        49.75000035762787,
        85.50000083446503,
        84.40000069141388,
        5.700000107288361,
        14.700000166893005,
        59.050000071525574,
        35.650000274181366,
        91.10000097751617,
        39.300000593066216,
        96.25000125169754,
        0.9499996304512024,
        24.549999713897705,
        -26.25,
        71.25000017881393,
        13.850000083446503,
        12.700000405311584,
        31.300000071525574,
        57.85000032186508,
        57.10000026226044
      ]
    },
    "evolved": {
      "mean_payoff": 89.3700006365776,
      "std_payoff": 25.361316262636464,
      "payoffs": [
        34.10000032186508,
        97.60000085830688,
        119.00000095367432,
        123.50000041723251,
        119.20000100135803,
        82.30000066757202,
        107.90000081062317,
        79.75000095367432,
        72.90000027418137,
        86.90000063180923,
        100.15000063180923,
        79.75000047683716,
        64.90000021457672,
        50.400000274181366,
        73.0500003695488,
        135.25000166893005,
        82.00000071525574,
        121.70000076293945,
        81.10000050067902,
        75.95000022649765
      ]
    },
    "nash_strategy_1": {
      "mean_payoff": 1.86750009059906,
      "std_payoff": 25.628832709808147,
      "payoffs": [
        -24.699999824166298,
        37.40000021457672,
        -6.6999998688697815,
        -33.79999950528145,
        5.3999998569488525,
        6.449999988079071,
        21.80000002682209,
        -12.899999797344208,
        23.200000047683716,
        -2.9999997466802597,
        -1.999999925494194,
        4.549999833106995,
        -51.69999969005585,
        -26.45000010728836,
        5.299999833106995,
        -22.049999713897705,
        16.000000298023224,
        20.84999978542328,
        17.799999833106995,
        61.900000274181366
      ]
    }
  },
  "distances": {
    "best_heuristic_vs_evolved": 1.4109677878690168,
    "best_heuristic_vs_nash_strategy_1": 1.8090052515125543,
    "evolved_vs_nash_strategy_1": 1.5755391714579685
  },
  "ranking": [
    {
      "name": "evolved",
      "mean_payoff": 89.3700006365776,
      "std_payoff": 25.361316262636464
    },
    {
      "name": "best_heuristic",
      "mean_payoff": 40.63500031158328,
      "std_payoff": 33.44535908549697
    },
    {
      "name": "nash_strategy_1",
      "mean_payoff": 1.86750009059906,
      "std_payoff": 25.628832709808147
    }
  ],
  "insights": {
    "evolution_vs_nash": {
      "evolved_payoff": 89.3700006365776,
      "best_nash_payoff": 1.86750009059906,
      "gap": 87.50250054597853
    }
  }
}
