{
  "trainer": "ippo",
  "scenario": "minimal_specialization",
  "seeds": [
    42,
    43,
    44,
    45
  ],
  "num_iterations": 50,
  "n_seeds_completed": 4,
  "n_seeds_failed": 0,
  "failed_seeds": [],
  "gap_closed_mean": -0.04643744766651924,
  "gap_closed_std": 0.09235170341967722,
  "gap_closed_per_seed": [
    -0.0314464974089991,
    0.09755882414897205,
    -0.10984962188237274,
    -0.14201249552367717
  ],
  "trailing5_team_mean": -90.47559814453125,
  "iter0_gap_closed_mean": -0.09396011563395265,
  "min_iter_gap_closed_mean": -0.42844182327213937,
  "mean_traj_gap_closed": [
    -0.09396011563395266,
    -0.08437798695810163,
    -0.19341635760290277,
    -0.014121728992880032,
    -0.14777987550556118,
    -0.1359122713125632,
    -0.1098257591316987,
    -0.09288114901942199,
    -0.22836294453835945,
    -0.10754851214926694,
    -0.18001413168551988,
    -0.08884710987529493,
    -0.05549685867458714,
    -0.22528135828751686,
    -0.14253212749094205,
    -0.14885061358537666,
    -0.11069078384363415,
    -0.14069510711577352,
    -0.25387860212335694,
    -0.1082520518674166,
    -0.1649075705152511,
    -0.15556098364562268,
    -0.021670381027237125,
    -0.062114657719287175,
    -0.19655862929726997,
    -0.05000842601954838,
    -0.09729370076044828,
    -0.10956244602081228,
    -0.160251248433287,
    -0.1283471622087757,
    -0.08678586192913719,
    -0.13506370367005816,
    -0.025980076084323407,
    -0.14667725185372432,
    -0.04752752280291542,
    0.005884924600290678,
    -0.2119501034820526,
    -0.10909856237624285,
    -0.19422069687131363,
    -0.11413442562194558,
    -0.29212997431380605,
    -0.11971440072569095,
    -0.16131684367890547,
    -0.13538358795711158,
    -0.1175029820209808,
    -0.07056536287179813,
    -0.04584170175313871,
    -0.01699863044268202,
    -0.0944929132567619,
    -0.004288630008215388
  ],
  "verdict_tier": "insufficient",
  "verdict_reason": "gap_closed_mean = -0.046 < 0.2",
  "command_invoked": "/home/sphere/GitHub/bucket-brigade/.venv/bin/python3 -m experiments.p3_specialization.train --scenario minimal_specialization --algorithm ppo --lambda-red 0.0 --seed 42 --output-dir experiments/p3_specialization/phase_diagram_ppo_v2/cell_b0.50_k0.30_c1.00/seed_42 --num-iterations 50 --rollout-steps 2048 --prob-fire-spreads-to-neighbor 0.5 --prob-solo-agent-extinguishes-fire 0.3 --cost-to-work-one-night 1.0 && /home/sphere/GitHub/bucket-brigade/.venv/bin/python3 -m experiments.p3_specialization.train --scenario minimal_specialization --algorithm ppo --lambda-red 0.0 --seed 43 --output-dir experiments/p3_specialization/phase_diagram_ppo_v2/cell_b0.50_k0.30_c1.00/seed_43 --num-iterations 50 --rollout-steps 2048 --prob-fire-spreads-to-neighbor 0.5 --prob-solo-agent-extinguishes-fire 0.3 --cost-to-work-one-night 1.0 && /home/sphere/GitHub/bucket-brigade/.venv/bin/python3 -m experiments.p3_specialization.train --scenario minimal_specialization --algorithm ppo --lambda-red 0.0 --seed 44 --output-dir experiments/p3_specialization/phase_diagram_ppo_v2/cell_b0.50_k0.30_c1.00/seed_44 --num-iterations 50 --rollout-steps 2048 --prob-fire-spreads-to-neighbor 0.5 --prob-solo-agent-extinguishes-fire 0.3 --cost-to-work-one-night 1.0 && /home/sphere/GitHub/bucket-brigade/.venv/bin/python3 -m experiments.p3_specialization.train --scenario minimal_specialization --algorithm ppo --lambda-red 0.0 --seed 45 --output-dir experiments/p3_specialization/phase_diagram_ppo_v2/cell_b0.50_k0.30_c1.00/seed_45 --num-iterations 50 --rollout-steps 2048 --prob-fire-spreads-to-neighbor 0.5 --prob-solo-agent-extinguishes-fire 0.3 --cost-to-work-one-night 1.0",
  "git_sha": "0a9448d7",
  "wall_clock_seconds": 481.03625468799146,
  "cell": {
    "beta": 0.5,
    "kappa": 0.3,
    "c": 1.0,
    "tag": "b0.50_k0.30_c1.00",
    "ne_verdict": "symmetric_only",
    "ne_verdict_detail": "Symmetric NE (-3479.64) dominates best asymmetric NE (-3543.26) by gap=63.63 > epsilon=50.0."
  },
  "rollout_steps": 2048,
  "sweep": "phase_diagram_ppo",
  "gap_closed_homogeneous_mean": 0.10341897930074329,
  "gap_closed_homogeneous_per_seed": [
    0.12812691141552626,
    0.340752173506642,
    -0.001096322855644641,
    -0.054106844863550455
  ],
  "gap_closed_ne_mean": 0.3718907499056351,
  "gap_closed_ne_per_seed": [
    0.4607395421187499,
    1.225331967054614,
    -0.003942335649424094,
    -0.19456617390139933
  ],
  "baseline_source": "per_cell"
}