{
  "trainer": "ippo",
  "scenario": "minimal_specialization",
  "seeds": [
    42,
    43,
    44,
    45
  ],
  "num_iterations": 50,
  "n_seeds_completed": 4,
  "n_seeds_failed": 0,
  "failed_seeds": [],
  "gap_closed_mean": 0.0976234181464863,
  "gap_closed_std": 0.10962362923648847,
  "gap_closed_per_seed": [
    0.23356662874957862,
    0.16040014376895856,
    0.052591527637344,
    -0.05606462756993598
  ],
  "trailing5_team_mean": -81.9270263671875,
  "iter0_gap_closed_mean": 0.05186700515567069,
  "min_iter_gap_closed_mean": -0.278858376385027,
  "mean_traj_gap_closed": [
    0.05186700515567069,
    0.01964612034462418,
    -0.03178016449170039,
    0.07384747851365013,
    -0.04632821386817494,
    0.0030923656313194955,
    0.06682853840158406,
    0.08788947300513984,
    -0.1099203872809235,
    0.008282513902932236,
    -0.08494472728661107,
    -0.09347566065259523,
    0.053465398024098394,
    -0.07806978653206102,
    -0.0004335614941439356,
    -0.040878866753033385,
    0.013034492700960547,
    0.02089480048765586,
    -0.022541577140208983,
    0.061107649640840894,
    -0.002959721651710501,
    -0.03556323332701383,
    0.09456281465916748,
    -0.010698658551356608,
    0.0626936997071958,
    0.029082192529280397,
    0.043152986892273315,
    -0.0008779023687647647,
    -0.10814919518347658,
    0.014104202213936616,
    0.07394622093023254,
    0.09272373715032016,
    0.010360218918520372,
    0.05224757488624871,
    0.08175715750863664,
    0.148130575655123,
    -0.11031329981357434,
    0.07387833551883213,
    -0.04198560467222786,
    0.015488653179769107,
    -0.1328635992005814,
    -0.003358805585397727,
    0.05904845882836196,
    0.018922009289686532,
    -0.08816208436025448,
    0.07659992337588471,
    0.09920165110486179,
    0.08999392075855238,
    0.08128607389619141,
    0.14103552159694133
  ],
  "verdict_tier": "insufficient",
  "verdict_reason": "gap_closed_mean = 0.098 < 0.2",
  "command_invoked": "/home/sphere/GitHub/bucket-brigade/.venv/bin/python3 -m experiments.p3_specialization.train --scenario minimal_specialization --algorithm ppo --lambda-red 0.0 --seed 42 --output-dir experiments/p3_specialization/phase_diagram_ppo_v2/cell_b0.90_k0.50_c0.50/seed_42 --num-iterations 50 --rollout-steps 2048 --prob-fire-spreads-to-neighbor 0.9 --prob-solo-agent-extinguishes-fire 0.5 --cost-to-work-one-night 0.5 && /home/sphere/GitHub/bucket-brigade/.venv/bin/python3 -m experiments.p3_specialization.train --scenario minimal_specialization --algorithm ppo --lambda-red 0.0 --seed 43 --output-dir experiments/p3_specialization/phase_diagram_ppo_v2/cell_b0.90_k0.50_c0.50/seed_43 --num-iterations 50 --rollout-steps 2048 --prob-fire-spreads-to-neighbor 0.9 --prob-solo-agent-extinguishes-fire 0.5 --cost-to-work-one-night 0.5 && /home/sphere/GitHub/bucket-brigade/.venv/bin/python3 -m experiments.p3_specialization.train --scenario minimal_specialization --algorithm ppo --lambda-red 0.0 --seed 44 --output-dir experiments/p3_specialization/phase_diagram_ppo_v2/cell_b0.90_k0.50_c0.50/seed_44 --num-iterations 50 --rollout-steps 2048 --prob-fire-spreads-to-neighbor 0.9 --prob-solo-agent-extinguishes-fire 0.5 --cost-to-work-one-night 0.5 && /home/sphere/GitHub/bucket-brigade/.venv/bin/python3 -m experiments.p3_specialization.train --scenario minimal_specialization --algorithm ppo --lambda-red 0.0 --seed 45 --output-dir experiments/p3_specialization/phase_diagram_ppo_v2/cell_b0.90_k0.50_c0.50/seed_45 --num-iterations 50 --rollout-steps 2048 --prob-fire-spreads-to-neighbor 0.9 --prob-solo-agent-extinguishes-fire 0.5 --cost-to-work-one-night 0.5",
  "git_sha": "0a9448d7",
  "wall_clock_seconds": 472.96381608600495,
  "cell": {
    "beta": 0.9,
    "kappa": 0.5,
    "c": 0.5,
    "tag": "b0.90_k0.50_c0.50",
    "ne_verdict": "symmetric_only",
    "ne_verdict_detail": "Symmetric NE (-821.68) dominates best asymmetric NE (-876.56) by gap=54.88 > epsilon=50.0."
  },
  "rollout_steps": 2048,
  "sweep": "phase_diagram_ppo",
  "gap_closed_homogeneous_mean": 0.1007878642719608,
  "gap_closed_homogeneous_per_seed": [
    0.2362442412990135,
    0.16333977677069364,
    0.05591723989884054,
    -0.052349800880704477
  ],
  "gap_closed_ne_mean": 0.3172432088176021,
  "gap_closed_ne_per_seed": [
    0.7436101728690877,
    0.5141336735786113,
    0.17600695026005142,
    -0.16477796143734205
  ],
  "baseline_source": "per_cell"
}