{
  "trainer": "ippo",
  "scenario": "minimal_specialization",
  "seeds": [
    42,
    43,
    44,
    45
  ],
  "num_iterations": 50,
  "n_seeds_completed": 4,
  "n_seeds_failed": 0,
  "failed_seeds": [],
  "gap_closed_mean": 0.2808183722115141,
  "gap_closed_std": 0.1961939008727809,
  "gap_closed_per_seed": [
    0.36640809319177614,
    0.47512349384900565,
    0.3275759921638019,
    -0.045834090358527244
  ],
  "trailing5_team_mean": -71.05623779296874,
  "iter0_gap_closed_mean": 0.2738348147987234,
  "min_iter_gap_closed_mean": -0.07736213254655377,
  "mean_traj_gap_closed": [
    0.2738348147987234,
    0.17319777809814205,
    0.10776035577550976,
    0.16828020003897032,
    0.07222028577371922,
    0.17631022135416663,
    0.169976306757141,
    0.2244255495344624,
    0.09803834200950032,
    0.15253695599511288,
    0.11960121723068333,
    0.13241201721541115,
    0.1739661175271739,
    0.127200269040171,
    0.10586264995681663,
    0.1622291413227797,
    0.17185241267220674,
    0.13242024575012637,
    0.15100541997124617,
    0.24714967671732807,
    0.07918882611065468,
    0.16762911722963006,
    0.20122828160547268,
    0.12129732394885404,
    0.19546213590379588,
    0.21480330675187476,
    0.34418467234633043,
    0.21574958824412283,
    0.0702629230783409,
    0.2796328460724216,
    0.2858135042103766,
    0.21957071405249406,
    0.27417527042256484,
    0.2828111176061678,
    0.2646702842596688,
    0.24977355072463764,
    0.22837730333143744,
    0.18383418778437813,
    0.2809072403864383,
    0.10789201233095295,
    0.2247989192971646,
    0.20988161442534545,
    0.3249864722889282,
    0.2093580739040908,
    0.21514684807623438,
    0.24267232526541957,
    0.35963683197463764,
    0.28485899418341337,
    0.24212409914001934,
    0.2747996104940807
  ],
  "verdict_tier": "partial_lower",
  "verdict_reason": "0.2 <= gap_closed_mean < 0.49",
  "command_invoked": "/home/sphere/GitHub/bucket-brigade/.venv/bin/python3 -m experiments.p3_specialization.train --scenario minimal_specialization --algorithm ppo --lambda-red 0.0 --seed 42 --output-dir experiments/p3_specialization/phase_diagram_ppo_v2/cell_b0.90_k0.90_c1.00/seed_42 --num-iterations 50 --rollout-steps 2048 --prob-fire-spreads-to-neighbor 0.9 --prob-solo-agent-extinguishes-fire 0.9 --cost-to-work-one-night 1.0 && /home/sphere/GitHub/bucket-brigade/.venv/bin/python3 -m experiments.p3_specialization.train --scenario minimal_specialization --algorithm ppo --lambda-red 0.0 --seed 43 --output-dir experiments/p3_specialization/phase_diagram_ppo_v2/cell_b0.90_k0.90_c1.00/seed_43 --num-iterations 50 --rollout-steps 2048 --prob-fire-spreads-to-neighbor 0.9 --prob-solo-agent-extinguishes-fire 0.9 --cost-to-work-one-night 1.0 && /home/sphere/GitHub/bucket-brigade/.venv/bin/python3 -m experiments.p3_specialization.train --scenario minimal_specialization --algorithm ppo --lambda-red 0.0 --seed 44 --output-dir experiments/p3_specialization/phase_diagram_ppo_v2/cell_b0.90_k0.90_c1.00/seed_44 --num-iterations 50 --rollout-steps 2048 --prob-fire-spreads-to-neighbor 0.9 --prob-solo-agent-extinguishes-fire 0.9 --cost-to-work-one-night 1.0 && /home/sphere/GitHub/bucket-brigade/.venv/bin/python3 -m experiments.p3_specialization.train --scenario minimal_specialization --algorithm ppo --lambda-red 0.0 --seed 45 --output-dir experiments/p3_specialization/phase_diagram_ppo_v2/cell_b0.90_k0.90_c1.00/seed_45 --num-iterations 50 --rollout-steps 2048 --prob-fire-spreads-to-neighbor 0.9 --prob-solo-agent-extinguishes-fire 0.9 --cost-to-work-one-night 1.0",
  "git_sha": "0a9448d7",
  "wall_clock_seconds": 473.7921569420141,
  "cell": {
    "beta": 0.9,
    "kappa": 0.9,
    "c": 1.0,
    "tag": "b0.90_k0.90_c1.00",
    "ne_verdict": "mixed",
    "ne_verdict_detail": "Symmetric NE (67.37) and asymmetric NE (66.27) both converge within epsilon=50.0 (|gap|=1.10)."
  },
  "rollout_steps": 2048,
  "sweep": "phase_diagram_ppo",
  "gap_closed_homogeneous_mean": 0.06817385998075842,
  "gap_closed_homogeneous_per_seed": [
    0.11415389886736872,
    0.17255738812451443,
    0.09329273125441678,
    -0.10730857832326626
  ],
  "gap_closed_ne_mean": 0.13775348010377061,
  "gap_closed_ne_per_seed": [
    0.23066167649641983,
    0.3486729479374931,
    0.18850917935861244,
    -0.2168298833774429
  ],
  "baseline_source": "per_cell"
}