{
  "trainer": "ippo",
  "scenario": "minimal_specialization",
  "seeds": [
    42,
    43,
    44,
    45
  ],
  "num_iterations": 50,
  "n_seeds_completed": 4,
  "n_seeds_failed": 0,
  "failed_seeds": [],
  "gap_closed_mean": 0.12561175041340153,
  "gap_closed_std": 0.13406817988609995,
  "gap_closed_per_seed": [
    0.2375689880350521,
    0.17496465021486352,
    0.19313983769379836,
    -0.10322647429010787
  ],
  "trailing5_team_mean": -80.26619873046874,
  "iter0_gap_closed_mean": 0.055059676625168495,
  "min_iter_gap_closed_mean": -0.2502745039180991,
  "mean_traj_gap_closed": [
    0.055059676625168495,
    0.010990730391072612,
    0.042549218157545476,
    0.09392098895138185,
    0.01886338097984073,
    0.0810402464215748,
    0.05553384593813193,
    0.09653457729029741,
    -0.047808321550071635,
    0.03404914179674332,
    0.052301060361897515,
    0.026727803033893643,
    -0.01547018011933352,
    -0.012402993804242519,
    0.049757414568061153,
    0.12859603424123692,
    0.037242841833080534,
    0.021213656207869882,
    -0.035835803539454855,
    0.12498987890230027,
    0.07155583159546677,
    0.020515259323917238,
    0.03386605689933011,
    -0.01346550334934279,
    0.04125733820725899,
    0.0459126317223837,
    0.14382602343223372,
    0.05739143765008845,
    -0.10929913290992586,
    0.12600507437278816,
    0.11782693943271821,
    0.11416421291761457,
    0.04911147459291791,
    0.06947401231252104,
    0.07439981890640797,
    0.07080600636954412,
    -0.005720395048660282,
    0.14596338532450706,
    0.08192481390345886,
    -0.016783659973247406,
    -0.007930785186531026,
    0.037324098613393135,
    0.09042077599690342,
    0.019639948943587778,
    0.016645790874094183,
    0.15968755266262216,
    0.15984286625537156,
    0.08028630692829455,
    0.10645099018895346,
    0.12179103603176607
  ],
  "verdict_tier": "insufficient",
  "verdict_reason": "gap_closed_mean = 0.126 < 0.2",
  "command_invoked": "/home/sphere/GitHub/bucket-brigade/.venv/bin/python3 -m experiments.p3_specialization.train --scenario minimal_specialization --algorithm ppo --lambda-red 0.0 --seed 42 --output-dir experiments/p3_specialization/phase_diagram_ppo_v2/cell_b0.10_k0.70_c2.00/seed_42 --num-iterations 50 --rollout-steps 2048 --prob-fire-spreads-to-neighbor 0.1 --prob-solo-agent-extinguishes-fire 0.7 --cost-to-work-one-night 2.0 && /home/sphere/GitHub/bucket-brigade/.venv/bin/python3 -m experiments.p3_specialization.train --scenario minimal_specialization --algorithm ppo --lambda-red 0.0 --seed 43 --output-dir experiments/p3_specialization/phase_diagram_ppo_v2/cell_b0.10_k0.70_c2.00/seed_43 --num-iterations 50 --rollout-steps 2048 --prob-fire-spreads-to-neighbor 0.1 --prob-solo-agent-extinguishes-fire 0.7 --cost-to-work-one-night 2.0 && /home/sphere/GitHub/bucket-brigade/.venv/bin/python3 -m experiments.p3_specialization.train --scenario minimal_specialization --algorithm ppo --lambda-red 0.0 --seed 44 --output-dir experiments/p3_specialization/phase_diagram_ppo_v2/cell_b0.10_k0.70_c2.00/seed_44 --num-iterations 50 --rollout-steps 2048 --prob-fire-spreads-to-neighbor 0.1 --prob-solo-agent-extinguishes-fire 0.7 --cost-to-work-one-night 2.0 && /home/sphere/GitHub/bucket-brigade/.venv/bin/python3 -m experiments.p3_specialization.train --scenario minimal_specialization --algorithm ppo --lambda-red 0.0 --seed 45 --output-dir experiments/p3_specialization/phase_diagram_ppo_v2/cell_b0.10_k0.70_c2.00/seed_45 --num-iterations 50 --rollout-steps 2048 --prob-fire-spreads-to-neighbor 0.1 --prob-solo-agent-extinguishes-fire 0.7 --cost-to-work-one-night 2.0",
  "git_sha": "0a9448d7",
  "wall_clock_seconds": 473.21979842102155,
  "cell": {
    "beta": 0.1,
    "kappa": 0.7,
    "c": 2.0,
    "tag": "b0.10_k0.70_c2.00",
    "ne_verdict": "asymmetric_only",
    "ne_verdict_detail": "All 3 converged restarts produced asymmetric profiles; best asymmetric team payoff = -138.91."
  },
  "rollout_steps": 2048,
  "sweep": "phase_diagram_ppo",
  "gap_closed_homogeneous_mean": 0.06172743676878463,
  "gap_closed_homogeneous_per_seed": [
    0.13861241219324102,
    0.0956198100442331,
    0.1081013509641259,
    -0.09542382612646153
  ],
  "gap_closed_ne_mean": 0.1616342520006439,
  "gap_closed_ne_per_seed": [
    0.36295875441549746,
    0.2503819578777495,
    0.2830650666541456,
    -0.24986877094481685
  ],
  "baseline_source": "per_cell"
}