{
  "trainer": "ippo",
  "scenario": "minimal_specialization",
  "seeds": [
    42,
    43,
    44,
    45
  ],
  "num_iterations": 200,
  "n_seeds_completed": 4,
  "n_seeds_failed": 0,
  "failed_seeds": [],
  "gap_closed_mean": -0.26692988103513654,
  "gap_closed_std": 0.054563028160174484,
  "gap_closed_per_seed": [
    -0.20995139239973043,
    -0.3511003854903944,
    -0.2779059234917425,
    -0.22876182275867885
  ],
  "trailing5_team_mean": -103.559619140625,
  "iter0_gap_closed_mean": -0.2151690034059551,
  "min_iter_gap_closed_mean": -0.4976530573285305,
  "mean_traj_gap_closed": [
    -0.2151690034059551,
    -0.2152142603468887,
    -0.2620644513147224,
    -0.22513941606367965,
    -0.3011366198430127,
    -0.27524810677873274,
    -0.3052735156710798,
    -0.27418199724969455,
    -0.2715910373812458,
    -0.30328735310419824,
    -0.26769894046095594,
    -0.25098318647044576,
    -0.307136764500653,
    -0.3065540813861329,
    -0.34178249563558516,
    -0.1864231316618217,
    -0.29996456792951637,
    -0.19262590398682383,
    -0.26769688332727715,
    -0.27380245608595594,
    -0.309602239214695,
    -0.23986746463704922,
    -0.3176158034604609,
    -0.1815533819606821,
    -0.24231751084850017,
    -0.269805959631467,
    -0.18517908006956732,
    -0.2610806271328362,
    -0.2657096921935562,
    -0.2534419755000316,
    -0.282331846601681,
    -0.2765358724616616,
    -0.27528256376785265,
    -0.33972999050756236,
    -0.2578545272410579,
    -0.22967179584149605,
    -0.3235429198725038,
    -0.34119929823764533,
    -0.21781756301741026,
    -0.32056624743927997,
    -0.31092291903648467,
    -0.24538212574649268,
    -0.28909415928731674,
    -0.2731621732284294,
    -0.27844540679900787,
    -0.293259854986887,
    -0.2931343698324802,
    -0.26028194498204205,
    -0.2041587096735971,
    -0.29121557839357937,
    -0.33765228549197424,
    -0.24390767518221268,
    -0.2688637924065765,
    -0.3282290703928105,
    -0.33858776703240856,
    -0.24047997618991196,
    -0.26458804005519043,
    -0.2934357399164244,
    -0.3875156630158304,
    -0.3127254824225333,
    -0.29857857411342476,
    -0.33332356194835905,
    -0.22040543718534084,
    -0.3325793938400531,
    -0.16598139429558478,
    -0.22367627973463305,
    -0.26970567436462545,
    -0.27713964119638945,
    -0.2532162050787833,
    -0.400143378103145,
    -0.2546880842259648,
    -0.2225119420724322,
    -0.24309150739514873,
    -0.27376748481341634,
    -0.329793520555538,
    -0.16995474799618723,
    -0.2543430000513461,
    -0.24527309766151625,
    -0.29426065052162326,
    -0.17691351694814839,
    -0.2933560259863709,
    -0.24034574821737023,
    -0.2978431488232537,
    -0.2609613133794658,
    -0.2584572674089463,
    -0.21474677671838135,
    -0.23763238889503285,
    -0.1558746965316397,
    -0.18477125331774522,
    -0.33704440248988876,
    -0.2765888436538907,
    -0.256541047387144,
    -0.3481097245481547,
    -0.2932773406231568,
    -0.257511500200118,
    -0.26297987580178844,
    -0.24031386264534885,
    -0.19029260011164476,
    -0.3268677621808645,
    -0.2440187604008679,
    -0.2580484120902848,
    -0.2947682482568672,
    -0.31672403601070104,
    -0.2919623179189838,
    -0.25590282166329625,
    -0.2986804022305254,
    -0.31674049308013147,
    -0.2858793736307718,
    -0.2620557084965875,
    -0.2756842191186384,
    -0.3120214284209639,
    -0.3008059356041456,
    -0.2351298857747725,
    -0.3340944727944894,
    -0.24075820351996968,
    -0.2896747852681581,
    -0.24843131214189418,
    -0.2258357558139535,
    -0.16007742063742839,
    -0.20109049479166669,
    -0.2923140877780587,
    -0.2990985146507415,
    -0.396152024482853,
    -0.24927473695020222,
    -0.27896534733632455,
    -0.27977174373841424,
    -0.25407197268916415,
    -0.2042605377906977,
    -0.3008450211440428,
    -0.23407457619754804,
    -0.30449849055759187,
    -0.19803770841232726,
    -0.3287623822990394,
    -0.28671456990436467,
    -0.2783420358316481,
    -0.28686268352923827,
    -0.3176826603050219,
    -0.309581667877907,
    -0.30795653227165487,
    -0.3009849062342012,
    -0.2288473995197169,
    -0.2470777181812437,
    -0.2765276439269464,
    -0.2276460334512976,
    -0.23538908461830133,
    -0.23730839034062184,
    -0.26395032861476236,
    -0.29863154530565383,
    -0.3874482918878497,
    -0.34895314935646277,
    -0.2626049631888271,
    -0.30905298452245533,
    -0.2997115404870239,
    -0.2596570906271065,
    -0.2789468331332154,
    -0.24017192042151164,
    -0.2781054654585861,
    -0.22812945986581565,
    -0.3102481791898382,
    -0.2868873691333839,
    -0.23250909746798112,
    -0.3107727482779323,
    -0.28206750492395516,
    -0.24992684832638187,
    -0.2736620567123778,
    -0.31194531447484836,
    -0.291836832764577,
    -0.25890623683434444,
    -0.24926856554916582,
    -0.2840629245923913,
    -0.22005726731020392,
    -0.2715720088947169,
    -0.2544093426124874,
    -0.25822481130324193,
    -0.26854185098584427,
    -0.2961958990299545,
    -0.20506281992542974,
    -0.22354616602944893,
    -0.3298218061436215,
    -0.14998100854187732,
    -0.2956877870112909,
    -0.23285675305969836,
    -0.27729495478913885,
    -0.2564520763555359,
    -0.3386386810909589,
    -0.2598833753317745,
    -0.2470838895822801,
    -0.30793390380118807,
    -0.251726840295332,
    -0.3237944044647371,
    -0.2890720451002696,
    -0.2540308300155881,
    -0.37940284207006236,
    -0.28553377517273343,
    -0.32424491674039435,
    -0.25417277223942536,
    -0.3403995875200118,
    -0.26020634531934617,
    -0.2292711690575497,
    -0.2505995310393495
  ],
  "verdict_tier": "insufficient",
  "verdict_reason": "gap_closed_mean = -0.267 < 0.2",
  "command_invoked": "/home/sphere/GitHub/bucket-brigade/.venv/bin/python3 -m experiments.p3_specialization.train --scenario minimal_specialization --algorithm ppo --lambda-red 0.0 --seed 42 --output-dir experiments/p3_specialization/phase_diagram_ppo_longbudget/cell_b0.50_k0.10_c2.00/seed_42 --num-iterations 200 --rollout-steps 4096 --prob-fire-spreads-to-neighbor 0.5 --prob-solo-agent-extinguishes-fire 0.1 --cost-to-work-one-night 2.0 && /home/sphere/GitHub/bucket-brigade/.venv/bin/python3 -m experiments.p3_specialization.train --scenario minimal_specialization --algorithm ppo --lambda-red 0.0 --seed 43 --output-dir experiments/p3_specialization/phase_diagram_ppo_longbudget/cell_b0.50_k0.10_c2.00/seed_43 --num-iterations 200 --rollout-steps 4096 --prob-fire-spreads-to-neighbor 0.5 --prob-solo-agent-extinguishes-fire 0.1 --cost-to-work-one-night 2.0 && /home/sphere/GitHub/bucket-brigade/.venv/bin/python3 -m experiments.p3_specialization.train --scenario minimal_specialization --algorithm ppo --lambda-red 0.0 --seed 44 --output-dir experiments/p3_specialization/phase_diagram_ppo_longbudget/cell_b0.50_k0.10_c2.00/seed_44 --num-iterations 200 --rollout-steps 4096 --prob-fire-spreads-to-neighbor 0.5 --prob-solo-agent-extinguishes-fire 0.1 --cost-to-work-one-night 2.0 && /home/sphere/GitHub/bucket-brigade/.venv/bin/python3 -m experiments.p3_specialization.train --scenario minimal_specialization --algorithm ppo --lambda-red 0.0 --seed 45 --output-dir experiments/p3_specialization/phase_diagram_ppo_longbudget/cell_b0.50_k0.10_c2.00/seed_45 --num-iterations 200 --rollout-steps 4096 --prob-fire-spreads-to-neighbor 0.5 --prob-solo-agent-extinguishes-fire 0.1 --cost-to-work-one-night 2.0",
  "git_sha": "0a9448d7",
  "wall_clock_seconds": 3727.492237335071,
  "cell": {
    "beta": 0.5,
    "kappa": 0.1,
    "c": 2.0,
    "tag": "b0.50_k0.10_c2.00",
    "ne_verdict": "no_convergence",
    "ne_verdict_detail": "No restart converged within max_iterations (20 attempted). Likely needs more iterations or a tighter epsilon. Compute budget?"
  },
  "rollout_steps": 4096,
  "sweep": "phase_diagram_ppo",
  "gap_closed_homogeneous_mean": -0.11069659262536673,