{
  "trainer": "ippo",
  "scenario": "minimal_specialization",
  "seeds": [
    42,
    43,
    44,
    45
  ],
  "num_iterations": 50,
  "n_seeds_completed": 4,
  "n_seeds_failed": 0,
  "failed_seeds": [],
  "gap_closed_mean": 0.08824026858815685,
  "gap_closed_std": 0.09908707020400953,
  "gap_closed_per_seed": [
    0.21111719345011418,
    0.1449831611766946,
    0.0475366527037318,
    -0.05067593297791319
  ],
  "trailing5_team_mean": -81.9270263671875,
  "iter0_gap_closed_mean": 0.046881768254950475,
  "min_iter_gap_closed_mean": -0.25205569009424983,
  "mean_traj_gap_closed": [
    0.046881768254950475,
    0.017757818450114222,
    -0.028725589656321417,
    0.06674957159177454,
    -0.04187534213156894,
    0.002795140541698383,
    0.06040526228103577,
    0.07944190903465344,
    -0.09935530512185835,
    0.007486433739527781,
    -0.07678019980483626,
    -0.08449117598057884,
    0.04832653036938307,
    -0.07056604924314548,
    -0.0003918893992764834,
    -0.03694976318545318,
    0.011781672458111177,
    0.018886480745430295,
    -0.020374976199543048,
    0.05523424112242953,
    -0.0026752457397182195,
    -0.03214504593488197,
    0.08547383734767705,
    -0.009670348795696894,
    0.056667846772658015,
    0.026286935334158396,
    0.0390053045268469,
    -0.0007935221106245413,
    -0.09775435250856818,
    0.012748566022467612,
    0.06683882330540744,
    0.08381152418126425,
    0.009364438547220088,
    0.04722575923457728,
    0.0738990057359101,
    0.13389289199352625,
    -0.09971045256568926,
    0.06677746275228483,
    -0.03795012614242195,
    0.013999949424028922,
    -0.12009331266660321,
    -0.0030359714156511976,
    0.05337297101104339,
    0.017103305883472943,
    -0.07968831814070831,
    0.06923746310929167,
    0.08966680847772275,
    0.08134408618145465,
    0.07347320068545314,
    0.12747978448686212
  ],
  "verdict_tier": "insufficient",
  "verdict_reason": "gap_closed_mean = 0.088 < 0.2",
  "command_invoked": "/home/sphere/GitHub/bucket-brigade/.venv/bin/python3 -m experiments.p3_specialization.train --scenario minimal_specialization --algorithm ppo --lambda-red 0.0 --seed 42 --output-dir experiments/p3_specialization/phase_diagram_ppo/cell_b0.90_k0.50_c0.50/seed_42 --num-iterations 50 --rollout-steps 2048 --prob-fire-spreads-to-neighbor 0.9 --prob-solo-agent-extinguishes-fire 0.5 --cost-to-work-one-night 0.5 && /home/sphere/GitHub/bucket-brigade/.venv/bin/python3 -m experiments.p3_specialization.train --scenario minimal_specialization --algorithm ppo --lambda-red 0.0 --seed 43 --output-dir experiments/p3_specialization/phase_diagram_ppo/cell_b0.90_k0.50_c0.50/seed_43 --num-iterations 50 --rollout-steps 2048 --prob-fire-spreads-to-neighbor 0.9 --prob-solo-agent-extinguishes-fire 0.5 --cost-to-work-one-night 0.5 && /home/sphere/GitHub/bucket-brigade/.venv/bin/python3 -m experiments.p3_specialization.train --scenario minimal_specialization --algorithm ppo --lambda-red 0.0 --seed 44 --output-dir experiments/p3_specialization/phase_diagram_ppo/cell_b0.90_k0.50_c0.50/seed_44 --num-iterations 50 --rollout-steps 2048 --prob-fire-spreads-to-neighbor 0.9 --prob-solo-agent-extinguishes-fire 0.5 --cost-to-work-one-night 0.5 && /home/sphere/GitHub/bucket-brigade/.venv/bin/python3 -m experiments.p3_specialization.train --scenario minimal_specialization --algorithm ppo --lambda-red 0.0 --seed 45 --output-dir experiments/p3_specialization/phase_diagram_ppo/cell_b0.90_k0.50_c0.50/seed_45 --num-iterations 50 --rollout-steps 2048 --prob-fire-spreads-to-neighbor 0.9 --prob-solo-agent-extinguishes-fire 0.5 --cost-to-work-one-night 0.5",
  "git_sha": "d65c90c9",
  "wall_clock_seconds": 468.2564624820079,
  "cell": {
    "beta": 0.9,
    "kappa": 0.5,
    "c": 0.5,
    "tag": "b0.90_k0.50_c0.50",
    "ne_verdict": "symmetric_only",
    "ne_verdict_detail": "Symmetric NE (-821.68) dominates best asymmetric NE (-876.56) by gap=54.88 > epsilon=50.0."
  },
  "rollout_steps": 2048,
  "sweep": "phase_diagram_ppo"
}