{
  "scenario": "asym_b05_k09_c05",
  "profile_label": "firefighter(d=0.00) | hero(d=0.00) | hero(d=0.00) | firefighter(d=0.00)",
  "profile_genomes": [
    [
      1.0,
      0.9,
      0.5,
      0.8,
      0.5,
      0.7,
      0.1,
      0.0,
      0.0,
      0.8
    ],
    [
      1.0,
      1.0,
      1.0,
      0.5,
      0.1,
      0.5,
      0.0,
      0.9,
      0.0,
      1.0
    ],
    [
      1.0,
      1.0,
      1.0,
      0.5,
      0.1,
      0.5,
      0.0,
      0.9,
      0.0,
      1.0
    ],
    [
      1.0,
      0.9,
      0.5,
      0.8,
      0.5,
      0.7,
      0.1,
      0.0,
      0.0,
      0.8
    ]
  ],
  "epsilon": 50.0,
  "num_simulations": 1000,
  "opt_simulations": 300,
  "seed": 42,
  "equilibrium_team_payoff": 58.6615,
  "equilibrium_per_position_payoffs": [
    -12.326,
    -7.768,
    92.832,
    161.908
  ],
  "positions_tested": [
    0,
    1,
    2,
    3
  ],
  "per_position": [
    {
      "position": 0,
      "equilibrium_payoff": -12.326,
      "best_response_payoff": 52.986666666666665,
      "gap": 65.31266666666667,
      "exploitable_flag": true,
      "best_response_closest_archetype": "firefighter(d=0.00)",
      "best_response_genome": [
        1.0,
        0.9,
        0.5,
        0.8,
        0.5,
        0.7,
        0.1,
        0.0,
        0.0,
        0.8
      ],
      "elapsed_seconds": 3.386568069458008
    },
    {
      "position": 1,
      "equilibrium_payoff": -7.768,
      "best_response_payoff": 71.295,
      "gap": 79.063,
      "exploitable_flag": true,
      "best_response_closest_archetype": "firefighter(d=0.00)",
      "best_response_genome": [
        1.0,
        0.9,
        0.5,
        0.8,
        0.5,
        0.7,
        0.1,
        0.0,
        0.0,
        0.8
      ],
      "elapsed_seconds": 2.504554033279419
    },
    {
      "position": 2,
      "equilibrium_payoff": 92.832,
      "best_response_payoff": 129.55833333333334,
      "gap": 36.72633333333334,
      "exploitable_flag": false,
      "best_response_closest_archetype": "firefighter(d=0.00)",
      "best_response_genome": [
        1.0,
        0.9,
        0.5,
        0.8,
        0.5,
        0.7,
        0.1,
        0.0,
        0.0,
        0.8
      ],
      "elapsed_seconds": 2.2679951190948486
    },
    {
      "position": 3,
      "equilibrium_payoff": 161.908,
      "best_response_payoff": 178.99,
      "gap": 17.082000000000022,
      "exploitable_flag": false,
      "best_response_closest_archetype": "liar(d=0.00)",
      "best_response_genome": [
        0.1,
        0.7,
        0.0,
        0.9,
        0.2,
        0.8,
        0.3,
        0.0,
        0.4,
        0.2
      ],
      "elapsed_seconds": 1.4177262783050537
    }
  ],
  "any_exploitable": true,
  "elapsed_seconds": 9.601433992385864,
  "smoke_test": false
}