{
  "trainer": "hca",
  "scenario": "minimal_specialization",
  "seeds": [
    42,
    43,
    44
  ],
  "num_iterations": 50,
  "n_seeds_completed": 3,
  "n_seeds_failed": 0,
  "failed_seeds": [],
  "gap_closed_mean": 0.07320346217314033,
  "gap_closed_std": 0.12593507397537304,
  "gap_closed_per_seed": [
    -0.09516791222391471,
    0.20766612718964197,
    0.10711217155369372
  ],
  "trailing5_team_mean": -82.91419270833335,
  "iter0_gap_closed_mean": 0.043338351263010895,
  "min_iter_gap_closed_mean": -0.2003659320258949,
  "mean_traj_gap_closed": [
    0.043338351263010964,
    0.04229708127062711,
    -0.06734121128458993,
    0.09963634885123118,
    0.015667840822543775,
    0.022835249270119228,
    0.050971851992891504,
    0.08869061785986289,
    0.052553590695608075,
    0.05072640978040102,
    -0.05972010662604723,
    -0.06936920855547102,
    0.022617078414572278,
    -0.044113452811627256,
    0.057983069941609594,
    -0.0024576946877380218,
    0.08080919570322422,
    0.0324893096280781,
    -0.017980055217060184,
    0.08717581794237121,
    0.056626939737242935,
    0.03700643802361003,
    0.08550730674028939,
    0.05477248746509257,
    0.016116578604975937,
    -0.03646011836760593,
    0.000529758504696534,
    -0.030353813626554906,
    0.03374627126174146,
    -0.06304225374460518,
    0.06956100057121094,
    0.0746409106054836,
    -0.010725874270119264,
    0.061525867129982134,
    0.10370473946433095,
    0.07157908098502162,
    -0.053616281099263856,
    0.12589618637344507,
    0.01907923965473461,
    0.017683442022086805,
    -0.08328255902513329,
    -0.0290894143500888,
    0.009742518723026204,
    0.0054733117542524025,
    -0.07187817339426245,
    -0.00849458142929672,
    0.06240102976643823,
    0.06080937420665149,
    0.1041956238893119,
    0.14710586443259707
  ],
  "verdict_tier": "insufficient",
  "verdict_reason": "gap_closed_mean = 0.073 < 0.2",
  "command_invoked": "/Users/rwalters/GitHub/bucket-brigade/.venv/bin/python3 -m experiments.p3_specialization.train --scenario minimal_specialization --lambda-red 0.0 --seed 42 --output-dir /Users/rwalters/GitHub/bucket-brigade/experiments/p3_specialization/tier1_runs/hca_minimal_specialization/seed_42 --num-iterations 50 --rollout-steps 2048 --use-hca && /Users/rwalters/GitHub/bucket-brigade/.venv/bin/python3 -m experiments.p3_specialization.train --scenario minimal_specialization --lambda-red 0.0 --seed 43 --output-dir /Users/rwalters/GitHub/bucket-brigade/experiments/p3_specialization/tier1_runs/hca_minimal_specialization/seed_43 --num-iterations 50 --rollout-steps 2048 --use-hca && /Users/rwalters/GitHub/bucket-brigade/.venv/bin/python3 -m experiments.p3_specialization.train --scenario minimal_specialization --lambda-red 0.0 --seed 44 --output-dir /Users/rwalters/GitHub/bucket-brigade/experiments/p3_specialization/tier1_runs/hca_minimal_specialization/seed_44 --num-iterations 50 --rollout-steps 2048 --use-hca",
  "git_sha": "734bec7e",
  "wall_clock_seconds": 3242.8552537499927
}