{
  "schema_version": 2,
  "trainer": "hca",
  "scenario": "minimal_specialization",
  "seeds": [
    42,
    43,
    44
  ],
  "num_iterations": 50,
  "n_seeds_completed": 3,
  "n_seeds_failed": 0,
  "failed_seeds": [],
  "gap_closed_mean": 0.0809876523705201,
  "gap_closed_std": 0.13932655218205664,
  "gap_closed_per_seed": [
    -0.1052877222362656,
    0.22974858864172557,
    0.11850209070610032
  ],
  "gap_source": "scenario",
  "scenario_random_baseline": -87.72,
  "scenario_reference": {
    "value": -28.38,
    "kind": "specialist_homogeneous",
    "reason": null,
    "provenance": "MINSPEC_RANDOM (issue #237 / PR #244, n=1000x5 seeds) and MINSPEC_SPECIALIST (issue #416 re-derivation, n=10000 at the canonical cell b=0.25 k=0.50 c=0.50)."
  },
  "uplift_over_random_mean": 4.805807291666663,
  "uplift_over_random_std": 8.267637606483241,
  "uplift_over_random_per_seed": [
    -6.247773437500001,
    13.633281249999996,
    7.031914062499993
  ],
  "gap_closed_minspec_legacy_mean": 0.0809876523705201,
  "trailing5_team_mean": -82.91419270833335,
  "iter0_gap_closed_mean": 0.04794679407510389,
  "min_iter_gap_closed_mean": -0.22167211724806202,
  "mean_traj_gap_closed": [
    0.04794679407510398,
    0.0467947992149759,
    -0.07450203102179524,
    0.11023131617936176,
    0.01733390208965283,
    0.025263466710201,
    0.05639201353780464,
    0.09812165592349172,
    0.058141948587237445,
    0.05612047189220302,
    -0.06607052578361983,
    -0.07674567815414007,
    0.025022096358555276,
    -0.04880431710622395,
    0.06414877892933384,
    -0.002719037011290885,
    0.0894021519702843,
    0.0359441047705313,
    -0.01989198896191441,
    0.09644577768649595,
    0.06264844276626219,
    0.04094156818756317,
    0.09459984306538588,
    0.06059679477727212,
    0.017830357017470006,
    -0.0403371548842826,
    0.0005860910993145847,
    -0.03358152788310296,
    0.037334727137400193,
    -0.06974593795640932,
    0.07695786463599594,
    0.0825779538464779,
    -0.011866424769688739,
    0.0680683042986742,
    0.11473232466857645,
    0.07919054038872042,
    -0.05931764162734534,
    0.13928352941382996,
    0.02110805667902473,
    0.019563834997472173,
    -0.09213852376137514,
    -0.032182676981518867,
    0.010778502766543145,
    0.006055323840018036,
    -0.07952143719806756,
    -0.009397864355128576,
    0.06903652855016296,
    0.06727562212111005,
    0.1152754079597797,
    0.16274856757667674
  ],
  "verdict_tier": "insufficient",
  "verdict_reason": "gap_closed_mean = 0.081 < 0.2",
  "command_invoked": "/Users/rwalters/GitHub/bucket-brigade/.venv/bin/python3 -m experiments.p3_specialization.train --scenario minimal_specialization --lambda-red 0.0 --seed 42 --output-dir /Users/rwalters/GitHub/bucket-brigade/experiments/p3_specialization/tier1_runs/hca_minimal_specialization/seed_42 --num-iterations 50 --rollout-steps 2048 --use-hca && /Users/rwalters/GitHub/bucket-brigade/.venv/bin/python3 -m experiments.p3_specialization.train --scenario minimal_specialization --lambda-red 0.0 --seed 43 --output-dir /Users/rwalters/GitHub/bucket-brigade/experiments/p3_specialization/tier1_runs/hca_minimal_specialization/seed_43 --num-iterations 50 --rollout-steps 2048 --use-hca && /Users/rwalters/GitHub/bucket-brigade/.venv/bin/python3 -m experiments.p3_specialization.train --scenario minimal_specialization --lambda-red 0.0 --seed 44 --output-dir /Users/rwalters/GitHub/bucket-brigade/experiments/p3_specialization/tier1_runs/hca_minimal_specialization/seed_44 --num-iterations 50 --rollout-steps 2048 --use-hca",
  "git_sha": "734bec7e",
  "wall_clock_seconds": 3242.8552537499927
}